Collision Id,	Report Number,	Report Version,	Is Preliminary,	NCIC Code,Crash Date Time,	Crash Time Description,	Beat,City Id,	City Code,	City Name,County Code,	City Is Active,	City Is Incorporated,	Collision Type Code,Collision Type Description,	Collision Type Other Desc,	Day Of Week,	DispatchNotified,	HasPhotographs,	HitRun,	IsAttachmentsMailed,	IsDeleted,	IsHighwayRelated,	IsTowAway,	JudicialDistrict,	MotorVehicleInvolvedWithCode,	MotorVehicleInvolvedWithDesc,MotorVehicleInvolvedWithOtherDesc,	NumberInjured,	NumberKilled,Weather 1, Weather 2, Road Condition 1, Road Condition 2, Special Condition,LightingCode, LightingDescription,Latitude,Longitude,MilepostDirection,MilepostDistance,MilepostMarker,MilepostUnitOfMeasure,	PedestrianActionCode,PedestrianActionDesc,PreparedDate,	Primary Collision Factor Code,Primary Collision Factor Violation,PrimaryCollisionFactorIsCited,	PrimaryCollisionPartyNumber,	PrimaryRoad,	ReportingDistrict,	ReportingDistrictCode,ReviewedDate,	RoadwaySurfaceCode,SecondaryDirection,	SecondaryDistance,	SecondaryRoad,	SecondaryUnitOfMeasure,	SketchDesc,	TrafficControlDeviceCode,CreatedDate,	ModifiedDate,IsCountyRoad,IsFreeway,CHP555Version,	IsAdditonalObjectStruck,NotificationDate,	NotificationTimeDescription,	HasDigitalMediaFiles,	EvidenceNumber,	IsLocationReferToNarrative,	IsAOIOneSameAsLocation
387128,9340-2017-12296,1,False,9340,1/31/2017 6:55:00 PM,1855,282,1368,4313,San Jose,43,True,True,C,REAR END,,Tuesday,NotApplicable,False,,,False,True,False,Santa Clara Superior,C,OTHER MOTOR VEHICLE,,0,0,CLEAR,, NO UNUSUAL CONDITIONS,, ,D,DARK-NO STREET LIGHTS,37.3167,-121.9482,,,,,A,NO PEDESTRIANS INVOLVED,1/31/2017 12:00:00 AM,A,22350,False,1.0,I-280 SB,,,2/7/2017 7:09:31 AM,A,N,500.0,SR-17,F,,A,2/7/2017 7:10:01 AM,2/7/2017 7:10:01 AM,,True,2,,,,,,,
387120,9340-2017-12200,1,False,9340,1/25/2017 2:00:00 PM,1400,083,1368,4313,San Jose,43,True,True,C,REAR END,,Wednesday,NotApplicable,False,M,,False,True,False,Santa Clara Superior,C,OTHER MOTOR VEHICLE,,0,0,CLEAR,, NO UNUSUAL CONDITIONS,, Late-Reported,A,DAYLIGHT,37.9999,-121.99999,,,,,A,NO PEDESTRIANS INVOLVED,1/25/2017 12:00:00 AM,A,22350,False,1.0,SR-85 S/B To Alamaden EXPRESSWAY,,,2/7/2017 6:59:32 AM,A,N,300.0,Almaden Expressway,F,,D,2/7/2017 7:00:10 AM,2/7/2017 7:00:10 AM,,True,2,,,,,,,
387106,9340-2017-11092,1,False,9340,1/10/2017 6:05:00 PM,1805,281,1368,4313,San Jose,43,True,True,B,SIDE SWIPE,,Tuesday,NotApplicable,False,M,,False,True,False,Santa Clara Superior,C,OTHER MOTOR VEHICLE,,0,0,CLEAR,RAINING, NO UNUSUAL CONDITIONS,, ,D,DARK-NO STREET LIGHTS,37.340321,-121.851063,,,,,A,NO PEDESTRIANS INVOLVED,1/10/2017 12:00:00 AM,A,21658(a),True,1.0,I-280 S/B,,,2/7/2017 6:47:16 AM,B,N,100.0,US-101,F,,D,2/7/2017 6:47:54 AM,2/7/2017 6:47:54 AM,,True,2,,,,,,,
386759,9340-2017-12286,1,False,9340,1/30/2017 6:10:00 PM,1810,087,1368,4313,San Jose,43,True,True,C,REAR END,,Monday,NotApplicable,False,,,False,True,False,Santa Clara Superior,C,OTHER MOTOR VEHICLE,,0,0,CLEAR,, NO UNUSUAL CONDITIONS,, ,C,DARK-STREET LIGHTS,37.18591,-121.53188,,,,,A,NO PEDESTRIANS INVOLVED,1/30/2017 12:00:00 AM,A,22350,False,1.0,SR-87 N/B,,,2/6/2017 1:59:15 PM,A,S,3000.0,I-280,F,,D,2/6/2017 2:00:00 PM,2/6/2017 2:00:00 PM,,True,2,,,,,,,
386658,9340-2017-12321,1,False,9340,2/1/2017 7:20:00 PM,1920,088,1368,4313,San Jose,43,True,True,C,REAR END,,Wednesday,Yes,True,,,False,True,False,Santa Clara Superior,C,OTHER MOTOR VEHICLE,,1,0,CLOUDY,, NO UNUSUAL CONDITIONS,, On-Duty Emergency Vehicle,C,DARK-STREET LIGHTS,37.19425,-121.56273,,,,,A,NO PEDESTRIANS INVOLVED,2/1/2017 12:00:00 AM,A,22350,False,2.0,I-880 N/B,,,2/6/2017 12:28:49 PM,A,N,1800.0,Stevens Creek Blvd,F,,D,2/6/2017 12:29:35 PM,2/6/2017 12:29:35 PM,,True,2,,,,,,,
386623,9340-2017-12317,1,False,9340,2/1/2017 5:05:00 PM,1705,281,1368,4313,San Jose,43,True,True,B,SIDE SWIPE,,Wednesday,NotApplicable,False,M,,False,True,False,Santa Clara Superior,C,OTHER MOTOR VEHICLE,,0,0,CLOUDY,, NO UNUSUAL CONDITIONS,, ,A,DAYLIGHT,37.325137,-121.886074,,,,,A,NO PEDESTRIANS INVOLVED,2/1/2017 12:00:00 AM,A,21658(a),True,1.0,i 280 n/b,,,2/6/2017 11:58:07 AM,A,S,750.0,SR-87,F,,D,2/6/2017 11:58:45 AM,2/6/2017 11:58:45 AM,,True,2,,,,,,,
386460,9340-2017-12319,1,False,9340,2/1/2017 5:05:00 PM,1705,520,1368,4313,San Jose,43,True,True,B,SIDE SWIPE,,Wednesday,NotApplicable,False,M,,False,False,False,Santa Clara Superior,C,OTHER MOTOR VEHICLE,,0,0,CLEAR,, NO UNUSUAL CONDITIONS,, ,A,DAYLIGHT,37.31615,-121.96406,,,,,A,NO PEDESTRIANS INVOLVED,2/1/2017 12:00:00 AM,A,21658A,False,1.0,SAN TOMAS EXPRESSWAY S/B,,,2/6/2017 10:11:11 AM,A,N,30.0,Moorpark Ave,F,,D,2/6/2017 10:11:42 AM,2/6/2017 10:11:42 AM,,,2,,,,,,,
386431,9340-2017-12289,1,False,9340,1/31/2017 5:56:00 AM,556,240,1368,4313,San Jose,43,True,True,D,BROADSIDE,,Tuesday,NotApplicable,False,,,False,True,True,Santa Clara Superior,C,OTHER MOTOR VEHICLE,,2,0,CLEAR,, NO UNUSUAL CONDITIONS,, ,D,DARK-NO STREET LIGHTS,37.42175,-121.93276,,,,,A,NO PEDESTRIANS INVOLVED,1/31/2017 12:00:00 AM,A,22107,False,1.0,SR-237 E/B,,,2/6/2017 9:48:35 AM,A,E,2137.0,Zanker Rd,F,,D,2/6/2017 9:49:20 AM,2/6/2017 9:49:20 AM,,True,2,,,,,,,
386423,9340-2017-12305,1,False,9340,2/1/2017 7:28:00 AM,728,089,1368,4313,San Jose,43,True,True,C,REAR END,,Wednesday,Yes,False,,,False,True,True,Santa Clara Superior,C,OTHER MOTOR VEHICLE,,1,0,CLEAR,, NO UNUSUAL CONDITIONS,, ,A,DAYLIGHT,37.32694,-121.94106,,,,,A,NO PEDESTRIANS INVOLVED,2/1/2017 12:00:00 AM,A,22350,False,1.0,I-880 S/B,,,2/6/2017 9:41:51 AM,A,N,1300.0,Stevens Creek Blvd,F,,D,2/6/2017 9:42:34 AM,2/6/2017 9:42:34 AM,,True,2,,,,,,,
386413,9340-2017-12295,1,False,9340,1/31/2017 3:05:00 PM,1505,282,1368,4313,San Jose,43,True,True,C,REAR END,,Tuesday,NotApplicable,False,,,False,True,True,Santa Clara Superior,C,OTHER MOTOR VEHICLE,,0,0,CLEAR,, NO UNUSUAL CONDITIONS,, ,A,DAYLIGHT,37.3206,-121.9955,,,,,A,NO PEDESTRIANS INVOLVED,1/31/2017 12:00:00 AM,A,22350,False,1.0,I-280 SB,,,2/6/2017 9:37:17 AM,A,N,1.0,Saratoga Ave,M,,D,2/6/2017 9:38:00 AM,2/6/2017 9:38:00 AM,,True,2,,,,,,,
386394,9340-2017-12244,1,False,9340,1/28/2017 2:30:00 PM,1430,281,1368,4313,San Jose,43,True,True,C,REAR END,,Saturday,NotApplicable,False,M,,False,True,True,SANTA CLARA,C,OTHER MOTOR VEHICLE,,0,0,CLEAR,, NO UNUSUAL CONDITIONS,, ,A,DAYLIGHT,37.1958,-121.5147,,,,,A,NO PEDESTRIANS INVOLVED,1/28/2017 12:00:00 AM,A,22350,False,1.0,I-280 S/B,,,2/6/2017 9:20:05 AM,A,N,1000.0,MCLAUGHLIN AVENUE,F,,D,2/6/2017 9:20:55 AM,2/6/2017 9:20:55 AM,,True,2,,,,,,,
386358,9340-2017-12385,1,False,9340,2/4/2017 2:09:00 AM,209,281,1368,4313,San Jose,43,True,True,E,HIT OBJECT,,Saturday,Yes,False,,,False,True,True,Santa Clara Superior,I,FIXED OBJECT,CONCRETE SOUND WALL,1,0,CLOUDY,, NO UNUSUAL CONDITIONS,, ,C,DARK-STREET LIGHTS,37.3229,-121.939,,,,,A,NO PEDESTRIANS INVOLVED,2/4/2017 12:00:00 AM,A,23152(a),True,1.0,I-280 N/B TO STEVENS CREEK BLVD,,,2/6/2017 8:44:39 AM,B,S,100.0,Stevens Creek Blvd,F,,A,2/6/2017 8:45:21 AM,2/6/2017 8:45:21 AM,,True,2,,,,,,,
386337,9340-2017-12297,1,False,9340,1/31/2017 7:05:00 PM,1905,282,1368,4313,San Jose,43,True,True,C,REAR END,,Tuesday,NotApplicable,False,,,False,True,True,Santa Clara Superior,C,OTHER MOTOR VEHICLE,,2,0,CLEAR,, NO UNUSUAL CONDITIONS,, ,A,DAYLIGHT,37.1971,-121.5927,,,,,A,NO PEDESTRIANS INVOLVED,1/31/2017 12:00:00 AM,A,22350,False,1.0,I-280 N/B,,,2/6/2017 8:32:16 AM,A,S,1000.0,Lawrence Expy,F,,D,2/6/2017 8:32:52 AM,2/6/2017 8:32:52 AM,,True,2,,,,,,,
386323,9340-2017-12277,1,False,9340,1/30/2017 6:40:00 PM,1840,281,1368,4313,San Jose,43,True,True,B,SIDE SWIPE,,Monday,NotApplicable,False,M,,False,True,False,Santa Clara Superior,C,OTHER MOTOR VEHICLE,,0,0,CLEAR,, NO UNUSUAL CONDITIONS,, ,D,DARK-NO STREET LIGHTS,37.19359,-121.56761,,,,,A,NO PEDESTRIANS INVOLVED,1/30/2017 12:00:00 AM,A,22107,False,1.0,I-280 N/B TO SR-17 S/B,,,2/6/2017 8:23:19 AM,A,S,1350.0,I-880,F,,D,2/6/2017 8:23:49 AM,2/6/2017 8:23:49 AM,,True,2,,,,,,,
386202,9340-2017-12247,1,False,9340,1/28/2017 5:50:00 PM,1750,110,1368,4313,San Jose,43,True,True,C,REAR END,,Saturday,NotApplicable,False,,,False,True,True,Santa Clara Superior,C,OTHER MOTOR VEHICLE,,0,0,CLEAR,, NO UNUSUAL CONDITIONS,, ,C,DARK-STREET LIGHTS,37.30886,-121.82189,,,,,A,NO PEDESTRIANS INVOLVED,1/28/2017 12:00:00 AM,A,22350,False,1.0,US101 N/B,,,2/6/2017 6:55:50 AM,A,S,1000.0,Tully Rd,F,,D,2/6/2017 6:56:24 AM,2/6/2017 6:56:24 AM,,True,2,,,,,,,
386186,9340-2017-12252,1,False,9340,1/27/2017 10:55:00 PM,2255,281,1368,4313,San Jose,43,True,True,C,REAR END,,Friday,NotApplicable,False,,,False,True,True,Santa Clara Superior,C,OTHER MOTOR VEHICLE,,1,0,CLEAR,, NO UNUSUAL CONDITIONS,, ,C,DARK-STREET LIGHTS,37.2031,-121.51405,,,,,A,NO PEDESTRIANS INVOLVED,1/27/2017 12:00:00 AM,A,22350 VC,False,1.0,I-280 N/B,,,2/6/2017 6:24:04 AM,A,N,0.3,McLaughlin Ave,M,,D,2/6/2017 6:24:49 AM,2/6/2017 6:24:49 AM,,True,2,,,,,,,
386182,9340-2017-12253,1,False,9340,1/27/2017 11:25:00 PM,2325,087,1368,4313,San Jose,43,True,True,C,REAR END,,Friday,Yes,False,M,,False,True,True,Santa Clara Superior,C,OTHER MOTOR VEHICLE,,0,0,CLEAR,, NO UNUSUAL CONDITIONS,, ,D,DARK-NO STREET LIGHTS,37.18139,-121.52416,,,,,A,NO PEDESTRIANS INVOLVED,1/27/2017 12:00:00 AM,A,23152(a),True,1.0,SR-87 N/B,,,2/6/2017 6:12:50 AM,A,N,800.0,Almaden Expy,F,,D,2/6/2017 6:13:29 AM,2/6/2017 6:13:29 AM,,True,2,,,,,,,
385701,9340-2017-12359,1,False,9340,2/3/2017 5:40:00 AM,540,282,1368,4313,San Jose,43,True,True,E,HIT OBJECT,,Friday,NotApplicable,False,,,False,True,True,Santa Clara Superior,I,FIXED OBJECT,Concrete barrier,1,0,CLOUDY,RAINING, NO UNUSUAL CONDITIONS,, ,C,DARK-STREET LIGHTS,37.316392,-121.965837,S,1500.0,280 SCL 5.949,F,A,NO PEDESTRIANS INVOLVED,2/3/2017 12:00:00 AM,A,22350,False,1.0,I-280 N/B,,,2/3/2017 2:20:26 PM,B,S,1500.0,Saratoga Avenue,F,,D,2/3/2017 2:21:08 PM,2/3/2017 2:21:08 PM,,True,2,,,,,,,
385595,9340-2017-12288,1,False,9340,1/31/2017 5:55:00 AM,555,240,1368,4313,San Jose,43,True,True,C,REAR END,,Tuesday,NotApplicable,False,,,False,True,True,Santa Clara Superior,C,OTHER MOTOR VEHICLE,,0,0,CLEAR,, NO UNUSUAL CONDITIONS,, ,C,DARK-STREET LIGHTS,37.42175,-121.93276,,,,,A,NO PEDESTRIANS INVOLVED,1/31/2017 12:00:00 AM,A,22350,False,1.0,SR-237 E/B,,,2/3/2017 1:06:27 PM,A,E,2112.0,Zanker Rd,F,,D,2/3/2017 1:07:31 PM,2/3/2017 1:07:31 PM,,True,2,,,,,,,
385434,9340-2017-12300,1,False,9340,1/31/2017 7:20:00 PM,1920,282,1368,4313,San Jose,43,True,True,C,REAR END,,Tuesday,NotApplicable,False,,,False,True,False,Santa Clara Superior,C,OTHER MOTOR VEHICLE,,1,0,CLEAR,, NO UNUSUAL CONDITIONS,, ,C,DARK-STREET LIGHTS,37.19178,-121.58312,,,,,A,NO PEDESTRIANS INVOLVED,1/31/2017 12:00:00 AM,A,22350,True,1.0,I-280 S/B,,,2/3/2017 10:10:36 AM,A,N,5.0,Saratoga Ave,F,,D,2/3/2017 10:11:12 AM,2/3/2017 10:11:12 AM,,True,2,,,,,,,
385369,9340-2017-12259,1,False,9340,1/30/2017 2:40:00 AM,240,281,1368,4313,San Jose,43,True,True,B,SIDE SWIPE,,Monday,NotApplicable,False,,,False,True,True,Santa Clara Superior,C,OTHER MOTOR VEHICLE,,0,0,CLEAR,, NO UNUSUAL CONDITIONS,, ,C,DARK-STREET LIGHTS,37.317833,-121.939406,,,,,A,NO PEDESTRIANS INVOLVED,1/30/2017 12:00:00 AM,C,,,,I-280 NB TO SR-17 SB,,,2/3/2017 9:14:23 AM,A,S,134.0,SR-17,F,,D,2/3/2017 9:14:53 AM,2/3/2017 9:14:53 AM,,True,2,,,,,,,
385366,9340-2017-12302,1,False,9340,1/31/2017 10:15:00 PM,2215,088,1368,4313,San Jose,43,True,True,C,REAR END,,Tuesday,NotApplicable,False,,,False,True,True,Santa Clara Superior,C,OTHER MOTOR VEHICLE,,0,0,CLOUDY,, CONSTRUCTION-REPAIR ZONE,, ,D,DARK-NO STREET LIGHTS,37.3373,-121.9327,,,,,A,NO PEDESTRIANS INVOLVED,1/31/2017 12:00:00 AM,A,22350,False,1.0,I-880 S/B,,,2/3/2017 9:10:37 AM,A,N,500.0,Bascom Ave,F,,D,2/3/2017 9:11:11 AM,2/3/2017 9:11:11 AM,,True,2,,,,,,,
385348,9340-2017-12245,1,False,9340,1/28/2017 6:05:00 PM,1805,681,1368,4313,San Jose,43,True,True,C,REAR END,,Saturday,NotApplicable,False,F,,False,True,False,Santa Clara Superior,C,OTHER MOTOR VEHICLE,,7,0,CLEAR,, NO UNUSUAL CONDITIONS,, ,D,DARK-NO STREET LIGHTS,37.34191,-121.84922,,,,,A,NO PEDESTRIANS INVOLVED,1/28/2017 12:00:00 AM,A,22350,False,1.0,I-680 S/B TO US-101 S/B,,,2/3/2017 8:58:12 AM,A,S,900.0,KING ROAD,F,,D,2/3/2017 8:58:59 AM,2/3/2017 8:58:59 AM,,True,2,,,,,,,
385329,9340-2017-12329,1,False,9340,1/30/2017 2:35:00 PM,1435,083,1368,4313,San Jose,43,True,True,B,SIDE SWIPE,,Monday,NotApplicable,False,,,False,True,True,Santa Clara Superior,C,OTHER MOTOR VEHICLE,,0,0,CLEAR,, NO UNUSUAL CONDITIONS,, ,A,DAYLIGHT,37.25227,-121.93876,N,0.4,85 SCL 9.277,M,A,NO PEDESTRIANS INVOLVED,1/30/2017 12:00:00 AM,A,21658(a),False,1.0,SR-85 S/B,,,2/3/2017 8:38:29 AM,A,N,0.4,Union Avenue,M,,D,2/3/2017 8:39:03 AM,2/3/2017 8:39:03 AM,,True,2,,,,,,,
385283,9725-2017-00149,1,False,9725,1/24/2017 4:15:00 PM,1615,015,1368,4313,San Jose,43,True,True,C,REAR END,,Tuesday,NotApplicable,False,M,,False,True,False,Santa Clara Superior,C,OTHER MOTOR VEHICLE,,0,0,CLEAR,, NO UNUSUAL CONDITIONS,, ,A,DAYLIGHT,37.2431,-121.7729,,,,,A,NO PEDESTRIANS INVOLVED,1/24/2017 12:00:00 AM,A,22106,False,2.0,US-101 S/B TO BERNAL ROAD W/B,,,2/3/2017 7:58:48 AM,A,N,20.0,Bernal ROAd,F,,D,2/3/2017 7:59:38 AM,2/3/2017 7:59:38 AM,,True,2,,,,,,,
385257,9340-2017-12188,1,False,9340,1/25/2017 11:40:00 AM,1140,230,1368,4313,San Jose,43,True,True,E,HIT OBJECT,,Wednesday,NotApplicable,False,,,False,True,True,Santa Clara Superior,I,FIXED OBJECT,WALL,0,0,CLEAR,, NO UNUSUAL CONDITIONS,, ,A,DAYLIGHT,37.4107,-121.9912,,,,,A,NO PEDESTRIANS INVOLVED,1/25/2017 12:00:00 AM,A,22107,False,1.0,SR-237 E/B,,,2/3/2017 7:21:51 AM,A,W,2500.0,Great America Pky,F,,D,2/3/2017 7:28:45 AM,2/3/2017 7:28:45 AM,,True,2,,,,,,,
384886,9340-2017-12056,1,False,9340,1/18/2017 9:50:00 PM,2150,681,1368,4313,San Jose,43,True,True,B,SIDE SWIPE,,Wednesday,NotApplicable,False,,,False,True,True,Santa Clara Superior,C,OTHER MOTOR VEHICLE,,0,0,RAINING,, FLOODED*,, ,C,DARK-STREET LIGHTS,37.376414,-121.854807,,,,,A,NO PEDESTRIANS INVOLVED,1/18/2017 12:00:00 AM,A,22350,False,1.0,I-680 N/B,,,2/2/2017 2:18:20 PM,B,S,80.0,Mabury Rd,F,,D,2/2/2017 2:18:57 PM,2/2/2017 2:18:57 PM,,True,2,,,,,,,
384848,9340-2017-12325,1,False,9340,2/2/2017 1:20:00 AM,120,087,1368,4313,San Jose,43,True,True,C,REAR END,,Thursday,NotApplicable,False,M,,False,True,False,Santa Clara Superior,C,OTHER MOTOR VEHICLE,,0,0,RAINING,, NO UNUSUAL CONDITIONS,, ,C,DARK-STREET LIGHTS,37.33118,-121.89652,,,,,A,NO PEDESTRIANS INVOLVED,2/2/2017 12:00:00 AM,A,22350,False,1.0,SR-87 N/B,,,2/2/2017 2:03:38 PM,B,S,500.0,Santa Clara St,F,,D,2/2/2017 2:04:08 PM,2/2/2017 2:04:08 PM,,True,2,,,,,,,
384837,9340-2017-12331,1,False,9340,2/2/2017 6:50:00 AM,650,110,1368,4313,San Jose,43,True,True,C,REAR END,,Thursday,NotApplicable,False,,,False,True,False,Santa Clara Superior,C,OTHER MOTOR VEHICLE,,1,0,CLOUDY,, NO UNUSUAL CONDITIONS,, ,A,DAYLIGHT,37.3414,-121.8535,,,,,A,NO PEDESTRIANS INVOLVED,2/2/2017 12:00:00 AM,A,22350,False,1.0,US101 N/B,,,2/2/2017 1:58:12 PM,B,N,2000.0,Capitol Expy,F,,D,2/2/2017 1:58:47 PM,2/2/2017 1:58:47 PM,,True,2,,,,,,,
384829,9340-2017-12330,1,False,9340,2/2/2017 9:20:00 AM,920,085,1368,4313,San Jose,43,True,True,C,REAR END,,Thursday,NotApplicable,False,,,False,True,True,Santa Clara Superior,C,OTHER MOTOR VEHICLE,,0,0,CLOUDY,RAINING, NO UNUSUAL CONDITIONS,, ,A,DAYLIGHT,37.25745,-121.960669,S,1000.0,85 SCL R10.997,F,A,NO PEDESTRIANS INVOLVED,2/2/2017 12:00:00 AM,A,22350,False,2.0,SR-85 N/B,,,2/2/2017 1:55:01 PM,B,S,1000.0,Winchester Blvd,F,,D,2/2/2017 1:55:30 PM,2/2/2017 1:55:30 PM,,True,2,,,,,,,
384817,9340-2017-12257,1,False,9340,1/29/2017 4:38:00 PM,1638,281,1368,4313,San Jose,43,True,True,B,SIDE SWIPE,,Sunday,NotApplicable,False,,,False,True,True,Santa Clara Superior,C,OTHER MOTOR VEHICLE,,0,0,CLEAR,, NO UNUSUAL CONDITIONS,, ,A,DAYLIGHT,37.33915,-121.85323,,,,,A,NO PEDESTRIANS INVOLVED,1/29/2017 12:00:00 AM,A,21658(a),False,1.0,I-280 N/B,,,2/2/2017 1:51:33 PM,A,N,200.0,US-101,F,,D,2/2/2017 1:52:23 PM,2/2/2017 1:52:23 PM,,True,2,,,,,,,
384812,9340-2017-12250,1,False,9340,1/28/2017 6:00:00 PM,1800,281,1368,4313,San Jose,43,True,True,C,REAR END,,Saturday,NotApplicable,False,,,False,True,True,Santa Clara Superior,C,OTHER MOTOR VEHICLE,,0,0,CLEAR,, NO UNUSUAL CONDITIONS,, ,D,DARK-NO STREET LIGHTS,37.3294,-121.86963,,,,,A,NO PEDESTRIANS INVOLVED,1/28/2017 12:00:00 AM,A,22350,False,1.0,I-280 N/B,,,2/2/2017 1:48:09 PM,A,S,500.0,10th St,F,,D,2/2/2017 1:48:44 PM,2/2/2017 1:48:44 PM,,True,2,,,,,,,
384763,9340-2017-12328,1,False,9340,2/2/2017 10:50:00 AM,1050,281,1368,4313,San Jose,43,True,True,C,REAR END,,Thursday,NotApplicable,False,,,False,True,True,Santa Clara Superior,C,OTHER MOTOR VEHICLE,,0,0,CLOUDY,, NO UNUSUAL CONDITIONS,, ,A,DAYLIGHT,37.317009,-121.92366,S,500.0,280 SCL 10.111,F,A,NO PEDESTRIANS INVOLVED,2/2/2017 12:00:00 AM,A,22350,False,1.0,I-280 N/B,,,2/2/2017 1:01:35 PM,B,S,500.0,Leigh Ave,F,SEE PAGE 4.,D,2/2/2017 1:04:26 PM,2/2/2017 1:04:26 PM,,True,2,,,,,,,
384757,9340-2017-12318,1,False,9340,2/1/2017 7:48:00 PM,1948,230,1368,4313,San Jose,43,True,True,C,REAR END,,Wednesday,NotApplicable,False,,,False,True,True,Santa Clara,C,OTHER MOTOR VEHICLE,,0,0,CLOUDY,, NO UNUSUAL CONDITIONS,, ,C,DARK-STREET LIGHTS,37.41444,-121.97997,,,,,A,NO PEDESTRIANS INVOLVED,2/1/2017 12:00:00 AM,A,22350,False,1.0,SR-237 E/B,,,2/2/2017 1:00:30 PM,A,E,750.0,Great America Parkway,F,,D,2/2/2017 1:01:07 PM,2/2/2017 1:01:07 PM,,True,2,,,,,,,
384743,9340-2017-12309,1,False,9340,2/1/2017 9:00:00 AM,900,281,1368,4313,San Jose,43,True,True,C,REAR END,,Wednesday,NotApplicable,False,,,False,True,False,Santa Clara Superior,C,OTHER MOTOR VEHICLE,,0,0,CLEAR,, NO UNUSUAL CONDITIONS,, ,A,DAYLIGHT,37.316438,-121.906283,,,,,A,NO PEDESTRIANS INVOLVED,2/1/2017 12:00:00 AM,A,22350,False,1.0,I-280 N/B,,,2/2/2017 12:47:16 PM,A,S,1500.0,RACE ST O/C,F,,D,2/2/2017 12:47:46 PM,2/2/2017 12:47:46 PM,,True,2,,,,,,,
384734,9340-2017-12298,1,False,9340,1/31/2017 2:10:00 PM,1410,110,1368,4313,San Jose,43,True,True,E,HIT OBJECT,,Tuesday,Yes,False,,,False,True,True,Santa Clara Superior,I,FIXED OBJECT,TREE,0,0,CLEAR,, NO UNUSUAL CONDITIONS,, ,A,DAYLIGHT,37.33531,-121.8501,,,,,A,NO PEDESTRIANS INVOLVED,1/31/2017 12:00:00 AM,A,22107,False,1.0,US-101 S/B (TO STORY RD),,,2/2/2017 12:36:45 PM,A,N,1000.0,STORY ROAD,F,,D,2/2/2017 12:37:19 PM,2/2/2017 12:37:19 PM,,True,2,,,,,,,
384703,9340-2017-12303,1,False,9340,2/1/2017 1:00:00 AM,100,120,1368,4313,San Jose,43,True,True,C,REAR END,,Wednesday,NotApplicable,False,,,False,True,False,Santa Clara Superior,C,OTHER MOTOR VEHICLE,,0,0,CLEAR,, NO UNUSUAL CONDITIONS,, ,D,DARK-NO STREET LIGHTS,37.6222,-121.94002,,,,,A,NO PEDESTRIANS INVOLVED,2/1/2017 12:00:00 AM,A,22350,False,1.0,U.S.101 S/B,,,2/2/2017 12:13:38 PM,A,N,300.0,De la Cruz Blvd,F,,D,2/2/2017 12:14:09 PM,2/2/2017 12:14:09 PM,,True,2,,,,,,,
384699,9340-2017-12316,1,False,9340,2/1/2017 7:19:00 PM,1919,088,1368,4313,San Jose,43,True,True,C,REAR END,,Wednesday,NotApplicable,False,,,False,True,True,Santa Clara Superior,C,OTHER MOTOR VEHICLE,,0,0,CLEAR,, NO UNUSUAL CONDITIONS,, ,D,DARK-NO STREET LIGHTS,,,,,,,A,NO PEDESTRIANS INVOLVED,2/1/2017 12:00:00 AM,A,22350,False,1.0,I-880 S/B,,,2/2/2017 12:10:57 PM,A,N,400.0,Stevens Creek Blvd,F,,D,2/2/2017 12:11:33 PM,2/2/2017 12:11:33 PM,,True,2,,,,,,,
384693,9340-2017-12315,1,False,9340,2/1/2017 5:35:00 PM,1735,087,1368,4313,San Jose,43,True,True,C,REAR END,,Wednesday,NotApplicable,False,,,False,True,False,Santa Clara Superior,C,OTHER MOTOR VEHICLE,,0,0,CLOUDY,, NO UNUSUAL CONDITIONS,, ,D,DARK-NO STREET LIGHTS,37.99999,-121.9999,,,,,A,NO PEDESTRIANS INVOLVED,2/1/2017 12:00:00 AM,A,22350,False,1.0,SR-87 S/B,,,2/2/2017 12:06:45 PM,A,S,100.0,Almaden Expy,F,,D,2/2/2017 12:07:14 PM,2/2/2017 12:07:14 PM,,True,2,,,,,,,
384688,9340-2017-12311,1,False,9340,2/1/2017 9:14:00 AM,914,088,1368,4313,San Jose,43,True,True,B,SIDE SWIPE,,Wednesday,NotApplicable,False,,,False,True,True,Santa Clara Superior,C,OTHER MOTOR VEHICLE,,0,0,CLEAR,, NO UNUSUAL CONDITIONS,, ,A,DAYLIGHT,37.3347,-121.9362,,,,,A,NO PEDESTRIANS INVOLVED,2/1/2017 12:00:00 AM,A,21658(a),False,1.0,I-880 N/B,,,2/2/2017 12:03:28 PM,A,S,1000.0,Bascom Ave,F,,D,2/2/2017 12:03:57 PM,2/2/2017 12:03:57 PM,,True,2,,,,,,,
384639,9340-2017-12287,1,False,9340,1/30/2017 3:50:00 PM,1550,087,1368,4313,San Jose,43,True,True,C,REAR END,,Monday,NotApplicable,False,,,False,True,True,Santa Clara Superior,C,OTHER MOTOR VEHICLE,,1,0,CLEAR,, NO UNUSUAL CONDITIONS,, ,A,DAYLIGHT,37.1744,-121.5223,,,,,A,NO PEDESTRIANS INVOLVED,1/30/2017 12:00:00 AM,A,22350,False,1.0,SR-87 N/B,,,2/2/2017 11:27:26 AM,A,N,300.0,Curtner Ave,F,,D,2/2/2017 11:28:00 AM,2/2/2017 11:28:00 AM,,True,2,,,,,,,