Collision Id,	Report Number,	Report Version,	Is Preliminary,	NCIC Code,Crash Date Time,	Crash Time Description,	Beat,City Id,	City Code,	City Name,County Code,	City Is Active,	City Is Incorporated,	Collision Type Code,Collision Type Description,	Collision Type Other Desc,	Day Of Week,	DispatchNotified,	HasPhotographs,	HitRun,	IsAttachmentsMailed,	IsDeleted,	IsHighwayRelated,	IsTowAway,	JudicialDistrict,	MotorVehicleInvolvedWithCode,	MotorVehicleInvolvedWithDesc,MotorVehicleInvolvedWithOtherDesc,	NumberInjured,	NumberKilled,Weather 1, Weather 2, Road Condition 1, Road Condition 2, Special Condition,LightingCode, LightingDescription,Latitude,Longitude,MilepostDirection,MilepostDistance,MilepostMarker,MilepostUnitOfMeasure,	PedestrianActionCode,PedestrianActionDesc,PreparedDate,	Primary Collision Factor Code,Primary Collision Factor Violation,PrimaryCollisionFactorIsCited,	PrimaryCollisionPartyNumber,	PrimaryRoad,	ReportingDistrict,	ReportingDistrictCode,ReviewedDate,	RoadwaySurfaceCode,SecondaryDirection,	SecondaryDistance,	SecondaryRoad,	SecondaryUnitOfMeasure,	SketchDesc,	TrafficControlDeviceCode,CreatedDate,	ModifiedDate,IsCountyRoad,IsFreeway,CHP555Version,	IsAdditonalObjectStruck,NotificationDate,	NotificationTimeDescription,	HasDigitalMediaFiles,	EvidenceNumber,	IsLocationReferToNarrative,	IsAOIOneSameAsLocation
394670,9340-2017-12477,1,False,9340,2/11/2017 2:24:00 AM,224,110,1368,4313,San Jose,43,True,True,C,REAR END,,Saturday,Yes,True,,,False,True,True,Santa Clara Superior,C,OTHER MOTOR VEHICLE,,2,0,CLEAR,, CONSTRUCTION-REPAIR ZONE,, On-Duty Emergency Vehicle,C,DARK-STREET LIGHTS,37.347392,-121.859675,,,,,A,NO PEDESTRIANS INVOLVED,2/11/2017 12:00:00 AM,A,23152(a),True,2.0,US101 S/B,,,2/16/2017 10:45:42 AM,A,S,698.0,Alum Rock Ave,F,,A,2/16/2017 10:46:36 AM,2/16/2017 10:46:36 AM,,True,2,,,,,,,
394596,9340-2017-12466,2,False,9340,2/10/2017 2:15:00 PM,1415,282,1368,4313,San Jose,43,True,True,C,REAR END,,Friday,Yes,False,,,False,True,True,Santa Clara Superior,C,OTHER MOTOR VEHICLE,,2,0,CLOUDY,, NO UNUSUAL CONDITIONS,, ,A,DAYLIGHT,37.31621,-121.96042,,,,,A,NO PEDESTRIANS INVOLVED,2/10/2017 12:00:00 AM,A,22350,False,1.0,I-280 S/B,,,4/26/2017 8:28:58 AM,A,S,3000.0,SARATOGA AVE.,F,,D,2/16/2017 9:52:08 AM,4/26/2017 8:29:10 AM,,True,2,,,,,,,
394429,9340-2017-12399,1,False,9340,2/4/2017 9:20:00 PM,2120,681,1368,4313,San Jose,43,True,True,C,REAR END,,Saturday,Yes,False,,,False,True,True,Santa Clara Superior,C,OTHER MOTOR VEHICLE,,5,0,CLEAR,, NO UNUSUAL CONDITIONS,, ,D,DARK-NO STREET LIGHTS,37.3409,-121.8496,,,,,A,NO PEDESTRIANS INVOLVED,2/4/2017 12:00:00 AM,A,22107,False,1.0,I-680 N/B TO KING ROAD OFF RAMP,,,2/16/2017 7:35:10 AM,B,S,1280.0,KING ROAD,F,,D,2/16/2017 7:36:03 AM,2/16/2017 7:36:03 AM,,True,2,,,,,,,
393695,9340-2017-12511,1,False,9340,2/10/2017 1:30:00 PM,1330,088,1368,4313,San Jose,43,True,True,B,SIDE SWIPE,,Friday,NotApplicable,False,M,,False,True,False,Santa Clara Superior,C,OTHER MOTOR VEHICLE,,0,0,CLEAR,, NO UNUSUAL CONDITIONS,, ,A,DAYLIGHT,37.322368,-121.940725,,,,,A,NO PEDESTRIANS INVOLVED,2/10/2017 12:00:00 AM,A,22107 VC,False,1.0,INTERSTATE 880 SOUTHBOUND,,,2/15/2017 10:13:49 AM,A,S,300.0,STEVENS CREEK BOULEVARD,F,,D,2/15/2017 10:14:20 AM,2/15/2017 10:14:20 AM,,True,2,,,,,,,
393677,9340-2017-12478,1,False,9340,2/10/2017 7:30:00 PM,1930,088,1368,4313,San Jose,43,True,True,C,REAR END,,Friday,NotApplicable,False,,,False,True,True,Santa Clara Superior,C,OTHER MOTOR VEHICLE,,1,0,CLEAR,, NO UNUSUAL CONDITIONS,, ,D,DARK-NO STREET LIGHTS,37.327151,-121.940981,,,,,A,NO PEDESTRIANS INVOLVED,2/10/2017 12:00:00 AM,A,22350 VC,False,1.0,INTERSTATE 880 SOUTHBOUND,,,2/15/2017 10:04:37 AM,A,S,100.0,FOREST AVENUE,F,,D,2/15/2017 10:05:12 AM,2/15/2017 10:05:12 AM,,True,2,,,,,,,
393670,9340-2017-12497,1,False,9340,2/10/2017 6:45:00 PM,1845,110,1368,4313,San Jose,43,True,True,C,REAR END,,Friday,NotApplicable,False,,,False,True,False,Santa Clara Superior,C,OTHER MOTOR VEHICLE,,0,0,CLEAR,, NO UNUSUAL CONDITIONS,, ,D,DARK-NO STREET LIGHTS,,,,,,,A,NO PEDESTRIANS INVOLVED,2/10/2017 12:00:00 AM,A,22350,False,2.0,US-101 NORTHBOUND,,,2/15/2017 9:57:43 AM,A,N,0.3,TULLY ROAD O/C,M,,D,2/15/2017 9:58:18 AM,2/15/2017 9:58:18 AM,,True,2,,,,,,,
393669,9340-2017-12505,1,False,9340,2/10/2017 8:25:00 AM,825,087,1368,4313,San Jose,43,True,True,C,REAR END,,Friday,NotApplicable,False,,,False,True,False,Santa Clara Superior,C,OTHER MOTOR VEHICLE,,1,0,CLOUDY,RAINING, NO UNUSUAL CONDITIONS,, ,A,DAYLIGHT,37.29766,-121.872547,,,,,A,NO PEDESTRIANS INVOLVED,2/10/2017 12:00:00 AM,A,22350,False,1.0,SR-87 N/B,,,2/15/2017 9:56:49 AM,B,N,500.0,Curtner Ave,F,,D,2/15/2017 9:57:25 AM,2/15/2017 9:57:25 AM,,True,2,,,,,,,
393579,9340-2017-12446,1,False,9340,2/9/2017 2:20:00 PM,1420,282,1368,4313,San Jose,43,True,True,E,HIT OBJECT,,Thursday,NotApplicable,False,,,False,True,True,Santa Clara Superior,J,OTHER OBJECT,WOOD POST,0,0,RAINING,, NO UNUSUAL CONDITIONS,, ,A,DAYLIGHT,37.31795,-121.97755,,,,,A,NO PEDESTRIANS INVOLVED,2/9/2017 12:00:00 AM,A,22350,False,1.0,I-280 N/B,,,2/15/2017 8:57:07 AM,B,N,500.0,SARATOGA AVE.,F,,D,2/15/2017 8:57:47 AM,2/15/2017 8:57:47 AM,,True,2,,,,,,,
393547,9340-2017-12445,1,False,9340,2/9/2017 7:20:00 PM,1920,282,1368,4313,San Jose,43,True,True,E,HIT OBJECT,,Thursday,NotApplicable,False,,,False,True,True,Santa Clara Superior,I,FIXED OBJECT,CONCRETE WALL,1,0,RAINING,, NO UNUSUAL CONDITIONS,, ,D,DARK-NO STREET LIGHTS,37.31803,-121.978,,,,,A,NO PEDESTRIANS INVOLVED,2/9/2017 12:00:00 AM,A,22350,False,1.0,I-280 N/B,,,2/15/2017 8:43:33 AM,B,N,500.0,SARATOGA AVE.,F,,D,2/15/2017 8:44:08 AM,2/15/2017 8:44:08 AM,,True,2,,,,,,,
393527,9340-2017-12246,1,False,9340,1/28/2017 12:21:00 AM,21,089,1368,4313,San Jose,43,True,True,E,HIT OBJECT,,Saturday,Yes,False,,,False,True,True,Santa Clara Superior,I,FIXED OBJECT,CONCRETE DIVIDER WALL,0,0,CLEAR,, NO UNUSUAL CONDITIONS,, ,C,DARK-STREET LIGHTS,37.374,-121.9026,,,,,A,NO PEDESTRIANS INVOLVED,1/28/2017 12:00:00 AM,A,23152(a),True,1.0,I-880 S/B,,,2/15/2017 8:31:33 AM,A,S,0.5,Brokaw Rd,M,,D,2/15/2017 8:32:15 AM,2/15/2017 8:32:15 AM,,True,2,,,,,,,
393512,9340-2017-12453,1,False,9340,2/9/2017 8:20:00 PM,2020,681,1368,4313,San Jose,43,True,True,E,HIT OBJECT,,Thursday,NotApplicable,False,,,False,True,True,Santa Clara Superior,I,FIXED OBJECT,METAL GUARDRAIL,0,0,CLOUDY,RAINING, NO UNUSUAL CONDITIONS,, ,C,DARK-STREET LIGHTS,37.35113,-121.83871,,,,,A,NO PEDESTRIANS INVOLVED,2/9/2017 12:00:00 AM,A,22107,False,1.0,I-680 S/B FROM JACKSON AVENUE,,,2/15/2017 8:27:18 AM,B,S,300.0,JACKSON AVENUE,F,,D,2/15/2017 8:27:47 AM,2/15/2017 8:27:47 AM,,True,2,,,,,,,
393477,9340-2017-12405,1,False,9340,2/6/2017 6:15:00 AM,615,087,1368,4313,San Jose,43,True,True,C,REAR END,,Monday,Yes,False,,,False,True,True,Santa Clara Superior,C,OTHER MOTOR VEHICLE,,2,0,CLOUDY,, NO UNUSUAL CONDITIONS,, ,B,DUSK-DAWN,37.373,-121.9275,,,,,E,IN ROAD - INCLUDES SHOULDER,2/6/2017 12:00:00 AM,A,22350,False,1.0,SR-87 N/B,,,2/15/2017 7:58:25 AM,B,S,200.0,US-101,F,,D,2/15/2017 7:59:23 AM,2/15/2017 7:59:23 AM,,True,2,,,,,,,
393475,9340-2017-12442,1,False,9340,2/9/2017 11:08:00 AM,1108,088,1368,4313,San Jose,43,True,True,D,BROADSIDE,,Thursday,NotApplicable,False,,,False,True,True,Santa Clara Superior,C,OTHER MOTOR VEHICLE,,0,0,RAINING,, NO UNUSUAL CONDITIONS,, ,A,DAYLIGHT,37.3172,-121.9408,,,,,A,NO PEDESTRIANS INVOLVED,2/9/2017 12:00:00 AM,A,22107,False,1.0,I-880 s/b to s/b I-280,,,2/15/2017 7:56:51 AM,B,S,1400.0,Macarthur Ave,F,,D,2/15/2017 7:57:22 AM,2/15/2017 7:57:22 AM,,True,2,,,,,,,
393464,9340-2017-12455,1,False,9340,2/9/2017 11:19:00 PM,2319,110,1368,4313,San Jose,43,True,True,E,HIT OBJECT,,Thursday,NotApplicable,False,,,False,True,True,Santa Clara Superior,I,FIXED OBJECT,SIGN POST,0,0,CLOUDY,RAINING, NO UNUSUAL CONDITIONS,, ,D,DARK-NO STREET LIGHTS,37.376424,-121.941059,,,,,A,NO PEDESTRIANS INVOLVED,2/9/2017 12:00:00 AM,A,22107,False,1.0,US101 S/B,,,2/15/2017 7:42:40 AM,B,S,150.0,Trimble Rd,F,,D,2/15/2017 7:43:18 AM,2/15/2017 7:43:18 AM,,True,2,,,,,,,
393455,9340-2017-12450,1,False,9340,2/9/2017 7:21:00 PM,1921,281,1368,4313,San Jose,43,True,True,D,BROADSIDE,,Thursday,NotApplicable,False,,,False,True,True,Santa Clara Superior,C,OTHER MOTOR VEHICLE,,1,0,RAINING,, NO UNUSUAL CONDITIONS,, ,C,DARK-STREET LIGHTS,37.876256,-121.998271,,,,,A,NO PEDESTRIANS INVOLVED,2/9/2017 12:00:00 AM,A,22350,False,1.0,I-280 N/B,,,2/15/2017 7:36:46 AM,B,S,20.0,4th St,F,,D,2/15/2017 7:37:20 AM,2/15/2017 7:37:20 AM,,True,2,,,,,,,
393452,9340-2017-12411,2,False,9340,2/6/2017 7:00:00 PM,1900,681,1368,4313,San Jose,43,True,True,B,SIDE SWIPE,,Monday,NotApplicable,False,M,,False,True,False,Santa Clara Superior,C,OTHER MOTOR VEHICLE,,0,0,CLEAR,, NO UNUSUAL CONDITIONS,, ,D,DARK-NO STREET LIGHTS,37.361421,-121.842445,,,,,A,NO PEDESTRIANS INVOLVED,2/6/2017 12:00:00 AM,A,21658(a),False,1.0,I-680 S/B,,,4/26/2017 8:09:18 AM,B,N,1000.0,Alum Rock Avenue,F,,D,2/15/2017 7:35:23 AM,4/26/2017 8:09:35 AM,,True,2,,,,,,,
393438,9340-2017-12447,1,False,9340,2/9/2017 7:20:00 PM,1920,281,1368,4313,San Jose,43,True,True,E,HIT OBJECT,,Thursday,NotApplicable,False,,,False,True,True,Santa Clara Superior,I,FIXED OBJECT,CENTER DIVIDE,1,0,RAINING,, NO UNUSUAL CONDITIONS,, ,D,DARK-NO STREET LIGHTS,37.84626,-121.989888,,,,,A,NO PEDESTRIANS INVOLVED,2/9/2017 12:00:00 AM,A,22107,False,1.0,I-280 N/B,,,2/15/2017 7:25:52 AM,B,S,50.0,4th St,F,,D,2/15/2017 7:26:28 AM,2/15/2017 7:26:28 AM,,True,2,,,,,,,
393433,9340-2017-12443,1,False,9340,2/9/2017 8:39:00 AM,839,087,1368,4313,San Jose,43,True,True,C,REAR END,,Thursday,Yes,False,,,False,True,True,Santa Clara Superior,C,OTHER MOTOR VEHICLE,,1,0,CLOUDY,, NO UNUSUAL CONDITIONS,, ,A,DAYLIGHT,37.279664,-121.864774,,,,,A,NO PEDESTRIANS INVOLVED,2/9/2017 12:00:00 AM,A,22350,False,1.0,SR-87 N/B,,,2/15/2017 7:21:28 AM,B,S,3000.0,Curtner Ave,F,,D,2/15/2017 7:22:19 AM,2/15/2017 7:22:19 AM,,True,2,,,,,,,
393382,9340-2017-12406,1,False,9340,2/5/2017 6:30:00 PM,1830,681,1368,4313,San Jose,43,True,True,E,HIT OBJECT,,Sunday,Yes,False,,,False,True,True,Santa Clara Superior,I,FIXED OBJECT,EMBANKMENT,1,0,RAINING,, NO UNUSUAL CONDITIONS,, ,D,DARK-NO STREET LIGHTS,37.3554,-121.8364,,,,,A,NO PEDESTRIANS INVOLVED,2/5/2017 12:00:00 AM,A,23152(a),True,1.0,I-680 NB TO CAPTITOL EXWY EB,,,2/15/2017 6:05:39 AM,B,S,40.0, CAPITOL EXWY,F,,D,2/15/2017 6:06:40 AM,2/15/2017 6:06:40 AM,,True,2,,,,,,,
393381,9340-2017-12420,1,False,9340,2/7/2017 8:40:00 AM,840,083,1368,4313,San Jose,43,True,True,C,REAR END,,Tuesday,NotApplicable,False,,,False,True,False,Santa Clara Superior,C,OTHER MOTOR VEHICLE,,1,0,RAINING,, NO UNUSUAL CONDITIONS,, ,A,DAYLIGHT,37.2543,-121.8865,,,,,A,NO PEDESTRIANS INVOLVED,2/7/2017 12:00:00 AM,A,21658(a),False,1.0,SR-85 N/B,,,2/15/2017 6:05:11 AM,B,N,200.0,Almaden Expy,F,,D,2/15/2017 6:05:47 AM,2/15/2017 6:05:47 AM,,True,2,,,,,,,
393376,9340-2017-12404,1,False,9340,2/5/2017 4:05:00 AM,405,281,1368,4313,San Jose,43,True,True,G,VEHICLE/PEDESTRAIN,,Sunday,Yes,True,F,,False,True,False,Santa Clara Superior,B,PEDESTRIAN,,1,0,CLOUDY,, NO UNUSUAL CONDITIONS,, ,D,DARK-NO STREET LIGHTS,37.3354,-121.8591,,,,,E,IN ROAD - INCLUDES SHOULDER,2/5/2017 12:00:00 AM,A,22350,False,1.0,I-280 N/B,,,2/15/2017 5:53:56 AM,A,N,339.0,McLaughlin Ave,F,,D,2/15/2017 5:54:37 AM,2/15/2017 5:54:37 AM,,True,2,,,,,,,
393375,9340-2017-12372,1,False,9340,2/4/2017 3:30:00 AM,330,681,1368,4313,San Jose,43,True,True,F,OVERTURNED,,Saturday,Yes,False,,,False,True,True,Santa Clara Superior,A,NON-COLLISION,,0,0,CLOUDY,, NO UNUSUAL CONDITIONS,, ,D,DARK-NO STREET LIGHTS,37.22465,-121.51245,,,,,A,NO PEDESTRIANS INVOLVED,2/4/2017 12:00:00 AM,A,22107,False,1.0,I-680 N/B,,,2/15/2017 5:51:39 AM,B,S,0.5,Berryessa Rd,M,,D,2/15/2017 5:52:09 AM,2/15/2017 5:52:09 AM,,True,2,,,,,,,
393356,9340-2017-12396,1,False,9340,2/5/2017 7:58:00 PM,1958,087,1368,4313,San Jose,43,True,True,F,OVERTURNED,,Sunday,Yes,False,,,False,True,True,Santa Clara Superior,A,NON-COLLISION,,1,0,RAINING,, NO UNUSUAL CONDITIONS,, ,D,DARK-NO STREET LIGHTS,37.368217,-121.924121,,,,,A,NO PEDESTRIANS INVOLVED,2/5/2017 12:00:00 AM,A,23152(a),True,1.0,SR-87 N/B,,,2/15/2017 5:13:22 AM,B,N,800.0,Skyport Dr,F,,D,2/15/2017 5:14:04 AM,2/15/2017 5:14:04 AM,,True,2,,,,,,,
392436,9340-2017-12428,1,False,9340,2/8/2017 5:05:00 AM,505,083,1368,4313,San Jose,43,True,True,A,HEAD-ON,,Wednesday,Yes,False,,,False,True,True,Santa Clara Superior,C,OTHER MOTOR VEHICLE,,2,0,RAINING,, NO UNUSUAL CONDITIONS,, ,D,DARK-NO STREET LIGHTS,37.25027,-121.90924,,,,,A,NO PEDESTRIANS INVOLVED,2/8/2017 12:00:00 AM,A,21651(b),True,1.0,SR-85 S/B TO CAMDEN AVE,,,2/14/2017 8:20:26 AM,B,S,250.0,Camden Ave,F,,D,2/14/2017 8:21:09 AM,2/14/2017 8:21:09 AM,,True,2,,,,,,,
392330,9340-2017-12429,1,False,9340,2/8/2017 10:19:00 AM,1019,282,1368,4313,San Jose,43,True,True,C,REAR END,,Wednesday,NotApplicable,False,,,False,True,False,Santa Clara Superior,C,OTHER MOTOR VEHICLE,,1,0,RAINING,, NO UNUSUAL CONDITIONS,, ,A,DAYLIGHT,37.3173,-121.9735,,,,,A,NO PEDESTRIANS INVOLVED,2/8/2017 12:00:00 AM,A,22350,False,1.0,I-280 N/B,,,2/14/2017 7:10:07 AM,B,S,2000.0,Saratoga Ave,F,,D,2/14/2017 7:10:42 AM,2/14/2017 7:10:42 AM,,True,2,,,,,,,
392296,9340-2017-12337,1,False,9340,2/2/2017 8:45:00 AM,845,088,1368,4313,San Jose,43,True,True,C,REAR END,,Thursday,Yes,False,,,False,True,False,Santa Clara Superior,C,OTHER MOTOR VEHICLE,,0,0,CLOUDY,, NO UNUSUAL CONDITIONS,, School Bus Collision,A,DAYLIGHT,37.347685,-121.919711,,,,,A,NO PEDESTRIANS INVOLVED,2/2/2017 12:00:00 AM,A,22350 VC,False,1.0,I-880 Northbound,,,2/14/2017 6:50:25 AM,A,S,500.0,Coleman Ave.,F,SEE PAGE # 4.,D,2/14/2017 6:51:13 AM,2/14/2017 6:51:13 AM,,True,2,,,,,,,
392283,9340-2017-12327,1,False,9340,2/2/2017 5:00:00 AM,500,083,1368,4313,San Jose,43,True,True,E,HIT OBJECT,,Thursday,Yes,False,,,False,True,True,Santa Clara Superior,I,FIXED OBJECT,METAL GUARDRAIL,1,0,RAINING,, NO UNUSUAL CONDITIONS,, ,D,DARK-NO STREET LIGHTS,37.15208,-121.51131,,,,,A,NO PEDESTRIANS INVOLVED,2/2/2017 12:00:00 AM,A,22107,False,1.0,SR-85 NB TO SR-87 NB,,,2/14/2017 6:35:44 AM,B,S,0.3,Santa Teresa Blvd,M,,D,2/14/2017 6:36:42 AM,2/14/2017 6:36:42 AM,,True,2,,,,,,,
392060,9725-2017-00200,1,False,9725,2/6/2017 3:22:00 AM,322,013,1368,4313,San Jose,43,True,True,D,BROADSIDE,,Monday,NotApplicable,False,,,False,True,True,Santa Clara Superior,E,PARKED MOTOR VEHICLE,,0,0,CLOUDY,RAINING, NO UNUSUAL CONDITIONS,, ,D,DARK-NO STREET LIGHTS,37.19826,-121.70373,,,,,A,NO PEDESTRIANS INVOLVED,2/6/2017 12:00:00 AM,A,22350,False,1.0,US-101 N/B,,,2/13/2017 3:44:39 PM,B,N,0.4,COYOTE CREEK GOLF DR.,M,,D,2/13/2017 3:45:35 PM,2/13/2017 3:45:35 PM,,True,2,,,,,,,
391914,9340-2017-12430,1,False,9340,2/8/2017 2:25:00 AM,225,681,1368,4313,San Jose,43,True,True,E,HIT OBJECT,,Wednesday,Yes,False,M,,False,True,True,Santa Clara Superior,I,FIXED OBJECT,Divider Wall,0,0,CLOUDY,, NO UNUSUAL CONDITIONS,, ,D,DARK-NO STREET LIGHTS,37.39974,-121.87594,,,,,A,NO PEDESTRIANS INVOLVED,2/8/2017 12:00:00 AM,A,22107,False,1.0,I-680 S/B,,,2/13/2017 2:07:29 PM,B,N,40.0,Capitol Ave,F,,D,2/13/2017 2:08:02 PM,2/13/2017 2:08:02 PM,,True,2,,,,,,,
391905,9340-2017-12439,1,False,9340,2/8/2017 6:45:00 PM,1845,083,1368,4313,San Jose,43,True,True,C,REAR END,,Wednesday,NotApplicable,False,,,False,True,True,Santa Clara Superior,C,OTHER MOTOR VEHICLE,,0,0,CLOUDY,, NO UNUSUAL CONDITIONS,, ,C,DARK-STREET LIGHTS,37.25308,-121.9448,S,475.0,85 SCL R10.231,F,A,NO PEDESTRIANS INVOLVED,2/8/2017 12:00:00 AM,A,22350,False,1.0,SR-85 S/B,,,2/13/2017 2:03:35 PM,A,S,475.0,Bascom Avenue,F,          SEE PAGE 4 FOR SKETCH,D,2/13/2017 2:04:25 PM,2/13/2017 2:04:25 PM,,True,2,,,,,,,
391897,9340-2017-12437,1,False,9340,2/8/2017 2:55:00 PM,1455,085,1368,4313,San Jose,43,True,True,C,REAR END,,Wednesday,NotApplicable,False,,,False,True,False,Santa Clara Superior,C,OTHER MOTOR VEHICLE,,0,0,CLOUDY,, NO UNUSUAL CONDITIONS,, ,A,DAYLIGHT,37.29442,-122.02631,N,200.0,85 SCL R15.266,F,A,NO PEDESTRIANS INVOLVED,2/8/2017 12:00:00 AM,A,22350,False,1.0,SR-85 S/B,,,2/13/2017 1:58:52 PM,B,N,200.0,Prospect Avenue,F,      SEE PAGE 3 FOR SKETCH,D,2/13/2017 1:59:26 PM,2/13/2017 1:59:26 PM,,True,2,,,,,,,
391781,9340-2017-12426,1,False,9340,2/7/2017 6:10:00 PM,1810,281,1368,4313,San Jose,43,True,True,C,REAR END,,Tuesday,NotApplicable,False,,,False,True,False,Santa Clara Superior,C,OTHER MOTOR VEHICLE,,2,0,CLOUDY,, NO UNUSUAL CONDITIONS,, ,D,DARK-NO STREET LIGHTS,37.32828,-121.87537,,,,,A,NO PEDESTRIANS INVOLVED,2/7/2017 12:00:00 AM,A,22350,False,1.0,I-280 N/B (TO 7TH ST),,,2/13/2017 12:54:55 PM,B,S,80.0,7th St,F,,D,2/13/2017 12:55:30 PM,2/13/2017 12:55:30 PM,,True,2,,,,,,,
391717,9340-2017-12425,1,False,9340,2/7/2017 6:00:00 PM,1800,110,1368,4313,San Jose,43,True,True,B,SIDE SWIPE,,Tuesday,NotApplicable,False,,,False,True,False,Santa Clara Superior,C,OTHER MOTOR VEHICLE,,0,0,CLOUDY,, NO UNUSUAL CONDITIONS,, ,D,DARK-NO STREET LIGHTS,37.9999,-121.9999,,,,,A,NO PEDESTRIANS INVOLVED,2/7/2017 12:00:00 AM,A,22107,False,1.0,US101 N/B,,,2/13/2017 12:12:42 PM,B,S,300.0,Alum Rock Ave,F,,D,2/13/2017 12:13:15 PM,2/13/2017 12:13:15 PM,,True,2,,,,,,,
391485,9340-2017-12408,1,False,9340,2/6/2017 1:25:00 PM,1325,172,1368,4313,San Jose,43,True,True,E,HIT OBJECT,,Monday,NotApplicable,False,,,False,True,True,Santa Clara Superior,I,FIXED OBJECT,Concrete Sound Wall,1,0,CLOUDY,, NO UNUSUAL CONDITIONS,, ,A,DAYLIGHT,37.310771,-121.940469,,,,,A,NO PEDESTRIANS INVOLVED,2/6/2017 12:00:00 AM,A,21658a,False,1.0,SR-17 N/B,,,2/13/2017 9:49:00 AM,A,S,500.0,I-280,F,,D,2/13/2017 9:49:36 AM,2/13/2017 9:49:36 AM,,True,2,,,,,,,
391468,9340-2017-12116,1,False,9340,1/22/2017 4:20:00 AM,420,088,1368,4313,San Jose,43,True,True,E,HIT OBJECT,,Sunday,NotApplicable,False,,,False,True,True,Santa Clara Superior,I,FIXED OBJECT,METERINGN LIGHT,0,0,RAINING,, NO UNUSUAL CONDITIONS,, ,D,DARK-NO STREET LIGHTS,37.3568,-121.9073,,,,,A,NO PEDESTRIANS INVOLVED,1/22/2017 12:00:00 AM,A,22107,False,1.0,I-880 N/B TO 1ST ST,,,2/13/2017 9:43:34 AM,B,S,370.0,1st St,F,,D,2/13/2017 9:44:03 AM,2/13/2017 9:44:03 AM,,True,2,,,,,,,
391461,9340-2017-12397,1,False,9340,2/5/2017 2:50:00 PM,1450,120,1368,4313,San Jose,43,True,True,C,REAR END,,Sunday,Yes,False,,,False,True,True,Santa Clara Superior,C,OTHER MOTOR VEHICLE,,1,0,CLOUDY,, NO UNUSUAL CONDITIONS,, ,A,DAYLIGHT,37.36381,-121.90074,,,,,A,NO PEDESTRIANS INVOLVED,2/5/2017 12:00:00 AM,A,22350,True,1.0,US101 N/B,,,2/13/2017 9:39:50 AM,A,N,500.0,Oakland Rd,F,,D,2/13/2017 9:40:32 AM,2/13/2017 9:40:32 AM,,True,2,,,,,,,
391343,9340-2017-12374,1,False,9340,2/4/2017 12:40:00 AM,40,087,1368,4313,San Jose,43,True,True,F,OVERTURNED,,Saturday,NotApplicable,False,M,,False,True,True,Santa Clara Superior,A,NON-COLLISION,,0,0,CLOUDY,, NO UNUSUAL CONDITIONS,, ,C,DARK-STREET LIGHTS,37.37064,-121.92658,,,,,A,NO PEDESTRIANS INVOLVED,2/4/2017 12:00:00 AM,A,22107,False,1.0,SR-87 N/B ,,,2/13/2017 8:50:28 AM,A,S,0.2,US-101,M,,D,2/13/2017 8:51:07 AM,2/13/2017 8:51:07 AM,,True,2,,,,,,,
391324,9340-2017-12371,1,False,9340,2/4/2017 12:38:00 AM,38,089,1368,4313,San Jose,43,True,True,F,OVERTURNED,,Saturday,NotApplicable,False,M,,False,True,True,Santa Clara Superior,I,FIXED OBJECT,ROADWAY,0,0,CLOUDY,, NO UNUSUAL CONDITIONS,, ,C,DARK-STREET LIGHTS,37.335332,-121.935628,,,,,A,NO PEDESTRIANS INVOLVED,2/4/2017 12:00:00 AM,A,21651(b),False,1.0,I-880 S/B,,,2/13/2017 8:38:53 AM,B,N,330.0,Bascom Ave,F,,D,2/13/2017 8:39:23 AM,2/13/2017 8:39:23 AM,,True,2,,,,,,,
391286,9340-2017-12375,1,False,9340,2/3/2017 7:25:00 AM,725,088,1368,4313,San Jose,43,True,True,C,REAR END,,Friday,Yes,False,,,False,True,True,Santa Clara Superior,C,OTHER MOTOR VEHICLE,,1,0,CLOUDY,, NO UNUSUAL CONDITIONS,, ,A,DAYLIGHT,37.319894,-121.940924,,,,,A,NO PEDESTRIANS INVOLVED,2/3/2017 12:00:00 AM,A,22350 VC,False,1.0,I-880 Southbound,,,2/13/2017 8:07:47 AM,B,S,500.0,Stevens Creek Blvd,F,SEE PAGE # 4.,D,2/13/2017 8:08:17 AM,2/13/2017 8:08:17 AM,,True,2,,,,,,,
391275,9340-2017-12353,1,False,9340,2/2/2017 3:47:00 AM,347,110,1368,4313,San Jose,43,True,True,E,HIT OBJECT,,Thursday,Yes,False,M,,False,True,True,Santa Clara Superior,I,FIXED OBJECT,METAL GUARD RAIL,0,0,CLOUDY,, NO UNUSUAL CONDITIONS,, ,D,DARK-NO STREET LIGHTS,37.19181,-121.50608,,,,,A,NO PEDESTRIANS INVOLVED,2/2/2017 12:00:00 AM,A,22107,False,1.0,US-101 S/B,,,2/13/2017 7:59:12 AM,B,N,0.3,Tully Rd,M,,D,2/13/2017 7:59:41 AM,2/13/2017 7:59:41 AM,,True,2,,,,,,,
391257,9340-2017-12460,1,False,9340,2/1/2017 7:31:00 AM,731,282,1368,4313,San Jose,43,True,True,C,REAR END,,Wednesday,NotApplicable,False,,,False,True,False,Santa Clara Superior,C,OTHER MOTOR VEHICLE,,0,0,CLEAR,, NO UNUSUAL CONDITIONS,, ,A,DAYLIGHT,37.32003,-121.939932,,,,,A,NO PEDESTRIANS INVOLVED,2/1/2017 12:00:00 AM,A,22350,False,1.0,I-280 S/B TO I-880 N/B CONNECTOR,,,2/13/2017 7:40:20 AM,A,S,1100.0,Stevens Creek Blvd,F,,D,2/13/2017 7:40:50 AM,2/13/2017 7:40:50 AM,,True,2,,,,,,,