Collision Id,	Report Number,	Report Version,	Is Preliminary,	NCIC Code,Crash Date Time,	Crash Time Description,	Beat,City Id,	City Code,	City Name,County Code,	City Is Active,	City Is Incorporated,	Collision Type Code,Collision Type Description,	Collision Type Other Desc,	Day Of Week,	DispatchNotified,	HasPhotographs,	HitRun,	IsAttachmentsMailed,	IsDeleted,	IsHighwayRelated,	IsTowAway,	JudicialDistrict,	MotorVehicleInvolvedWithCode,	MotorVehicleInvolvedWithDesc,MotorVehicleInvolvedWithOtherDesc,	NumberInjured,	NumberKilled,Weather 1, Weather 2, Road Condition 1, Road Condition 2, Special Condition,LightingCode, LightingDescription,Latitude,Longitude,MilepostDirection,MilepostDistance,MilepostMarker,MilepostUnitOfMeasure,	PedestrianActionCode,PedestrianActionDesc,PreparedDate,	Primary Collision Factor Code,Primary Collision Factor Violation,PrimaryCollisionFactorIsCited,	PrimaryCollisionPartyNumber,	PrimaryRoad,	ReportingDistrict,	ReportingDistrictCode,ReviewedDate,	RoadwaySurfaceCode,SecondaryDirection,	SecondaryDistance,	SecondaryRoad,	SecondaryUnitOfMeasure,	SketchDesc,	TrafficControlDeviceCode,CreatedDate,	ModifiedDate,IsCountyRoad,IsFreeway,CHP555Version,	IsAdditonalObjectStruck,NotificationDate,	NotificationTimeDescription,	HasDigitalMediaFiles,	EvidenceNumber,	IsLocationReferToNarrative,	IsAOIOneSameAsLocation
429361,9340-2017-13424,1,False,9340,3/29/2017 1:18:00 AM,118,281,1368,4313,San Jose,43,True,True,B,SIDE SWIPE,,Wednesday,NotApplicable,False,M,,False,True,False,Santa Clara Superior,C,OTHER MOTOR VEHICLE,,0,0,CLEAR,, NO UNUSUAL CONDITIONS,, ,D,DARK-NO STREET LIGHTS,37.317366,-121.932817,,,,,A,NO PEDESTRIANS INVOLVED,3/29/2017 12:00:00 AM,A,22107,False,1.0,I-280 N/B,,,4/6/2017 3:53:35 PM,A,S,1500.0,SR-17,F,,D,4/6/2017 4:07:20 PM,4/6/2017 4:07:20 PM,,True,2,,,,,,,
429321,9340-2017-13450,1,False,9340,3/29/2017 3:15:00 PM,1515,087,1368,4313,San Jose,43,True,True,D,BROADSIDE,,Wednesday,NotApplicable,False,,,False,True,True,Santa Clara Superior,C,OTHER MOTOR VEHICLE,,0,0,CLEAR,, NO UNUSUAL CONDITIONS,, ,A,DAYLIGHT,37.28407,-121.86691,S,0.7,87 SCL 2.826,M,A,NO PEDESTRIANS INVOLVED,3/29/2017 12:00:00 AM,A,22350,False,1.0,SR-87 N/B,,,4/6/2017 3:24:00 PM,A,S,0.7,Curtner Avenue,M,        SEE PAGE 4 FOR SKETCH,D,4/6/2017 3:24:36 PM,4/6/2017 3:24:36 PM,,True,2,,,,,,,
429286,9340-2017-13398,1,False,9340,3/28/2017 12:02:00 PM,1202,083,1368,4313,San Jose,43,True,True,C,REAR END,,Tuesday,NotApplicable,False,M,,False,True,True,Santa Clara Superior,C,OTHER MOTOR VEHICLE,,0,0,CLEAR,, NO UNUSUAL CONDITIONS,, ,A,DAYLIGHT,37.252,-121.8402,,,,,A,NO PEDESTRIANS INVOLVED,3/28/2017 12:00:00 AM,A,22350,False,1.0,SR-85 S/B to Blossom Hill Rd,,,4/6/2017 2:46:35 PM,A,S,2500.0,Cahalan Ave,F,,D,4/6/2017 2:57:43 PM,4/6/2017 2:57:43 PM,,True,2,,,,,,,
429203,9340-2017-13415,1,False,9340,3/28/2017 5:50:00 PM,1750,120,1368,4313,San Jose,43,True,True,B,SIDE SWIPE,,Tuesday,NotApplicable,False,F,,False,True,True,Santa Clara Superior,C,OTHER MOTOR VEHICLE,,1,0,CLEAR,, NO UNUSUAL CONDITIONS,, ,A,DAYLIGHT,37.377242,-121.945051,,,,,A,NO PEDESTRIANS INVOLVED,3/28/2017 12:00:00 AM,A,21658(a),False,1.0,US-101 S/B,,,4/6/2017 1:57:21 PM,A,N,990.0,Trimble Road,F,,D,4/6/2017 1:57:56 PM,4/6/2017 1:57:56 PM,,True,2,,,,,,,
429197,9340-2017-13419,1,False,9340,3/28/2017 4:15:00 PM,1615,240,1368,4313,San Jose,43,True,True,C,REAR END,,Tuesday,NotApplicable,False,,,False,True,False,Santa Clara Superior,C,OTHER MOTOR VEHICLE,,0,0,CLEAR,, NO UNUSUAL CONDITIONS,, ,A,DAYLIGHT,37.42058,-121.93721,,,,,A,NO PEDESTRIANS INVOLVED,3/28/2017 12:00:00 AM,A,22350,False,1.0,SR-237 E/B from Zanker Road,,,4/6/2017 1:54:48 PM,A,E,750.0,ZANKER ROAD,F,,D,4/6/2017 1:55:46 PM,4/6/2017 1:55:46 PM,,True,2,,,,,,,
429192,9340-2017-13418,1,False,9340,3/28/2017 4:55:00 PM,1655,230,1368,4313,San Jose,43,True,True,C,REAR END,,Tuesday,NotApplicable,False,,,False,True,False,Santa Clara Superior,C,OTHER MOTOR VEHICLE,,0,0,CLEAR,, NO UNUSUAL CONDITIONS,, ,A,DAYLIGHT,37.41568,-121.97736,,,,,A,NO PEDESTRIANS INVOLVED,3/28/2017 12:00:00 AM,A,22350,False,1.0,SR-237 EB,,,4/6/2017 1:53:17 PM,A,E,1400.0,Great America Pky,F,,D,4/6/2017 1:53:54 PM,4/6/2017 1:53:54 PM,,True,2,,,,,,,
429133,9340-2017-13400,1,False,9340,3/28/2017 6:10:00 AM,610,281,1368,4313,San Jose,43,True,True,C,REAR END,,Tuesday,NotApplicable,False,M,,False,True,False,Santa Clara Superior,C,OTHER MOTOR VEHICLE,,0,0,CLEAR,, NO UNUSUAL CONDITIONS,, ,B,DUSK-DAWN,37.3254,-121.8853,,,,,A,NO PEDESTRIANS INVOLVED,3/28/2017 12:00:00 AM,A,22350,False,1.0,I-280 N/B,,,4/6/2017 1:14:32 PM,A,S,1000.0,SR-87,F,,D,4/6/2017 1:15:04 PM,4/6/2017 1:15:04 PM,,True,2,,,,,,,
428940,9340-2017-13396,1,False,9340,3/28/2017 7:15:00 AM,715,281,1368,4313,San Jose,43,True,True,E,HIT OBJECT,,Tuesday,NotApplicable,False,,,False,True,False,Santa Clara Superior,I,FIXED OBJECT,Guard Rail,0,0,CLEAR,, NO UNUSUAL CONDITIONS,, ,B,DUSK-DAWN,37.3154,-121.9137,,,,,A,NO PEDESTRIANS INVOLVED,3/28/2017 12:00:00 AM,A,22107,False,1.0, I-280 S/B FROM MERIDIAN AVE N/B,,,4/6/2017 10:22:16 AM,A,N,500.0,Southwest Expy,F,,D,4/6/2017 10:22:47 AM,4/6/2017 10:22:47 AM,,True,2,,,,,,,
428409,9340-2017-13404,1,False,9340,3/28/2017 9:30:00 AM,930,281,1368,4313,San Jose,43,True,True,C,REAR END,,Tuesday,NotApplicable,False,,,False,True,False,Santa Clara Superior,C,OTHER MOTOR VEHICLE,,0,0,CLEAR,, NO UNUSUAL CONDITIONS,, ,A,DAYLIGHT,37.3368,-121.8969,,,,,A,NO PEDESTRIANS INVOLVED,3/28/2017 12:00:00 AM,A,22350,False,1.0,I-280 N/B TO SR-87 ,,,4/5/2017 3:09:56 PM,A,S,500.0,SR-87,F,,D,4/5/2017 3:11:15 PM,4/5/2017 3:11:15 PM,,True,2,,,,,,,
428370,9340-2017-13408,1,False,9340,3/28/2017 9:10:00 AM,910,120,1368,4313,San Jose,43,True,True,C,REAR END,,Tuesday,NotApplicable,True,M,,False,True,False,Santa Clara Superior,C,OTHER MOTOR VEHICLE,,0,0,CLEAR,, NO UNUSUAL CONDITIONS,, ,A,DAYLIGHT,37.375361,-121.933229,,,,,A,NO PEDESTRIANS INVOLVED,3/28/2017 12:00:00 AM,A,22350,False,2.0,US-101 N/B TO TRIMBLE AVENUE,,,4/5/2017 2:41:43 PM,A,S,0.3,De la Cruz Blvd,M,,D,4/5/2017 2:42:22 PM,4/5/2017 2:42:22 PM,,True,2,,,,,,,
428263,9340-2017-13401,1,False,9340,3/28/2017 6:10:00 AM,610,110,1368,4313,San Jose,43,True,True,C,REAR END,,Tuesday,NotApplicable,False,M,,False,True,False,Santa Clara Superior,C,OTHER MOTOR VEHICLE,,0,0,CLEAR,, NO UNUSUAL CONDITIONS,, ,D,DARK-NO STREET LIGHTS,37.3539,-121.86581,,,,,A,NO PEDESTRIANS INVOLVED,3/28/2017 12:00:00 AM,A,22350,False,1.0,US101 N/B,,,4/5/2017 1:16:49 PM,A,S,100.0,Julian St,F,,D,4/5/2017 1:17:39 PM,4/5/2017 1:17:39 PM,,True,2,,,,,,,
428248,9340-2017-13421,1,False,9340,3/28/2017 5:30:00 PM,1730,083,1368,4313,San Jose,43,True,True,B,SIDE SWIPE,,Tuesday,NotApplicable,False,M,,False,True,False,Santa Clara Superior,C,OTHER MOTOR VEHICLE,,0,0,CLEAR,, NO UNUSUAL CONDITIONS,, ,A,DAYLIGHT,37.1546,-121.50177,,,,,A,NO PEDESTRIANS INVOLVED,3/28/2017 12:00:00 AM,A,21658(a),False,1.0,SR-85 S/B,,,4/5/2017 1:09:57 PM,A,N,280.0,Blossom Hill Rd,F,,D,4/5/2017 1:10:27 PM,4/5/2017 1:10:27 PM,,True,2,,,,,,,
428226,9340-2017-13413,1,False,9340,3/28/2017 4:00:00 PM,1600,083,1368,4313,San Jose,43,True,True,C,REAR END,,Tuesday,NotApplicable,False,,,False,True,True,Santa Clara Superior,C,OTHER MOTOR VEHICLE,,0,0,CLEAR,, NO UNUSUAL CONDITIONS,, ,A,DAYLIGHT,37.2537,-121.9473,,,,,A,NO PEDESTRIANS INVOLVED,3/28/2017 12:00:00 AM,A,22350,False,1.0,SR-85 S/B,,,4/5/2017 12:51:10 PM,A,S,200.0,Bascom Ave,F,,D,4/5/2017 12:51:39 PM,4/5/2017 12:51:39 PM,,True,2,,,,,,,
428217,9340-2017-13405,1,False,9340,3/28/2017 8:45:00 AM,845,083,1368,4313,San Jose,43,True,True,C,REAR END,,Tuesday,NotApplicable,False,,,False,True,True,Santa Clara Superior,C,OTHER MOTOR VEHICLE,,1,0,CLEAR,, NO UNUSUAL CONDITIONS,, ,A,DAYLIGHT,37.152166,-121.52144,,,,,A,NO PEDESTRIANS INVOLVED,3/28/2017 12:00:00 AM,A,22350,False,1.0,SR-85 N/B,,,4/5/2017 12:42:32 PM,A,S,1500.0,Almaden Expy,F,,D,4/5/2017 12:43:07 PM,4/5/2017 12:43:07 PM,,True,2,,,,,,,
428168,9340-2017-13356,1,False,9340,3/25/2017 4:15:00 PM,1615,087,1368,4313,San Jose,43,True,True,C,REAR END,,Saturday,NotApplicable,False,,,False,True,False,Santa Clara Superior,C,OTHER MOTOR VEHICLE,,0,0,RAINING,, NO UNUSUAL CONDITIONS,, ,A,DAYLIGHT,37.316881,-121.88896,,,,,A,NO PEDESTRIANS INVOLVED,3/25/2017 12:00:00 AM,A,22350,False,1.0,SR-87 S/B,,,4/5/2017 11:57:33 AM,B,N,1000.0,Alma Ave,F,,D,4/5/2017 11:58:15 AM,4/5/2017 11:58:15 AM,,True,2,,,,,,,
428163,9340-2017-13387,1,False,9340,3/27/2017 5:05:00 PM,1705,281,1368,4313,San Jose,43,True,True,B,SIDE SWIPE,,Monday,NotApplicable,False,,,False,True,True,Santa Clara Superior,C,OTHER MOTOR VEHICLE,,1,0,CLEAR,, NO UNUSUAL CONDITIONS,, ,A,DAYLIGHT,37.999999,-121.999999,,,,,A,NO PEDESTRIANS INVOLVED,3/27/2017 12:00:00 AM,A,21658(a),False,1.0,I-280 S/B,,,4/5/2017 11:52:25 AM,A,N,500.0,1st St,F,,D,4/5/2017 11:53:25 AM,4/5/2017 11:53:25 AM,,True,2,,,,,,,
428076,9340-2017-13409,1,False,9340,3/28/2017 7:15:00 AM,715,281,1368,4313,San Jose,43,True,True,C,REAR END,,Tuesday,NotApplicable,False,M,,False,True,False,Santa Clara Superior,C,OTHER MOTOR VEHICLE,,0,0,CLEAR,, NO UNUSUAL CONDITIONS,, ,A,DAYLIGHT,37.31768,-121.93508,,,,,A,NO PEDESTRIANS INVOLVED,3/28/2017 12:00:00 AM,A,22350,False,1.0,I-280 N/B,,,4/5/2017 10:51:39 AM,A,S,200.0,Macarthur Ave,F,,D,4/5/2017 10:52:09 AM,4/5/2017 10:52:09 AM,,True,2,,,,,,,
428042,9340-2017-13411,1,False,9340,3/28/2017 8:35:00 AM,835,880,1368,4313,San Jose,43,True,True,C,REAR END,,Tuesday,NotApplicable,False,,,False,True,False,Santa Clara Superior,C,OTHER MOTOR VEHICLE,,0,0,CLEAR,, NO UNUSUAL CONDITIONS,, ,A,DAYLIGHT,34.34939,-121.91717,,,,,A,NO PEDESTRIANS INVOLVED,3/28/2017 12:00:00 AM,A,22350,False,1.0,I-880 N/B,,,4/5/2017 10:34:51 AM,A,N,0.1,Coleman Ave,M,,D,4/5/2017 10:35:22 AM,4/5/2017 10:35:22 AM,,True,2,,,,,,,
427813,9340-2017-13392,1,False,9340,3/27/2017 10:50:00 PM,2250,281,1368,4313,San Jose,43,True,True,E,HIT OBJECT,,Monday,Yes,False,,,False,True,True,Santa Clara Superior,I,FIXED OBJECT,CONCRETE DIVIDER WALL,0,0,CLEAR,, NO UNUSUAL CONDITIONS,, ,D,DARK-NO STREET LIGHTS,37.325429,-121.885156,,,,,A,NO PEDESTRIANS INVOLVED,3/27/2017 12:00:00 AM,A,23152(f),True,1.0,I-280 N/B,,,4/5/2017 8:41:30 AM,A,S,2000.0,SR-87,F,,D,4/5/2017 8:42:09 AM,4/5/2017 8:42:09 AM,,True,2,,,,,,,
427788,9340-2017-13399,1,False,9340,3/28/2017 7:50:00 AM,750,083,1368,4313,San Jose,43,True,True,C,REAR END,,Tuesday,NotApplicable,False,,,False,True,False,Santa Clara Superior,C,OTHER MOTOR VEHICLE,,0,0,CLEAR,, NO UNUSUAL CONDITIONS,, ,A,DAYLIGHT,37.15242,-121.553221,,,,,A,NO PEDESTRIANS INVOLVED,3/28/2017 12:00:00 AM,A,22350,False,1.0,SR-85 N/B,,,4/5/2017 8:32:22 AM,A,N,1000.0,Leigh Ave,F,,D,4/5/2017 8:32:51 AM,4/5/2017 8:32:51 AM,,True,2,,,,,,,
427705,9340-2017-13373,1,False,9340,3/26/2017 3:40:00 PM,1540,681,1368,4313,San Jose,43,True,True,E,HIT OBJECT,,Sunday,NotApplicable,False,M,,False,True,False,Santa Clara Superior,J,OTHER OBJECT,Bicycle,0,0,CLEAR,, NO UNUSUAL CONDITIONS,, ,A,DAYLIGHT,37.34516,-121.84385,,,,,A,NO PEDESTRIANS INVOLVED,3/26/2017 12:00:00 AM,A,23115(a),False,2.0,I-680 N/B,,,4/5/2017 7:36:27 AM,A,N,1000.0,King Road,F,,D,4/5/2017 7:37:35 AM,4/5/2017 7:37:35 AM,,True,2,,,,,,,
427417,9340-2017-13498,1,False,9340,4/1/2017 2:30:00 AM,230,120,1368,4313,San Jose,43,True,True,E,HIT OBJECT,,Saturday,Yes,False,,,False,True,True,Santa Clara Superior,I,FIXED OBJECT,guard rail,1,0,CLEAR,, NO UNUSUAL CONDITIONS,, ,C,DARK-STREET LIGHTS,37.37508,-121.9341,,,,,A,NO PEDESTRIANS INVOLVED,4/1/2017 12:00:00 AM,A,23152(a),True,1.0,US101 S/B,,,4/4/2017 4:02:14 PM,A,N,0.1,SR87,M,,D,4/4/2017 4:03:10 PM,4/4/2017 4:03:10 PM,,True,2,,,,,,,
427288,9340-2017-13534,1,False,9340,4/3/2017 5:10:00 PM,1710,281,1368,4313,San Jose,43,True,True,C,REAR END,,Monday,NotApplicable,False,,,False,True,True,Santa Clara Superior,C,OTHER MOTOR VEHICLE,,0,0,CLEAR,, NO UNUSUAL CONDITIONS,, ,A,DAYLIGHT,37.326664,-121.881931,,,,,A,NO PEDESTRIANS INVOLVED,4/3/2017 12:00:00 AM,A,22350,False,1.0,I-280 S/B,,,4/4/2017 2:29:33 PM,A,S,350.0,1st Street U/C,F,,D,4/4/2017 2:30:04 PM,4/4/2017 2:30:04 PM,,True,2,,,,,,,
427112,9340-2017-13388,1,False,9340,3/27/2017 6:45:00 PM,1845,230,1368,4313,San Jose,43,True,True,C,REAR END,,Monday,NotApplicable,False,,,False,True,True,Santa Clara Superior,C,OTHER MOTOR VEHICLE,,0,0,CLEAR,, NO UNUSUAL CONDITIONS,, ,B,DUSK-DAWN,37.41737,-121.97338,,,,,A,NO PEDESTRIANS INVOLVED,3/27/2017 12:00:00 AM,A,22350,False,1.0,SR-237 E/B,,,4/4/2017 1:05:46 PM,A,W,20.0,Lafayette St,F,,D,4/4/2017 1:06:18 PM,4/4/2017 1:06:18 PM,,True,2,,,,,,,
427061,9340-2017-13395,1,False,9340,3/27/2017 6:45:00 PM,1845,110,1368,4313,San Jose,43,True,True,B,SIDE SWIPE,,Monday,NotApplicable,False,,,False,True,False,Santa Clara Superior,C,OTHER MOTOR VEHICLE,,0,0,CLEAR,, NO UNUSUAL CONDITIONS,, ,A,DAYLIGHT,37.319172,-121.833159,,,,,A,NO PEDESTRIANS INVOLVED,3/27/2017 12:00:00 AM,A,22107,False,1.0,US101 S/B to Tully Rd.,,,4/4/2017 12:34:00 PM,A,N,200.0,Tully Rd,F,,D,4/4/2017 12:35:27 PM,4/4/2017 12:35:27 PM,,True,2,,,,,,,
426645,9340-2017-13384,1,False,9340,3/27/2017 5:40:00 AM,540,087,1368,4313,San Jose,43,True,True,C,REAR END,,Monday,NotApplicable,False,,,False,True,True,Santa Clara Superior,C,OTHER MOTOR VEHICLE,,1,0,CLOUDY,, NO UNUSUAL CONDITIONS,, ,C,DARK-STREET LIGHTS,37.3627,-121.9179,,,,,A,NO PEDESTRIANS INVOLVED,3/27/2017 12:00:00 AM,D,,,,SR-87 Southbound south of Skyport,,,4/4/2017 7:25:54 AM,A,S,0.5,Skyport Dr,M,,D,4/4/2017 7:26:32 AM,4/4/2017 7:26:32 AM,,True,2,,,,,,,
426588,9340-2017-13378,1,False,9340,3/27/2017 7:00:00 AM,700,120,1368,4313,San Jose,43,True,True,C,REAR END,,Monday,NotApplicable,False,,,False,True,True,Santa Clara Superior,C,OTHER MOTOR VEHICLE,,0,0,CLEAR,, NO UNUSUAL CONDITIONS,, ,A,DAYLIGHT,37.3716,-121.9218,,,,,A,NO PEDESTRIANS INVOLVED,3/27/2017 12:00:00 AM,A,22350,False,1.0,US101 N/B,,,4/4/2017 5:55:33 AM,A,N,500.0,Brokaw Rd,F,,D,4/4/2017 5:56:05 AM,4/4/2017 5:56:05 AM,,True,2,,,,,,,
426439,9340-2017-13383,1,False,9340,3/27/2017 6:24:00 AM,624,281,1368,4313,San Jose,43,True,True,C,REAR END,,Monday,NotApplicable,False,,,False,True,True,Santa Clara Superior,C,OTHER MOTOR VEHICLE,,0,0,CLEAR,, NO UNUSUAL CONDITIONS,, ,B,DUSK-DAWN,37.31692,-121.92464,,,,,A,NO PEDESTRIANS INVOLVED,3/27/2017 12:00:00 AM,A,22350,False,1.0,I-280 N/B,,,4/3/2017 3:46:31 PM,A,N,160.0,Leland Ave,F,,D,4/3/2017 3:47:03 PM,4/3/2017 3:47:03 PM,,True,2,,,,,,,
426385,9340-2017-13390,1,False,9340,3/27/2017 6:10:00 PM,1810,089,1368,4313,San Jose,43,True,True,C,REAR END,,Monday,NotApplicable,False,,,False,True,True,Santa Clara Superior,C,OTHER MOTOR VEHICLE,,1,0,CLEAR,, NO UNUSUAL CONDITIONS,, ,A,DAYLIGHT,37.376258,-121.903335,,,,,A,NO PEDESTRIANS INVOLVED,3/27/2017 12:00:00 AM,A,22350,False,1.0,I-880 S/B,,,4/3/2017 3:12:12 PM,A,N,800.0,Old Bayshore Hwy,F,,D,4/3/2017 3:12:47 PM,4/3/2017 3:12:47 PM,,True,2,,,,,,,
426367,9340-2017-13334,1,False,9340,3/23/2017 11:45:00 PM,2345,087,1368,4313,San Jose,43,True,True,E,HIT OBJECT,,Thursday,NotApplicable,False,,,False,True,True,Santa Clara Superior,I,FIXED OBJECT,CONCRETE BARRIER,1,0,CLEAR,, NO UNUSUAL CONDITIONS,, ,C,DARK-STREET LIGHTS,37.9632,-121.0973,,,,,A,NO PEDESTRIANS INVOLVED,3/23/2017 12:00:00 AM,A,22107,False,1.0,SR-87 N/B,,,4/3/2017 2:56:28 PM,A,N,2500.0,Skyport Dr,F,,D,4/3/2017 2:57:03 PM,4/3/2017 2:57:03 PM,,True,2,,,,,,,
426321,9340-2017-13385,1,False,9340,3/27/2017 4:50:00 PM,1650,681,1368,4313,San Jose,43,True,True,B,SIDE SWIPE,,Monday,Yes,False,,,False,True,True,Santa Clara Superior,C,OTHER MOTOR VEHICLE,,1,0,CLEAR,, NO UNUSUAL CONDITIONS,, ,A,DAYLIGHT,37.40502,-121.87765,,,,,A,NO PEDESTRIANS INVOLVED,3/27/2017 12:00:00 AM,A,21658(a),False,1.0,I-680 S/B ,,,4/3/2017 2:21:41 PM,A,S,150.0,Cropley Ave,F,,D,4/3/2017 2:22:26 PM,4/3/2017 2:22:26 PM,,True,2,,,,,,,
426310,9340-2017-12402,2,False,9340,2/5/2017 11:21:00 PM,2321,681,1368,4313,San Jose,43,True,True,D,BROADSIDE,,Sunday,Yes,False,,,False,True,True,Santa Clara Superior,C,OTHER MOTOR VEHICLE,,4,0,CLOUDY,RAINING, NO UNUSUAL CONDITIONS,, ,D,DARK-NO STREET LIGHTS,37.35526,-121.8383,,,,,A,NO PEDESTRIANS INVOLVED,2/5/2017 12:00:00 AM,C,,,,I-680 N/B,,,5/14/2017 4:40:53 AM,B,S,1050.0,CAPITOL EXPRESSWAY,F,,D,4/3/2017 2:18:38 PM,5/14/2017 4:41:10 AM,,True,2,,,,,,,
426308,9340-2017-13389,1,False,9340,3/27/2017 3:30:00 PM,1530,089,1368,4313,San Jose,43,True,True,C,REAR END,,Monday,NotApplicable,False,,,False,True,False,Santa Clara Superior,C,OTHER MOTOR VEHICLE,,0,0,CLEAR,, NO UNUSUAL CONDITIONS,, ,A,DAYLIGHT,37.393658,-121.907204,,,,,A,NO PEDESTRIANS INVOLVED,3/27/2017 12:00:00 AM,A,22350 VC,False,1.0,INTERSTATE 880 SOUTHBOUND,,,4/3/2017 2:15:05 PM,A,N,0.25,BROKAW ROAD,M,,D,4/3/2017 2:15:34 PM,4/3/2017 2:15:34 PM,,True,2,,,,,,,
426291,9340-2017-13379,1,False,9340,3/27/2017 10:45:00 AM,1045,083,1368,4313,San Jose,43,True,True,C,REAR END,,Monday,NotApplicable,False,,,False,True,False,Santa Clara Superior,C,OTHER MOTOR VEHICLE,,0,0,CLEAR,, NO UNUSUAL CONDITIONS,, ,A,DAYLIGHT,37.15279,-121.541778,,,,,A,NO PEDESTRIANS INVOLVED,3/27/2017 12:00:00 AM,A,22350,False,1.0,SR-85 N/B,,,4/3/2017 2:05:42 PM,A,S,1500.0,Camden Ave,F,,D,4/3/2017 2:06:12 PM,4/3/2017 2:06:12 PM,,True,2,,,,,,,
426283,9340-2017-13375,1,False,9340,3/26/2017 10:35:00 PM,2235,087,1368,4313,San Jose,43,True,True,C,REAR END,,Sunday,NotApplicable,False,M,,False,True,True,Santa Clara Superior,C,OTHER MOTOR VEHICLE,,0,0,RAINING,, NO UNUSUAL CONDITIONS,, ,D,DARK-NO STREET LIGHTS,37.16435,-121.51512,,,,,A,NO PEDESTRIANS INVOLVED,3/26/2017 12:00:00 AM,A,22107,False,1.0,SR-87 N/B,,,4/3/2017 2:00:42 PM,B,N,1200.0,Capitol Expy,F,,D,4/3/2017 2:01:18 PM,4/3/2017 2:01:18 PM,,True,2,,,,,,,
426257,9340-2017-13391,1,False,9340,3/27/2017 9:15:00 PM,2115,230,1368,4313,San Jose,43,True,True,B,SIDE SWIPE,,Monday,NotApplicable,False,,,False,True,False,Santa Clara Superior,C,OTHER MOTOR VEHICLE,,0,0,CLEAR,, OBSTRUCTION ON ROADWAY*,, ,D,DARK-NO STREET LIGHTS,37.12345,-121.23456,,,,,A,NO PEDESTRIANS INVOLVED,3/27/2017 12:00:00 AM,A,22350,False,1.0,SR-237 W/B,,,4/3/2017 1:46:03 PM,A,E,0.2,GREAT AMERICA PRKWY,M,,A,4/3/2017 1:46:47 PM,4/3/2017 1:46:47 PM,,True,2,,,,,,,
426154,9340-2017-13330,1,False,9340,3/24/2017 6:01:00 PM,1801,171,1368,4313,San Jose,43,True,True,E,HIT OBJECT,,Friday,Yes,False,,,False,True,True,Santa Clara Superior,I,FIXED OBJECT,CONCRETE WALL,1,0,CLOUDY,RAINING, NO UNUSUAL CONDITIONS,, ,B,DUSK-DAWN,37.28956,-121.93641,,,,,A,NO PEDESTRIANS INVOLVED,3/24/2017 12:00:00 AM,A,22107,False,1.0,SR-17 N/B,,,4/3/2017 12:33:16 PM,B,S,1669.0,Hamilton Ave,F,,D,4/3/2017 12:34:03 PM,4/3/2017 12:34:03 PM,,True,2,,,,,,,
425962,9340-2017-13358,1,False,9340,3/26/2017 3:00:00 AM,300,120,1368,4313,San Jose,43,True,True,E,HIT OBJECT,,Sunday,NotApplicable,False,,,False,True,True,Santa Clara Superior,I,FIXED OBJECT,RAISED ASPHALT CURB,0,0,CLEAR,, NO UNUSUAL CONDITIONS,, ,D,DARK-NO STREET LIGHTS,37.36684,-121.90599,,,,,A,NO PEDESTRIANS INVOLVED,3/26/2017 12:00:00 AM,A,22107,False,1.0,US-101 N/B,,,4/3/2017 10:10:47 AM,A,S,1500.0,Old Bayshore Hwy,F,,D,4/3/2017 10:11:21 AM,4/3/2017 10:11:21 AM,,True,2,,,,,,,
425931,9340-2017-13353,1,False,9340,3/25/2017 12:40:00 PM,1240,681,1368,4313,San Jose,43,True,True,C,REAR END,,Saturday,NotApplicable,False,,,False,True,False,Santa Clara Superior,C,OTHER MOTOR VEHICLE,,0,0,CLEAR,, NO UNUSUAL CONDITIONS,, ,A,DAYLIGHT,37.347525,-121.841421,,,,,A,NO PEDESTRIANS INVOLVED,3/25/2017 12:00:00 AM,A,21658(a),False,1.0,I-680 S/B,,,4/3/2017 9:50:15 AM,A,N,2030.0,King Rd,F,,D,4/3/2017 9:51:20 AM,4/3/2017 9:51:20 AM,,True,2,,,,,,,
425918,9340-2017-13351,1,False,9340,3/25/2017 11:55:00 AM,1155,681,1368,4313,San Jose,43,True,True,B,SIDE SWIPE,,Saturday,Yes,False,,,False,True,True,Santa Clara Superior,C,OTHER MOTOR VEHICLE,,1,0,CLEAR,, NO UNUSUAL CONDITIONS,, ,A,DAYLIGHT,37.2003,-121.505,,,,,A,NO PEDESTRIANS INVOLVED,3/25/2017 12:00:00 AM,A,22107,False,1.0,SB US-101 FROM SB I-680 TRANSITION RAMP,,,4/3/2017 9:42:16 AM,A,S,796.0,Story Rd,F,,D,4/3/2017 9:43:02 AM,4/3/2017 9:43:02 AM,,True,2,,,,,,,
425904,9340-2017-13350,1,False,9340,3/25/2017 8:40:00 AM,840,087,1368,4313,San Jose,43,True,True,B,SIDE SWIPE,,Saturday,Yes,False,,,False,True,True,Santa Clara Superior,C,OTHER MOTOR VEHICLE,,1,0,CLEAR,, NO UNUSUAL CONDITIONS,, ,A,DAYLIGHT,37.370695,-121.926754,,,,,A,NO PEDESTRIANS INVOLVED,3/25/2017 12:00:00 AM,A,22107,False,1.0,SR-87 N/B,,,4/3/2017 9:34:32 AM,B,S,1100.0,US-101 U/C,F,,D,4/3/2017 9:35:14 AM,4/3/2017 9:35:14 AM,,True,2,,,,,,,
425900,9340-2017-13349,1,False,9340,3/25/2017 12:20:00 PM,1220,110,1368,4313,San Jose,43,True,True,C,REAR END,,Saturday,NotApplicable,False,,,False,True,True,Santa Clara Superior,C,OTHER MOTOR VEHICLE,,0,0,CLEAR,, NO UNUSUAL CONDITIONS,, ,A,DAYLIGHT,37.363147,-121.891694,,,,,A,NO PEDESTRIANS INVOLVED,3/25/2017 12:00:00 AM,A,22350,False,1.0,US-101 N/B,,,4/3/2017 9:31:32 AM,A,S,12.0,OLD OAKLAND RD O/C,F,,D,4/3/2017 9:32:07 AM,4/3/2017 9:32:07 AM,,True,2,,,,,,,