Collision Id,	Report Number,	Report Version,	Is Preliminary,	NCIC Code,Crash Date Time,	Crash Time Description,	Beat,City Id,	City Code,	City Name,County Code,	City Is Active,	City Is Incorporated,	Collision Type Code,Collision Type Description,	Collision Type Other Desc,	Day Of Week,	DispatchNotified,	HasPhotographs,	HitRun,	IsAttachmentsMailed,	IsDeleted,	IsHighwayRelated,	IsTowAway,	JudicialDistrict,	MotorVehicleInvolvedWithCode,	MotorVehicleInvolvedWithDesc,MotorVehicleInvolvedWithOtherDesc,	NumberInjured,	NumberKilled,Weather 1, Weather 2, Road Condition 1, Road Condition 2, Special Condition,LightingCode, LightingDescription,Latitude,Longitude,MilepostDirection,MilepostDistance,MilepostMarker,MilepostUnitOfMeasure,	PedestrianActionCode,PedestrianActionDesc,PreparedDate,	Primary Collision Factor Code,Primary Collision Factor Violation,PrimaryCollisionFactorIsCited,	PrimaryCollisionPartyNumber,	PrimaryRoad,	ReportingDistrict,	ReportingDistrictCode,ReviewedDate,	RoadwaySurfaceCode,SecondaryDirection,	SecondaryDistance,	SecondaryRoad,	SecondaryUnitOfMeasure,	SketchDesc,	TrafficControlDeviceCode,CreatedDate,	ModifiedDate,IsCountyRoad,IsFreeway,CHP555Version,	IsAdditonalObjectStruck,NotificationDate,	NotificationTimeDescription,	HasDigitalMediaFiles,	EvidenceNumber,	IsLocationReferToNarrative,	IsAOIOneSameAsLocation
461226,9340-2017-14437,1,False,9340,5/17/2017 8:05:00 AM,805,281,1368,4313,San Jose,43,True,True,C,REAR END,,Wednesday,NotApplicable,False,,,False,True,False,Santa Clara Superior,C,OTHER MOTOR VEHICLE,,0,0,CLEAR,, NO UNUSUAL CONDITIONS,, ,A,DAYLIGHT,37.1942,-121.5234,,,,,A,NO PEDESTRIANS INVOLVED,5/17/2017 12:00:00 AM,A,22350,False,1.0, I-280 N/B TO 7TH STREET,,,5/23/2017 6:33:29 AM,A,S,70.0,7TH STREET,F,,D,5/23/2017 6:33:59 AM,5/23/2017 6:33:59 AM,,True,2,,,,,,,
461225,9340-2017-14235,1,False,9340,5/8/2017 8:46:00 AM,846,901,1368,4313,San Jose,43,True,True,D,BROADSIDE,,Monday,NotApplicable,True,,,False,False,False,Santa Clara Superior,C,OTHER MOTOR VEHICLE,,1,0,CLEAR,, NO UNUSUAL CONDITIONS,, On-Duty Emergency Vehicle,A,DAYLIGHT,37.2119,-121.5419,,,,,A,NO PEDESTRIANS INVOLVED,5/8/2017 12:00:00 AM,B,21453(a)VC,,1.0,N 1ST ST,,,5/23/2017 6:29:34 AM,A,,,E Younger Ave,,,A,5/23/2017 6:30:19 AM,5/23/2017 6:30:19 AM,,,2,,,,,,,
461197,9340-2017-14144,1,False,9340,5/4/2017 8:20:00 AM,820,070,1368,4313,San Jose,43,True,True,B,SIDE SWIPE,,Thursday,NotApplicable,False,F,,False,False,False,Santa Clara Superior,B,PEDESTRIAN,,1,0,CLEAR,, NO UNUSUAL CONDITIONS,, Counter Report / Late-Reported,A,DAYLIGHT,37.1854,-121.5636,,,,,D,CROSSING - NOT IN CROSSWALK,5/4/2017 12:00:00 AM,A,22107,False,1.0,751 BASCOM AVENUE,,,5/23/2017 5:57:31 AM,A,N,100.0,Renova Dr,F,,D,5/23/2017 5:58:14 AM,5/23/2017 5:58:14 AM,,,2,,,,,,,
461193,9340-2017-14297,1,False,9340,5/10/2017 8:15:00 AM,815,083,1368,4313,San Jose,43,True,True,C,REAR END,,Wednesday,No,False,M,,False,True,False,Santa Clara Superior,C,OTHER MOTOR VEHICLE,,0,0,CLEAR,, NO UNUSUAL CONDITIONS,, ,A,DAYLIGHT,37.2554,-121.8519,S,0.3,85 SCL 6.102,M,A,NO PEDESTRIANS INVOLVED,5/10/2017 12:00:00 AM,A,22350,False,1.0,SR-85 N/B ,,,5/23/2017 5:45:48 AM,A,S,0.3,ALMADEN EXP.,M,,D,5/23/2017 5:46:30 AM,5/23/2017 5:46:30 AM,,True,2,,,,,,,
461185,9340-2017-14426,1,False,9340,5/16/2017 3:15:00 PM,1515,240,1368,4313,San Jose,43,True,True,B,SIDE SWIPE,,Tuesday,NotApplicable,False,M,,False,True,False,Santa Clara Superior,C,OTHER MOTOR VEHICLE,,0,0,CLEAR,, NO UNUSUAL CONDITIONS,, ,A,DAYLIGHT,37.4224,-121.9297,,,,,A,NO PEDESTRIANS INVOLVED,5/16/2017 12:00:00 AM,A,21658(a),False,1.0,SR-237 W/B,,,5/23/2017 5:25:26 AM,A,W,300.0,McCarthy Blvd,F,,D,5/23/2017 5:26:03 AM,5/23/2017 5:26:03 AM,,True,2,,,,,,,
460965,9340-2017-14428,1,False,9340,5/16/2017 4:21:00 PM,1621,089,1368,4313,San Jose,43,True,True,C,REAR END,,Tuesday,NotApplicable,False,,,False,True,True,Santa Clara Superior,C,OTHER MOTOR VEHICLE,,0,0,CLOUDY,, NO UNUSUAL CONDITIONS,, ,A,DAYLIGHT,37.3823,-121.9045,,,,,A,NO PEDESTRIANS INVOLVED,5/16/2017 12:00:00 AM,A,22350,False,1.0,I-880 S/B,,,5/22/2017 2:55:54 PM,A,S,50.0,Brokaw Rd,F,,D,5/22/2017 2:56:25 PM,5/22/2017 2:56:25 PM,,True,2,,,,,,,
460948,9340-2017-14427,1,False,9340,5/16/2017 4:20:00 PM,1620,120,1368,4313,San Jose,43,True,True,C,REAR END,,Tuesday,NotApplicable,False,,,False,True,True,Santa Clara Superior,C,OTHER MOTOR VEHICLE,,1,0,CLOUDY,, NO UNUSUAL CONDITIONS,, ,A,DAYLIGHT,37.363566,-121.899412,,,,,A,NO PEDESTRIANS INVOLVED,5/16/2017 12:00:00 AM,A,22350,False,1.0,US-101 S/B,,,5/22/2017 2:48:49 PM,A,N,335.0,10TH ST O/C,F,,D,5/22/2017 2:49:24 PM,5/22/2017 2:49:24 PM,,True,2,,,,,,,
460933,9340-2017-14424,1,False,9340,5/16/2017 9:30:00 AM,930,083,1368,4313,San Jose,43,True,True,C,REAR END,,Tuesday,Yes,False,,,False,True,True,Santa Clara Superior,C,OTHER MOTOR VEHICLE,,2,0,CLEAR,, NO UNUSUAL CONDITIONS,, ,A,DAYLIGHT,37.25058,-121.92209,N,50.0,85 SCL 8.773,F,A,NO PEDESTRIANS INVOLVED,5/16/2017 12:00:00 AM,A,22350 ,False,1.0,SR-85 N/B ,,,5/22/2017 2:34:18 PM,A,N,50.0,LEIGH AVE. O/C,F,,D,5/22/2017 2:35:13 PM,5/22/2017 2:35:13 PM,,True,2,,,,,,,
460919,9340-2017-14425,1,False,9340,5/16/2017 9:00:00 AM,900,281,1368,4313,San Jose,43,True,True,B,SIDE SWIPE,,Tuesday,NotApplicable,False,,,False,True,False,Santa Clara Superior,C,OTHER MOTOR VEHICLE,,0,0,CLEAR,, NO UNUSUAL CONDITIONS,, Late-Reported,A,DAYLIGHT,37.317239,-121.932304,,,,,A,NO PEDESTRIANS INVOLVED,5/16/2017 12:00:00 AM,A,22107,False,,I-280 N/B,,,5/22/2017 2:23:17 PM,A,S,0.5,I-880,M,,D,5/22/2017 2:23:45 PM,5/22/2017 2:23:45 PM,,True,2,,,,,,,
460899,9340-2017-14400,1,False,9340,5/15/2017 2:35:00 AM,235,110,1368,4313,San Jose,43,True,True,B,SIDE SWIPE,,Monday,NotApplicable,False,,,False,True,True,Santa Clara Superior,C,OTHER MOTOR VEHICLE,,0,0,CLEAR,, NO UNUSUAL CONDITIONS,, ,D,DARK-NO STREET LIGHTS,37.31976,-121.83293,,,,,A,NO PEDESTRIANS INVOLVED,5/15/2017 12:00:00 AM,C,,,,US-101 S/B,,,5/22/2017 2:11:31 PM,A,S,610.0,Tully Rd,F,,D,5/22/2017 2:12:01 PM,5/22/2017 2:12:01 PM,,True,2,,,,,,,
460886,9340-2017-14412,1,False,9340,5/15/2017 4:10:00 PM,1610,083,1368,4313,San Jose,43,True,True,C,REAR END,,Monday,NotApplicable,False,,,False,True,True,Santa Clara Superior,C,OTHER MOTOR VEHICLE,,0,0,CLEAR,, NO UNUSUAL CONDITIONS,, ,A,DAYLIGHT,37.2516,-121.9342,,,,,A,NO PEDESTRIANS INVOLVED,5/15/2017 12:00:00 AM,A,22350,False,1.0,SR-85 S/B,,,5/22/2017 2:04:11 PM,A,N,500.0,Union Ave,F,,D,5/22/2017 2:04:45 PM,5/22/2017 2:04:45 PM,,True,2,,,,,,,
460747,9340-2017-14399,1,False,9340,5/15/2017 2:34:00 AM,234,110,1368,4313,San Jose,43,True,True,E,HIT OBJECT,,Monday,Yes,False,,,False,True,True,Santa Clara Superior,I,FIXED OBJECT,CONCRETE CENTER DIVIDE,1,0,CLEAR,, NO UNUSUAL CONDITIONS,, ,D,DARK-NO STREET LIGHTS,37.31975,-121.8329,,,,,A,NO PEDESTRIANS INVOLVED,5/15/2017 12:00:00 AM,A,22107,False,1.0,US-101 S/B,,,5/22/2017 12:24:26 PM,A,N,600.0,Tully Rd,F,,D,5/22/2017 12:25:12 PM,5/22/2017 12:25:12 PM,,True,2,,,,,,,
460725,9340-2017-14414,1,False,9340,5/15/2017 3:00:00 PM,1500,281,1368,4313,San Jose,43,True,True,C,REAR END,,Monday,NotApplicable,False,,,False,True,True,Santa Clara Superior,C,OTHER MOTOR VEHICLE,,0,0,CLEAR,, NO UNUSUAL CONDITIONS,, ,A,DAYLIGHT,37.679798,-121.870897,,,,,A,NO PEDESTRIANS INVOLVED,5/15/2017 12:00:00 AM,A,22350,False,1.0,I-280 N/B,,,5/22/2017 12:05:38 PM,A,S,500.0,Race St,F,,D,5/22/2017 12:06:08 PM,5/22/2017 12:06:08 PM,,True,2,,,,,,,
460683,9340-2017-14403,1,False,9340,5/15/2017 10:15:00 AM,1015,282,1368,4313,San Jose,43,True,True,C,REAR END,,Monday,NotApplicable,False,,,False,True,True,Santa Clara Superior,C,OTHER MOTOR VEHICLE,,0,0,CLEAR,, NO UNUSUAL CONDITIONS,, ,A,DAYLIGHT,37.19699,-121.592383,,,,,A,NO PEDESTRIANS INVOLVED,5/15/2017 12:00:00 AM,A,22350,False,1.0,I-280 N/B,,,5/22/2017 11:31:28 AM,A,S,1500.0,LAWRENCE EXPRESSWAY,F,,D,5/22/2017 11:32:10 AM,5/22/2017 11:32:10 AM,,True,2,,,,,,,
460574,9340-2017-14413,1,False,9340,5/15/2017 5:23:00 PM,1723,282,1368,4313,San Jose,43,True,True,C,REAR END,,Monday,NotApplicable,False,,,False,True,False,Santa Clara Superior,C,OTHER MOTOR VEHICLE,,1,0,CLEAR,, NO UNUSUAL CONDITIONS,, ,A,DAYLIGHT,37.3343,-122.0682,,,,,A,NO PEDESTRIANS INVOLVED,5/15/2017 12:00:00 AM,A,22350,False,1.0,I-280 S/B,,,5/22/2017 10:13:06 AM,A,S,50.0,Foothill Expy,F,,D,5/22/2017 10:13:44 AM,5/22/2017 10:13:44 AM,,True,2,,,,,,,
460561,9340-2017-13731,1,False,9340,4/12/2017 4:30:00 PM,1630,087,1368,4313,San Jose,43,True,True,C,REAR END,,Wednesday,NotApplicable,False,M,,False,True,False,Santa Clara Superior,C,OTHER MOTOR VEHICLE,,0,0,CLEAR,, NO UNUSUAL CONDITIONS,, ,A,DAYLIGHT,37.29948,-121.877303,,,,,A,NO PEDESTRIANS INVOLVED,4/12/2017 12:00:00 AM,A,21658(a),False,1.0,SR-87 S/B,,,5/22/2017 10:07:45 AM,A,N,800.0,Almaden Expy,F,,D,5/22/2017 10:08:41 AM,5/22/2017 10:08:41 AM,,True,2,,,,,,,
460558,9340-2017-14418,1,False,9340,5/15/2017 7:15:00 PM,1915,087,1368,4313,San Jose,43,True,True,B,SIDE SWIPE,,Monday,NotApplicable,False,,,False,True,True,Santa Clara Superior,C,OTHER MOTOR VEHICLE,,0,0,CLEAR,, NO UNUSUAL CONDITIONS,, ,A,DAYLIGHT,37.909808,-121.76987,,,,,A,NO PEDESTRIANS INVOLVED,5/15/2017 12:00:00 AM,A,22350,False,1.0,SR-87 S/B,,,5/22/2017 9:49:43 AM,A,N,450.0,Alma Ave,F,,D,5/22/2017 10:08:11 AM,5/22/2017 10:08:11 AM,,True,2,,,,,,,
460497,9340-2017-14417,1,False,9340,5/15/2017 4:45:00 PM,1645,281,1368,4313,San Jose,43,True,True,C,REAR END,,Monday,NotApplicable,False,,,False,True,True,Santa Clara Superior,C,OTHER MOTOR VEHICLE,,0,0,CLEAR,, NO UNUSUAL CONDITIONS,, ,A,DAYLIGHT,37.87987,-121.878709,,,,,A,NO PEDESTRIANS INVOLVED,5/15/2017 12:00:00 AM,A,22350,False,1.0,I-280 S/B,,,5/22/2017 9:38:16 AM,A,N,300.0,Meridian Ave,F,,D,5/22/2017 9:38:49 AM,5/22/2017 9:38:49 AM,,True,2,,,,,,,
460440,9725-2017-03211,1,False,9725,5/19/2017 10:00:00 PM,2200,015,1368,4313,San Jose,43,True,True,E,HIT OBJECT,,Friday,Yes,False,,,False,True,True,San Jose Superior,I,FIXED OBJECT,TREE,0,0,CLEAR,, NO UNUSUAL CONDITIONS,, ,D,DARK-NO STREET LIGHTS,37.254706,-121.792646,,,,,A,NO PEDESTRIANS INVOLVED,5/19/2017 12:00:00 AM,A,23152(a),True,1.0,US-101 S/B,,,5/22/2017 8:57:40 AM,A,S,0.3,Blossom Hill Rd,M,,D,5/22/2017 8:58:39 AM,5/22/2017 8:58:39 AM,,True,2,,,,,,,
460406,9340-2017-14387,1,False,9340,5/14/2017 12:05:00 PM,1205,110,1368,4313,San Jose,43,True,True,C,REAR END,,Sunday,NotApplicable,False,F,,False,True,False,Santa Clara Superior,C,OTHER MOTOR VEHICLE,,1,0,CLEAR,, NO UNUSUAL CONDITIONS,, ,A,DAYLIGHT,37.303781,-121.815307,,,,,A,NO PEDESTRIANS INVOLVED,5/14/2017 12:00:00 AM,A,22350,False,1.0,US101 N/B (TO CAPITOL EXPY),,,5/22/2017 8:35:27 AM,A,S,20.0,Capitol Expy,F,,D,5/22/2017 8:36:02 AM,5/22/2017 8:36:02 AM,,True,2,,,,,,,
460258,9340-2017-14233,1,False,9340,5/8/2017 6:30:00 AM,630,087,1368,4313,San Jose,43,True,True,B,SIDE SWIPE,,Monday,NotApplicable,True,,,False,True,False,Santa Clara Superior,C,OTHER MOTOR VEHICLE,,0,0,CLEAR,, NO UNUSUAL CONDITIONS,, ,A,DAYLIGHT,37.27653,-121.86312,,,,,A,NO PEDESTRIANS INVOLVED,5/8/2017 12:00:00 AM,A,22107,False,,SR-87 N/B RAMP FROM NARVAEZ AVE.,,,5/22/2017 6:05:17 AM,A,N,20.0,Narvaez Ave,F,,D,5/22/2017 6:05:46 AM,5/22/2017 6:05:46 AM,,True,2,,,,,,,
460233,9340-2017-14169,1,False,9340,5/5/2017 9:30:00 PM,2130,120,1368,4313,San Jose,43,True,True,C,REAR END,,Friday,NotApplicable,False,M,,False,True,True,Santa Clara Superior,C,OTHER MOTOR VEHICLE,,1,0,CLEAR,, NO UNUSUAL CONDITIONS,, ,C,DARK-STREET LIGHTS,37.22726,-121.543277,,,,,A,NO PEDESTRIANS INVOLVED,5/5/2017 12:00:00 AM,A,22350,False,1.0,US101 S/B,,,5/22/2017 4:56:38 AM,A,N,2600.0,I-880 S/B,F,,D,5/22/2017 4:57:37 AM,5/22/2017 4:57:37 AM,,True,2,,,,,,,
459678,9340-2017-14407,2,False,9340,5/15/2017 12:45:00 PM,1245,087,1368,4313,San Jose,43,True,True,C,REAR END,,Monday,NotApplicable,False,M,,False,True,False,Santa Clara Superior,C,OTHER MOTOR VEHICLE,,0,0,CLEAR,, NO UNUSUAL CONDITIONS,, ,A,DAYLIGHT,37.33335,-121.8961,,,,,A,NO PEDESTRIANS INVOLVED,5/15/2017 12:00:00 AM,A,22350,False,1.0,SR-87 N/B TO SANTA CLARA STREET,,,9/19/2017 3:09:39 PM,A,S,20.0,santa clara street,F,,D,5/19/2017 1:28:50 PM,9/19/2017 3:09:46 PM,,True,2,,,,,,,
459668,9340-2017-14404,1,False,9340,5/15/2017 8:15:00 AM,815,281,1368,4313,San Jose,43,True,True,B,SIDE SWIPE,,Monday,NotApplicable,False,,,False,True,False,Santa Clara Superior,C,OTHER MOTOR VEHICLE,,0,0,CLEAR,, NO UNUSUAL CONDITIONS,, ,A,DAYLIGHT,37.192,-121.5613,,,,,A,NO PEDESTRIANS INVOLVED,5/15/2017 12:00:00 AM,A,21658(a),False,1.0,I-280 N/B,,,5/19/2017 1:23:01 PM,A,S,250.0,MACARTHUR AVENUE,F,,D,5/19/2017 1:23:31 PM,5/19/2017 1:23:31 PM,,True,2,,,,,,,
459657,9340-2017-14405,1,False,9340,5/15/2017 8:05:00 AM,805,281,1368,4313,San Jose,43,True,True,C,REAR END,,Monday,NotApplicable,False,,,False,True,False,Santa Clara Superior,C,OTHER MOTOR VEHICLE,,0,0,CLEAR,, NO UNUSUAL CONDITIONS,, ,A,DAYLIGHT,37.1912,-121.544,,,,,A,NO PEDESTRIANS INVOLVED,5/15/2017 12:00:00 AM,A,22350,False,1.0,I-280 S/B,,,5/19/2017 1:19:17 PM,A,N,800.0,bird avenue,F,,D,5/19/2017 1:19:47 PM,5/19/2017 1:19:47 PM,,True,2,,,,,,,
459641,9340-2017-14396,1,False,9340,5/14/2017 6:15:00 PM,1815,110,1368,4313,San Jose,43,True,True,B,SIDE SWIPE,,Sunday,NotApplicable,False,,,False,True,False,Santa Clara Superior,C,OTHER MOTOR VEHICLE,,0,0,CLEAR,, NO UNUSUAL CONDITIONS,, ,A,DAYLIGHT,37.898797,-121.908097,,,,,A,NO PEDESTRIANS INVOLVED,5/14/2017 12:00:00 AM,A,21658(a),False,1.0,US101 N/B,,,5/19/2017 1:10:49 PM,A,N,350.0,Oakland Rd,F,,D,5/19/2017 1:11:50 PM,5/19/2017 1:11:50 PM,,True,2,,,,,,,
459640,9340-2017-14394,1,False,9340,5/14/2017 8:50:00 PM,2050,110,1368,4313,San Jose,43,True,True,E,HIT OBJECT,,Sunday,NotApplicable,False,,,False,True,True,Santa Clara Superior,I,FIXED OBJECT,Sound Wall,1,0,CLEAR,, NO UNUSUAL CONDITIONS,, ,A,DAYLIGHT,37.35654,-121.86839,,,,,A,NO PEDESTRIANS INVOLVED,5/14/2017 12:00:00 AM,A,22107,False,1.0,US101 N/B,,,5/19/2017 1:10:52 PM,A,N,1000.0,McKee Rd,F,,D,5/19/2017 1:11:29 PM,5/19/2017 1:11:29 PM,,True,2,,,,,,,
459626,9340-2017-14381,1,False,9340,5/14/2017 10:35:00 AM,1035,240,1368,4313,San Jose,43,True,True,E,HIT OBJECT,,Sunday,NotApplicable,False,,,False,True,True,Santa Clara Superior,I,FIXED OBJECT,CHAIN LINKED FENCE,0,0,CLEAR,, NO UNUSUAL CONDITIONS,, ,A,DAYLIGHT,37.41951,-121.94566,,,,,A,NO PEDESTRIANS INVOLVED,5/14/2017 12:00:00 AM,A,22107,False,1.0,SR-237 W/B,,,5/19/2017 12:57:00 PM,A,W,2000.0,Zanker Rd,F,,D,5/19/2017 12:57:32 PM,5/19/2017 12:57:32 PM,,True,2,,,,,,,
459612,9340-2017-14373,1,False,9340,5/13/2017 2:30:00 PM,1430,281,1368,4313,San Jose,43,True,True,C,REAR END,,Saturday,Yes,False,,,False,True,True,Santa Clara Superior,C,OTHER MOTOR VEHICLE,,1,0,CLEAR,, NO UNUSUAL CONDITIONS,, ,A,DAYLIGHT,37.18582,-121.54231,,,,,A,NO PEDESTRIANS INVOLVED,5/13/2017 12:00:00 AM,A,22350,False,1.0,I-280 S/B,,,5/19/2017 12:43:50 PM,A,S,1500.0,Race St,F,,D,5/19/2017 12:44:25 PM,5/19/2017 12:44:25 PM,,True,2,,,,,,,
459608,9340-2017-14375,1,False,9340,5/13/2017 1:40:00 PM,1340,088,1368,4313,San Jose,43,True,True,C,REAR END,,Saturday,NotApplicable,False,M,,False,True,True,Santa Clara Superior,C,OTHER MOTOR VEHICLE,,0,0,CLEAR,, NO UNUSUAL CONDITIONS,, ,A,DAYLIGHT,37.21236,-121.54319,,,,,A,NO PEDESTRIANS INVOLVED,5/13/2017 12:00:00 AM,A,22350,False,1.0,I-880 N/B,,,5/19/2017 12:39:43 PM,A,S,750.0,1st St,F,,D,5/19/2017 12:40:18 PM,5/19/2017 12:40:18 PM,,True,2,,,,,,,
459593,9340-2017-14359,1,False,9340,5/12/2017 1:30:00 PM,1330,120,1368,4313,San Jose,43,True,True,C,REAR END,,Friday,Yes,False,M,,False,True,False,Santa Clara Superior,C,OTHER MOTOR VEHICLE,,0,0,CLEAR,, NO UNUSUAL CONDITIONS,, ,A,DAYLIGHT,37.21489,-121.53448,,,,,A,NO PEDESTRIANS INVOLVED,5/12/2017 12:00:00 AM,A,22350,False,1.0,US101 N/B,,,5/19/2017 12:27:11 PM,A,S,800.0,North 10th Street,F,,D,5/19/2017 12:27:47 PM,5/19/2017 12:27:47 PM,,True,2,,,,,,,
459573,9340-2017-14367,1,False,9340,5/12/2017 10:50:00 PM,2250,087,1368,4313,San Jose,43,True,True,E,HIT OBJECT,,Friday,Yes,False,,,False,True,True,Santa Clara Superior,I,FIXED OBJECT,CONCRETE SHOULDER WALL,2,0,CLEAR,, NO UNUSUAL CONDITIONS,, ,C,DARK-STREET LIGHTS,37.3316,-121.89646,,,,,A,NO PEDESTRIANS INVOLVED,5/12/2017 12:00:00 AM,A,22107,False,1.0,SR-87 N/B,,,5/19/2017 12:09:09 PM,A,N,185.0,San Fernando St,F,,D,5/19/2017 12:09:51 PM,5/19/2017 12:09:51 PM,,True,2,,,,,,,
459556,9340-2017-14354,1,False,9340,5/12/2017 11:05:00 AM,1105,172,1368,4313,San Jose,43,True,True,C,REAR END,,Friday,NotApplicable,False,,,False,True,False,Santa Clara Superior,C,OTHER MOTOR VEHICLE,,1,0,CLEAR,, NO UNUSUAL CONDITIONS,, ,A,DAYLIGHT,37.312365,-121.940462,,,,,A,NO PEDESTRIANS INVOLVED,5/12/2017 12:00:00 AM,D,,,,SR-17 N/B,,,5/19/2017 11:56:12 AM,A,S,1450.0,MOORPARK AVENUE,F,,D,5/19/2017 11:56:48 AM,5/19/2017 11:56:48 AM,,True,2,,,,,,,
459553,9340-2017-14330,1,False,9340,5/11/2017 3:00:00 PM,1500,120,1368,4313,San Jose,43,True,True,C,REAR END,,Thursday,NotApplicable,False,,,False,True,False,Santa Clara Superior,C,OTHER MOTOR VEHICLE,,0,0,CLEAR,, NO UNUSUAL CONDITIONS,, ,A,DAYLIGHT,37.363206,-121.894526,,,,,A,NO PEDESTRIANS INVOLVED,5/11/2017 12:00:00 AM,A,22350,False,1.0,US-101 S/B,,,5/19/2017 11:48:19 AM,A,N,200.0,Oakland Rd,F,,D,5/19/2017 11:48:49 AM,5/19/2017 11:48:49 AM,,True,2,,,,,,,
459487,9340-2017-14395,1,False,9340,5/14/2017 3:10:00 PM,1510,110,1368,4313,San Jose,43,True,True,B,SIDE SWIPE,,Sunday,NotApplicable,False,,,False,True,False,Santa Clara Superior,C,OTHER MOTOR VEHICLE,,0,0,CLEAR,, NO UNUSUAL CONDITIONS,, ,A,DAYLIGHT,,,,,,,A,NO PEDESTRIANS INVOLVED,5/14/2017 12:00:00 AM,A,21658A,False,2.0,US-101 SOUTHBOUND,,,5/19/2017 10:55:36 AM,A,S,0.1,CAPITOL EXPRESSWAY O/C,M,,D,5/19/2017 10:56:12 AM,5/19/2017 10:56:12 AM,,True,2,,,,,,,
459469,9340-2017-14380,1,False,9340,5/14/2017 2:50:00 AM,250,281,1368,4313,San Jose,43,True,True,B,SIDE SWIPE,,Sunday,NotApplicable,False,M,,False,True,False,Santa Clara Superior,C,OTHER MOTOR VEHICLE,,0,0,CLEAR,, NO UNUSUAL CONDITIONS,, ,D,DARK-NO STREET LIGHTS,37.321935,-121.898691,,,,,A,NO PEDESTRIANS INVOLVED,5/14/2017 12:00:00 AM,A,22107,False,1.0,I-280 S/B,,,5/19/2017 10:41:22 AM,A,N,100.0,Bird Ave,F,,D,5/19/2017 10:41:56 AM,5/19/2017 10:41:56 AM,,True,2,,,,,,,
459464,9340-2017-14183,1,False,9340,5/5/2017 4:10:00 AM,410,120,1368,4313,San Jose,43,True,True,C,REAR END,,Friday,Yes,False,,,False,True,True,Santa Clara Superior,C,OTHER MOTOR VEHICLE,,1,0,CLEAR,, NO UNUSUAL CONDITIONS,, ,B,DUSK-DAWN,37.22216,-121.55263,,,,,A,NO PEDESTRIANS INVOLVED,5/5/2017 12:00:00 AM,A,22107,False,1.0,US101 S/B,,,5/19/2017 10:37:56 AM,A,N,1000.0,Brokaw Rd,F,,D,5/19/2017 10:38:44 AM,5/19/2017 10:38:44 AM,,True,2,,,,,,,
459440,9340-2017-14372,1,False,9340,5/13/2017 11:45:00 AM,1145,020,1368,4313,San Jose,43,True,True,B,SIDE SWIPE,,Saturday,NotApplicable,False,,,False,False,False,Santa Clara Superior,C,OTHER MOTOR VEHICLE,,0,0,CLEAR,, NO UNUSUAL CONDITIONS,, ,A,DAYLIGHT,37.36332,-121.81955,,,,,A,NO PEDESTRIANS INVOLVED,5/13/2017 12:00:00 AM,A,22517,False,1.0,Dale Dr (Block 10371),,,5/19/2017 10:25:03 AM,A,E,150.0,Jerilyn Dr,F,,D,5/19/2017 10:25:41 AM,5/19/2017 10:25:41 AM,,,2,,,,,,,
459426,9340-2017-14141,1,False,9340,5/4/2017 7:30:00 AM,730,281,1368,4313,San Jose,43,True,True,B,SIDE SWIPE,,Thursday,Yes,False,,,False,True,True,Santa Clara Superior,C,OTHER MOTOR VEHICLE,,1,0,CLEAR,, NO UNUSUAL CONDITIONS,, ,A,DAYLIGHT,37.1907,-121.5539,,,,,A,NO PEDESTRIANS INVOLVED,5/4/2017 12:00:00 AM,A,21658(a),False,1.0,I-280 NB,,,5/19/2017 10:17:48 AM,A,S,1500.0,Bascom Ave,F,,D,5/19/2017 10:18:29 AM,5/19/2017 10:18:29 AM,,True,2,,,,,,,
459421,9340-2017-14371,1,False,9340,5/13/2017 6:08:00 AM,608,281,1368,4313,San Jose,43,True,True,C,REAR END,,Saturday,Yes,False,,,False,True,True,Santa Clara Superior,C,OTHER MOTOR VEHICLE,,2,0,CLEAR,, NO UNUSUAL CONDITIONS,, ,A,DAYLIGHT,37.32457,-121.88958,,,,,A,NO PEDESTRIANS INVOLVED,5/13/2017 12:00:00 AM,A,22350,False,1.0,I-280 N/B,,,5/19/2017 10:15:40 AM,A,N,500.0,Vine St,F,,D,5/19/2017 10:16:23 AM,5/19/2017 10:16:23 AM,,True,2,,,,,,,
459398,9340-2017-13966,1,False,9340,4/20/2017 11:15:00 PM,2315,281,1368,4313,San Jose,43,True,True,C,REAR END,,Thursday,NotApplicable,True,,,False,True,False,Santa Clara Superior,C,OTHER MOTOR VEHICLE,,0,0,CLEAR,, NO UNUSUAL CONDITIONS,, Late-Reported,C,DARK-STREET LIGHTS,37.329044,-121.870662,,,,,A,NO PEDESTRIANS INVOLVED,4/20/2017 12:00:00 AM,A,22350,False,1.0,I-280 N/B,,,5/19/2017 9:56:09 AM,A,S,20.0,11th St,F,,A,5/19/2017 10:05:37 AM,5/19/2017 10:05:37 AM,,True,2,,,,,,,
459338,9340-2017-14364,1,False,9340,5/12/2017 6:20:00 PM,1820,230,1368,4313,San Jose,43,True,True,C,REAR END,,Friday,NotApplicable,False,,,False,True,True,Santa Clara Superior,C,OTHER MOTOR VEHICLE,,2,0,CLEAR,, NO UNUSUAL CONDITIONS,, ,A,DAYLIGHT,37.41931,-121.94998,,,,,A,NO PEDESTRIANS INVOLVED,5/12/2017 12:00:00 AM,A,21658(a),False,1.0,SR-237 E/B,,,5/19/2017 9:30:36 AM,A,W,1500.0,NORTH FIRST STREET,F,,D,5/19/2017 9:31:20 AM,5/19/2017 9:31:20 AM,,True,2,,,,,,,