Collision Id,	Report Number,	Report Version,	Is Preliminary,	NCIC Code,Crash Date Time,	Crash Time Description,	Beat,City Id,	City Code,	City Name,County Code,	City Is Active,	City Is Incorporated,	Collision Type Code,Collision Type Description,	Collision Type Other Desc,	Day Of Week,	DispatchNotified,	HasPhotographs,	HitRun,	IsAttachmentsMailed,	IsDeleted,	IsHighwayRelated,	IsTowAway,	JudicialDistrict,	MotorVehicleInvolvedWithCode,	MotorVehicleInvolvedWithDesc,MotorVehicleInvolvedWithOtherDesc,	NumberInjured,	NumberKilled,Weather 1, Weather 2, Road Condition 1, Road Condition 2, Special Condition,LightingCode, LightingDescription,Latitude,Longitude,MilepostDirection,MilepostDistance,MilepostMarker,MilepostUnitOfMeasure,	PedestrianActionCode,PedestrianActionDesc,PreparedDate,	Primary Collision Factor Code,Primary Collision Factor Violation,PrimaryCollisionFactorIsCited,	PrimaryCollisionPartyNumber,	PrimaryRoad,	ReportingDistrict,	ReportingDistrictCode,ReviewedDate,	RoadwaySurfaceCode,SecondaryDirection,	SecondaryDistance,	SecondaryRoad,	SecondaryUnitOfMeasure,	SketchDesc,	TrafficControlDeviceCode,CreatedDate,	ModifiedDate,IsCountyRoad,IsFreeway,CHP555Version,	IsAdditonalObjectStruck,NotificationDate,	NotificationTimeDescription,	HasDigitalMediaFiles,	EvidenceNumber,	IsLocationReferToNarrative,	IsAOIOneSameAsLocation
453033,9340-2017-14205,1,False,9340,5/6/2017 6:00:00 PM,1800,171,1368,4313,San Jose,43,True,True,C,REAR END,,Saturday,NotApplicable,False,,,False,True,False,Santa Clara Superior,C,OTHER MOTOR VEHICLE,,0,0,CLEAR,, NO UNUSUAL CONDITIONS,, ,A,DAYLIGHT,37.15481,-121.572847,,,,,A,NO PEDESTRIANS INVOLVED,5/6/2017 12:00:00 AM,A,22350,False,1.0,SR-17 N/B TO SR-85 S/B,,,5/10/2017 10:31:43 AM,A,N,800.0,Lark Ave,F,,D,5/10/2017 10:32:13 AM,5/10/2017 10:32:13 AM,,True,2,,,,,,,
453017,9340-2017-14170,1,False,9340,5/5/2017 8:55:00 AM,855,281,1368,4313,San Jose,43,True,True,C,REAR END,,Friday,NotApplicable,False,,,False,True,False,Santa Clara Superior,C,OTHER MOTOR VEHICLE,,1,0,CLEAR,, NO UNUSUAL CONDITIONS,, ,A,DAYLIGHT,37.20072,-121.51648,,,,,A,NO PEDESTRIANS INVOLVED,5/5/2017 12:00:00 AM,A,22350,False,1.0,I-280 N/B,,,5/10/2017 10:23:42 AM,A,S,0.7,11th St,M,,D,5/10/2017 10:24:22 AM,5/10/2017 10:24:22 AM,,True,2,,,,,,,
452940,9725-2017-03156,1,False,9725,5/7/2017 2:33:00 PM,1433,013,1368,4313,San Jose,43,True,True,B,SIDE SWIPE,,Sunday,NotApplicable,False,,,False,True,True,Santa Clara Superior,C,OTHER MOTOR VEHICLE,,2,0,CLEAR,, NO UNUSUAL CONDITIONS,, ,A,DAYLIGHT,37.2097,-121.72271,,,,,A,NO PEDESTRIANS INVOLVED,5/7/2017 12:00:00 AM,A,21658(a),False,1.0,US-101 N/B,,,5/10/2017 9:42:40 AM,A,S,350.0,Bailey Avenue,F,,D,5/10/2017 9:43:21 AM,5/10/2017 9:43:21 AM,,True,2,,,,,,,
452901,9340-2017-14175,1,False,9340,5/5/2017 11:47:00 AM,1147,681,1368,4313,San Jose,43,True,True,C,REAR END,,Friday,Yes,False,,,False,True,True,Santa Clara Superior,C,OTHER MOTOR VEHICLE,,2,0,CLEAR,, NO UNUSUAL CONDITIONS,, ,A,DAYLIGHT,37.2229,-121.511,,,,,A,NO PEDESTRIANS INVOLVED,5/5/2017 12:00:00 AM,A,22107,False,1.0,I-680 N/B,,,5/10/2017 9:17:15 AM,A,S,3500.0,Berryessa Rd,F,,D,5/10/2017 9:18:02 AM,5/10/2017 9:18:02 AM,,True,2,,,,,,,
452834,9340-2017-14172,1,False,9340,5/5/2017 6:30:00 AM,630,681,1368,4313,San Jose,43,True,True,B,SIDE SWIPE,,Friday,NotApplicable,False,M,,False,True,False,Santa Clara Superior,C,OTHER MOTOR VEHICLE,,0,0,CLOUDY,, NO UNUSUAL CONDITIONS,, ,A,DAYLIGHT,37.3316,-121.8447,,,,,A,NO PEDESTRIANS INVOLVED,5/5/2017 12:00:00 AM,A,22107,False,1.0,I-680 S/B TO US-101 S/B,,,5/10/2017 8:46:52 AM,A,N,2000.0,US101,F,,D,5/10/2017 8:47:24 AM,5/10/2017 8:47:24 AM,,True,2,,,,,,,
452808,9340-2017-14185,1,False,9340,5/5/2017 2:40:00 PM,1440,681,1368,4313,San Jose,43,True,True,C,REAR END,,Friday,NotApplicable,False,,,False,True,True,Santa Clara Superior,C,OTHER MOTOR VEHICLE,,5,0,CLEAR,, NO UNUSUAL CONDITIONS,, ,A,DAYLIGHT,37.34592,-121.84346,,,,,A,NO PEDESTRIANS INVOLVED,5/5/2017 12:00:00 AM,A,22350,False,1.0,I-680 S/B,,,5/10/2017 8:24:34 AM,A,N,1220.0,King Rd,F,,D,5/10/2017 8:25:25 AM,5/10/2017 8:25:25 AM,,True,2,,,,,,,
452785,9340-2017-14191,1,False,9340,5/5/2017 6:15:00 PM,1815,281,1368,4313,San Jose,43,True,True,C,REAR END,,Friday,NotApplicable,False,,,False,True,True,Santa Clara Superior,C,OTHER MOTOR VEHICLE,,0,0,CLEAR,, NO UNUSUAL CONDITIONS,, ,A,DAYLIGHT,37.31728,-121.9396,,,,,A,NO PEDESTRIANS INVOLVED,5/5/2017 12:00:00 AM,A,22350,False,1.0,I-280 S/B,,,5/10/2017 8:08:33 AM,A,S,200.0,SR-87,F,,D,5/10/2017 8:09:02 AM,5/10/2017 8:09:02 AM,,True,2,,,,,,,
452767,9340-2017-14195,1,False,9340,5/5/2017 10:50:00 PM,2250,088,1368,4313,San Jose,43,True,True,C,REAR END,,Friday,NotApplicable,False,,,False,True,True,Santa Clara Superior,C,OTHER MOTOR VEHICLE,,0,0,CLEAR,, NO UNUSUAL CONDITIONS,, ,C,DARK-STREET LIGHTS,37.3511,-121.91513,,,,,A,NO PEDESTRIANS INVOLVED,5/5/2017 12:00:00 AM,A,22350,False,1.0,I-880 S/B,,,5/10/2017 7:49:25 AM,A,N,500.0,Coleman Ave,F,,D,5/10/2017 7:49:56 AM,5/10/2017 7:49:56 AM,,True,2,,,,,,,
452725,9340-2017-14184,1,False,9340,5/5/2017 6:00:00 PM,1800,110,1368,4313,San Jose,43,True,True,C,REAR END,,Friday,NotApplicable,False,,,False,True,True,Santa Clara Superior,C,OTHER MOTOR VEHICLE,,0,0,CLEAR,, NO UNUSUAL CONDITIONS,, ,A,DAYLIGHT,37.213378,-121.522322,,,,,A,NO PEDESTRIANS INVOLVED,5/5/2017 12:00:00 AM,A,22350,False,1.0,US101 S/B,,,5/10/2017 7:17:20 AM,A,N,2700.0,McKee Rd,F,,D,5/10/2017 7:17:52 AM,5/10/2017 7:17:52 AM,,True,2,,,,,,,
452719,9340-2017-14180,1,False,9340,5/5/2017 11:30:00 AM,1130,089,1368,4313,San Jose,43,True,True,C,REAR END,,Friday,NotApplicable,False,,,False,True,False,Santa Clara Superior,C,OTHER MOTOR VEHICLE,,0,0,CLEAR,, NO UNUSUAL CONDITIONS,, ,A,DAYLIGHT,37.373502,-121.902526,,,,,A,NO PEDESTRIANS INVOLVED,5/5/2017 12:00:00 AM,A,22350,False,1.0,I-880 SB,,,5/10/2017 7:13:37 AM,A,N,500.0,US-101,F,,D,5/10/2017 7:14:11 AM,5/10/2017 7:14:11 AM,,True,2,,,,,,,
452708,9340-2017-14176,1,False,9340,5/5/2017 8:35:00 AM,835,240,1368,4313,San Jose,43,True,True,B,SIDE SWIPE,,Friday,NotApplicable,False,,,False,True,False,Santa Clara Superior,C,OTHER MOTOR VEHICLE,,0,0,CLEAR,, NO UNUSUAL CONDITIONS,, ,A,DAYLIGHT,37.444615,-121.929096,,,,,A,NO PEDESTRIANS INVOLVED,5/5/2017 12:00:00 AM,A,21658(a),False,1.0,SR-237 W/B,,,5/10/2017 7:00:15 AM,A,E,2000.0,Zanker Rd,F,,D,5/10/2017 7:00:53 AM,5/10/2017 7:00:53 AM,,True,2,,,,,,,
452699,9340-2017-14178,1,False,9340,5/5/2017 1:05:00 PM,1305,085,1368,4313,San Jose,43,True,True,C,REAR END,,Friday,NotApplicable,False,,,False,True,False,Santa Clara Superior,C,OTHER MOTOR VEHICLE,,2,0,CLEAR,, NO UNUSUAL CONDITIONS,, ,A,DAYLIGHT,37.301558,-122.03197,,,,,A,NO PEDESTRIANS INVOLVED,5/5/2017 12:00:00 AM,A,22350,False,2.0,SR-85 n/b to Deanza Blvd,,,5/10/2017 6:52:00 AM,A,S,30.0,Deanza Blvd,F,,A,5/10/2017 6:52:34 AM,5/10/2017 6:52:34 AM,,True,2,,,,,,,
452673,9340-2017-14166,1,False,9340,5/4/2017 10:40:00 PM,2240,120,1368,4313,San Jose,43,True,True,C,REAR END,,Thursday,Yes,False,,,False,True,True,Santa Clara Superior,C,OTHER MOTOR VEHICLE,,1,0,CLEAR,, NO UNUSUAL CONDITIONS,, ,C,DARK-STREET LIGHTS,37.37281,-121.92406,,,,,A,NO PEDESTRIANS INVOLVED,5/4/2017 12:00:00 AM,A,22350,False,1.0,US101 S/B,,,5/10/2017 6:20:32 AM,A,N,1300.0,Brokaw Rd,F,,D,5/10/2017 6:21:13 AM,5/10/2017 6:21:13 AM,,True,2,,,,,,,
452671,9340-2017-14152,1,False,9340,5/4/2017 5:00:00 PM,1700,230,1368,4313,San Jose,43,True,True,C,REAR END,,Thursday,NotApplicable,False,,,False,True,True,Santa Clara Superior,C,OTHER MOTOR VEHICLE,,1,0,CLEAR,, NO UNUSUAL CONDITIONS,, ,A,DAYLIGHT,37.42003,-121.94122,,,,,A,NO PEDESTRIANS INVOLVED,5/4/2017 12:00:00 AM,A,22350,False,1.0,SR-237 W/B,,,5/10/2017 6:12:37 AM,A,W,400.0,ZANKER ROAD,F,,D,5/10/2017 6:13:21 AM,5/10/2017 6:13:21 AM,,True,2,,,,,,,
452656,9340-2017-14105,2,False,9340,5/2/2017 7:25:00 PM,1925,282,1368,4313,San Jose,43,True,True,C,REAR END,,Tuesday,NotApplicable,False,,,False,True,False,Santa Clara Superior,C,OTHER MOTOR VEHICLE,,1,0,CLEAR,, NO UNUSUAL CONDITIONS,, ,A,DAYLIGHT,37.316299,-121.960371,,,,,A,NO PEDESTRIANS INVOLVED,5/2/2017 12:00:00 AM,A,22350,False,1.0,I-280 S/B,,,4/13/2020 2:50:40 PM,A,N,1200.0,Winchester Blvd,F,,D,5/10/2017 5:49:44 AM,4/13/2020 2:50:43 PM,,True,2,,,,,,,
452653,9340-2017-14104,1,False,9340,5/2/2017 3:55:00 PM,1555,281,1368,4313,San Jose,43,True,True,C,REAR END,,Tuesday,NotApplicable,False,M,,False,True,False,Santa Clara Superior,C,OTHER MOTOR VEHICLE,,0,0,CLEAR,, NO UNUSUAL CONDITIONS,, ,A,DAYLIGHT,37.316401,-121.928931,,,,,A,NO PEDESTRIANS INVOLVED,5/2/2017 12:00:00 AM,A,22350,False,1.0,I-280 S/B,,,5/10/2017 5:40:38 AM,A,S,800.0,I-880,F,,D,5/10/2017 5:41:07 AM,5/10/2017 5:41:07 AM,,True,2,,,,,,,
452240,9340-2017-14155,1,False,9340,5/4/2017 4:05:00 PM,1605,089,1368,4313,San Jose,43,True,True,C,REAR END,,Thursday,NotApplicable,False,,,False,True,False,Santa Clara Superior,C,OTHER MOTOR VEHICLE,,0,0,CLEAR,, NO UNUSUAL CONDITIONS,, ,A,DAYLIGHT,37.393769,-121.907295,,,,,A,NO PEDESTRIANS INVOLVED,5/4/2017 12:00:00 AM,A,22350,False,1.0,I-880 S/B,,,5/9/2017 1:17:27 PM,A,S,2790.0,Montague Expy,F,,D,5/9/2017 1:17:57 PM,5/9/2017 1:17:57 PM,,True,2,,,,,,,
452197,9340-2017-14140,1,False,9340,5/4/2017 8:10:00 AM,810,110,1368,4313,San Jose,43,True,True,C,REAR END,,Thursday,Yes,False,,,False,True,True,Santa Clara Superior,C,OTHER MOTOR VEHICLE,,1,0,CLEAR,, NO UNUSUAL CONDITIONS,, ,A,DAYLIGHT,37.36309,-121.89127,,,,,A,NO PEDESTRIANS INVOLVED,5/4/2017 12:00:00 AM,A,22350,False,1.0,US-101 N/B,,,5/9/2017 12:53:46 PM,A,S,50.0,OAKLAND ROAD,F,,D,5/9/2017 12:54:26 PM,5/9/2017 12:54:26 PM,,True,2,,,,,,,
452144,9340-2017-14150,1,False,9340,5/4/2017 7:20:00 AM,720,088,1368,4313,San Jose,43,True,True,C,REAR END,,Thursday,NotApplicable,False,,,False,True,False,Santa Clara Superior,C,OTHER MOTOR VEHICLE,,0,0,CLEAR,, NO UNUSUAL CONDITIONS,, ,A,DAYLIGHT,37.19584,-121.5646,,,,,A,NO PEDESTRIANS INVOLVED,5/4/2017 12:00:00 AM,A,21658(a)VC,False,1.0,I-880 Southbound,,,5/9/2017 12:28:20 PM,A,S,500.0,Bascom Ave.,F,SEE PAGE # 3.,D,5/9/2017 12:28:49 PM,5/9/2017 12:28:49 PM,,True,2,,,,,,,
452142,9340-2017-14161,1,False,9340,5/4/2017 4:50:00 PM,1650,110,1368,4313,San Jose,43,True,True,C,REAR END,,Thursday,NotApplicable,False,,,False,True,False,Santa Clara Superior,C,OTHER MOTOR VEHICLE,,0,0,CLEAR,, NO UNUSUAL CONDITIONS,, ,A,DAYLIGHT,37.35971,-121.87361,,,,,A,NO PEDESTRIANS INVOLVED,5/4/2017 12:00:00 AM,A,22350,False,1.0,US-101 S/B,,,5/9/2017 12:27:33 PM,A,N,3000.0,McKee Rd,F,,D,5/9/2017 12:28:12 PM,5/9/2017 12:28:12 PM,,True,2,,,,,,,
452133,9340-2017-14160,1,False,9340,5/4/2017 6:00:00 PM,1800,030,1368,4313,San Jose,43,True,True,E,HIT OBJECT,,Thursday,NotApplicable,False,,,False,False,True,Santa Clara Superior,I,FIXED OBJECT,TREE,0,0,CLEAR,, NO UNUSUAL CONDITIONS,, ,A,DAYLIGHT,37.11619,-121.474078,,,,,A,NO PEDESTRIANS INVOLVED,5/4/2017 12:00:00 AM,A,22107,False,1.0,McKean Rd,,,5/9/2017 12:25:10 PM,A,S,400.0,Cherry Canyon Rd,F,,D,5/9/2017 12:25:41 PM,5/9/2017 12:25:41 PM,True,,2,,,,,,,
452131,9340-2017-14158,1,False,9340,5/4/2017 4:20:00 PM,1620,083,1368,4313,San Jose,43,True,True,C,REAR END,,Thursday,NotApplicable,False,,,False,True,True,Santa Clara Superior,C,OTHER MOTOR VEHICLE,,0,0,CLEAR,, NO UNUSUAL CONDITIONS,, ,A,DAYLIGHT,37.15466,-121.5561,,,,,A,NO PEDESTRIANS INVOLVED,5/4/2017 12:00:00 AM,A,22350,False,1.0,SR-85 S/B,,,5/9/2017 12:22:22 PM,A,N,770.0,Union Ave,F,,D,5/9/2017 12:22:51 PM,5/9/2017 12:22:51 PM,,True,2,,,,,,,
472918,9340-2017-14753,1,False,9340,6/1/2017 5:30:00 PM,1730,282,1368,4313,San Jose,43,True,True,C,REAR END,,Thursday,NotApplicable,False,,,False,True,False,Santa Clara Superior,C,OTHER MOTOR VEHICLE,,0,0,CLEAR,, NO UNUSUAL CONDITIONS,, ,A,DAYLIGHT,37.31729,-121.94185,,,,,A,NO PEDESTRIANS INVOLVED,6/1/2017 12:00:00 AM,A,22350,False,1.0,I-280 N/B,,,6/7/2017 11:32:25 AM,A,N,400.0,I-880,F,,D,6/7/2017 11:32:56 AM,6/7/2017 11:32:56 AM,,True,2,,,,,,,
472720,9340-2017-14740,1,False,9340,6/1/2017 3:20:00 AM,320,281,1368,4313,San Jose,43,True,True,C,REAR END,,Thursday,NotApplicable,False,,,False,True,True,Santa Clara Superior,C,OTHER MOTOR VEHICLE,,0,0,CLEAR,, NO UNUSUAL CONDITIONS,, ,D,DARK-NO STREET LIGHTS,37.326502,-121.881656,,,,,A,NO PEDESTRIANS INVOLVED,6/1/2017 12:00:00 AM,A,22350,False,1.0,I-280 S/B,,,6/7/2017 9:09:59 AM,A,S,650.0,SR-87,F,,D,6/7/2017 9:10:30 AM,6/7/2017 9:10:30 AM,,True,2,,,,,,,
472694,9340-2017-14744,1,False,9340,6/1/2017 1:15:00 PM,1315,083,1368,4313,San Jose,43,True,True,C,REAR END,,Thursday,NotApplicable,False,,,False,True,False,Santa Clara Superior,C,OTHER MOTOR VEHICLE,,0,0,CLEAR,, NO UNUSUAL CONDITIONS,, ,A,DAYLIGHT,37.255381,-121.866861,,,,,A,NO PEDESTRIANS INVOLVED,6/1/2017 12:00:00 AM,A,22350,False,1.0,SR-85 S/B,,,6/7/2017 8:49:21 AM,A,N,1000.0,SR-87,F,,D,6/7/2017 8:49:56 AM,6/7/2017 8:49:56 AM,,True,2,,,,,,,
472626,9340-2017-14682,1,False,9340,5/29/2017 7:20:00 PM,1920,120,1368,4313,San Jose,43,True,True,E,HIT OBJECT,,Monday,NotApplicable,False,,,False,True,True,Santa Clara Superior,I,FIXED OBJECT,CONCRETE CURB,0,0,CLEAR,, NO UNUSUAL CONDITIONS,, ,B,DUSK-DAWN,37.3757,-121.9411,,,,,A,NO PEDESTRIANS INVOLVED,5/29/2017 12:00:00 AM,A,22350,False,1.0,US-101 S/B TO TRIMBLE RD,,,6/7/2017 8:02:15 AM,A,S,100.0,Trimble Rd,F,,D,6/7/2017 8:02:48 AM,6/7/2017 8:02:48 AM,,True,2,,,,,,,
472573,9340-2017-14711,1,False,9340,5/30/2017 2:30:00 PM,1430,681,1368,4313,San Jose,43,True,True,E,HIT OBJECT,,Tuesday,NotApplicable,False,,,False,True,True,Santa Clara Superior,I,FIXED OBJECT,CONCRETE HALF WALL,0,0,CLEAR,, NO UNUSUAL CONDITIONS,, ,A,DAYLIGHT,37.34016,-121.85221,,,,,A,NO PEDESTRIANS INVOLVED,5/30/2017 12:00:00 AM,A,22107,False,1.0,I-680 S/B TO US-101 S/B,,,6/7/2017 7:26:37 AM,A,S,100.0,US-101,F,,D,6/7/2017 7:27:14 AM,6/7/2017 7:27:14 AM,,True,2,,,,,,,
472570,9340-2017-14683,1,False,9340,5/29/2017 4:29:00 PM,1629,281,1368,4313,San Jose,43,True,True,B,SIDE SWIPE,,Monday,NotApplicable,False,M,,False,True,False,Santa Clara Superior,C,OTHER MOTOR VEHICLE,,0,0,CLEAR,, NO UNUSUAL CONDITIONS,, ,A,DAYLIGHT,37.3176,-121.9042,,,,,A,NO PEDESTRIANS INVOLVED,5/29/2017 12:00:00 AM,A,21658(a),False,1.0,I-280 N/B,,,6/7/2017 7:24:21 AM,A,S,2000.0,Race St,F,,D,6/7/2017 7:24:54 AM,6/7/2017 7:24:54 AM,,True,2,,,,,,,
472563,9340-2017-14735,1,False,9340,5/31/2017 6:00:00 PM,1800,681,1368,4313,San Jose,43,True,True,C,REAR END,,Wednesday,NotApplicable,False,,,False,True,False,Santa Clara Superior,C,OTHER MOTOR VEHICLE,,0,0,CLEAR,, NO UNUSUAL CONDITIONS,, ,A,DAYLIGHT,37.336412,-121.850169,,,,,A,NO PEDESTRIANS INVOLVED,5/31/2017 12:00:00 AM,A,22350,False,1.0,I-680 S/B,,,6/7/2017 7:13:05 AM,A,N,640.0,Story Rd,F,,D,6/7/2017 7:13:35 AM,6/7/2017 7:13:35 AM,,True,2,,,,,,,
472556,9340-2017-14739,1,False,9340,5/31/2017 8:30:00 PM,2030,088,1368,4313,San Jose,43,True,True,B,SIDE SWIPE,,Wednesday,NotApplicable,False,,,False,True,False,Santa Clara Superior,C,OTHER MOTOR VEHICLE,,0,0,CLEAR,, NO UNUSUAL CONDITIONS,, ,D,DARK-NO STREET LIGHTS,37.351301,-121.91446,,,,,A,NO PEDESTRIANS INVOLVED,5/31/2017 12:00:00 AM,A,21658(a),False,1.0,I-880 N/B,,,6/7/2017 7:06:50 AM,A,N,500.0,Coleman Ave,F,,D,6/7/2017 7:07:34 AM,6/7/2017 7:07:34 AM,,True,2,,,,,,,
472548,9340-2017-14774,1,False,9340,5/26/2017 12:20:00 AM,20,110,1368,4313,San Jose,43,True,True,C,REAR END,,Friday,NotApplicable,False,,,False,True,True,Santa Clara Superior,C,OTHER MOTOR VEHICLE,,0,0,CLEAR,, NO UNUSUAL CONDITIONS,, ,D,DARK-NO STREET LIGHTS,37.32284,-121.836038,,,,,A,NO PEDESTRIANS INVOLVED,5/26/2017 12:00:00 AM,A,22107,False,1.0,US-101 S/B,,,6/7/2017 6:48:49 AM,A,N,0.25,Tully Rd,M,,D,6/7/2017 7:02:30 AM,6/7/2017 7:02:30 AM,,True,2,,,,,,,
472541,9340-2017-14709,1,False,9340,5/30/2017 3:10:00 PM,1510,281,1368,4313,San Jose,43,True,True,C,REAR END,,Tuesday,NotApplicable,False,,,False,True,False,Santa Clara Superior,C,OTHER MOTOR VEHICLE,,0,0,CLEAR,, NO UNUSUAL CONDITIONS,, ,A,DAYLIGHT,37.1952,-121.5202,,,,,A,NO PEDESTRIANS INVOLVED,5/30/2017 12:00:00 AM,A,22350,False,1.0,I-280 N/B,,,6/7/2017 6:56:36 AM,A,S,2500.0,7th St,F,,D,6/7/2017 6:57:13 AM,6/7/2017 6:57:13 AM,,True,2,,,,,,,
472536,9340-2017-14626,1,False,9340,5/25/2017 8:55:00 PM,2055,110,1368,4313,San Jose,43,True,True,C,REAR END,,Thursday,Yes,False,F,,False,True,True,Santa Clara Superior,E,PARKED MOTOR VEHICLE,,2,0,CLEAR,, NO UNUSUAL CONDITIONS,, ,D,DARK-NO STREET LIGHTS,37.344938,-121.857516,,,,,A,NO PEDESTRIANS INVOLVED,5/25/2017 12:00:00 AM,A,22107,False,1.0,US 101 S/B,,,6/7/2017 6:52:56 AM,A,S,620.0,Old Bayshore Hwy,F,,D,6/7/2017 6:53:36 AM,6/7/2017 6:53:36 AM,,True,2,,,,,,,
472517,9340-2017-14690,1,False,9340,5/26/2017 6:05:00 PM,1805,088,1368,4313,San Jose,43,True,True,C,REAR END,,Friday,NotApplicable,False,,,False,True,False,Santa Clara Superior,C,OTHER MOTOR VEHICLE,,0,0,CLEAR,, NO UNUSUAL CONDITIONS,, ,A,DAYLIGHT,37.2138,-121.5418,,,,,A,NO PEDESTRIANS INVOLVED,5/26/2017 12:00:00 AM,A,22350,False,1.0,I-880 S/B,,,6/7/2017 6:39:53 AM,A,N,900.0,NORTH FIRST STREET,F,,D,6/7/2017 6:40:23 AM,6/7/2017 6:40:23 AM,,True,2,,,,,,,
472464,9725-2017-03282,1,False,9725,5/31/2017 4:00:00 AM,400,015,1368,4313,San Jose,43,True,True,C,REAR END,,Wednesday,Yes,False,,,False,True,True,Santa Clara Superior,C,OTHER MOTOR VEHICLE,,2,0,RAINING,, NO UNUSUAL CONDITIONS,, ,C,DARK-STREET LIGHTS,37.244372,-121.772759,,,,,A,NO PEDESTRIANS INVOLVED,5/31/2017 12:00:00 AM,A,22350,False,2.0,US-101 N/B,,,6/7/2017 5:00:57 AM,B,S,25.0,Bernal Rd,F,,D,6/7/2017 5:01:40 AM,6/7/2017 5:01:40 AM,,True,2,,,,,,,
472120,9340-2017-14742,1,False,9340,6/1/2017 5:40:00 AM,540,110,1368,4313,San Jose,43,True,True,C,REAR END,,Thursday,NotApplicable,False,M,,False,True,True,Santa Clara Superior,C,OTHER MOTOR VEHICLE,,2,0,CLEAR,, NO UNUSUAL CONDITIONS,, ,A,DAYLIGHT,37.362449,-121.885319,,,,,A,NO PEDESTRIANS INVOLVED,6/1/2017 12:00:00 AM,A,22350,False,1.0,US-101 N/B,,,6/6/2017 1:19:28 PM,A,S,140.0,HEDDING STREET,F,,D,6/6/2017 1:20:02 PM,6/6/2017 1:20:02 PM,,True,2,,,,,,,
472078,9340-2017-14749,1,False,9340,6/1/2017 5:30:00 PM,1730,281,1368,4313,San Jose,43,True,True,C,REAR END,,Thursday,NotApplicable,False,,,False,True,False,Santa Clara Superior,C,OTHER MOTOR VEHICLE,,0,0,CLEAR,, NO UNUSUAL CONDITIONS,, ,A,DAYLIGHT,37.31472,-121.91058,,,,,A,NO PEDESTRIANS INVOLVED,6/1/2017 12:00:00 AM,A,22350,False,1.0,I-280 S/B,,,6/6/2017 12:58:16 PM,A,N,500.0,Race St,F,,D,6/6/2017 12:58:47 PM,6/6/2017 12:58:47 PM,,True,2,,,,,,,
472031,9340-2017-14751,1,False,9340,6/1/2017 3:00:00 PM,1500,681,1368,4313,San Jose,43,True,True,C,REAR END,,Thursday,NotApplicable,False,,,False,True,False,Santa Clara Superior,C,OTHER MOTOR VEHICLE,,0,0,CLEAR,, NO UNUSUAL CONDITIONS,, ,A,DAYLIGHT,37.343307,-121.846959,,,,,A,NO PEDESTRIANS INVOLVED,6/1/2017 12:00:00 AM,A,21658(a),False,1.0,I-680 S/B TO US-101,,,6/6/2017 12:34:39 PM,A,S,20.0,KING RD U/C,F,,D,6/6/2017 12:35:13 PM,6/6/2017 12:35:13 PM,,True,2,,,,,,,
471989,9340-2017-14746,1,False,9340,6/1/2017 10:40:00 AM,1040,901,1368,4313,San Jose,43,True,True,B,SIDE SWIPE,,Thursday,NotApplicable,False,,,False,False,True,Santa Clara Superior,C,OTHER MOTOR VEHICLE,,0,0,CLEAR,, NO UNUSUAL CONDITIONS,, ,A,DAYLIGHT,37.316134,-121.931694,,,,,A,NO PEDESTRIANS INVOLVED,6/1/2017 12:00:00 AM,D,,,,Bascom Ave,,,6/6/2017 12:14:10 PM,A,,,Moorpark Ave,,,A,6/6/2017 12:14:48 PM,6/6/2017 12:14:48 PM,True,,2,,,,,,,
471962,9340-2017-14752,1,False,9340,6/1/2017 6:20:00 PM,1820,120,1368,4313,San Jose,43,True,True,C,REAR END,,Thursday,NotApplicable,False,,,False,True,False,Santa Clara Superior,C,OTHER MOTOR VEHICLE,,0,0,CLEAR,, NO UNUSUAL CONDITIONS,, ,A,DAYLIGHT,37.37836,-121.95051,,,,,A,NO PEDESTRIANS INVOLVED,6/1/2017 12:00:00 AM,A,22350,False,1.0,US-101 S/B,,,6/6/2017 11:49:56 AM,A,S,1500.0,San Tomas Expy,F,,D,6/6/2017 11:50:25 AM,6/6/2017 11:50:25 AM,,True,2,,,,,,,
471956,9340-2017-14750,1,False,9340,6/1/2017 5:00:00 PM,1700,281,1368,4313,San Jose,43,True,True,C,REAR END,,Thursday,NotApplicable,False,,,False,True,False,Santa Clara Superior,C,OTHER MOTOR VEHICLE,,0,0,CLEAR,, NO UNUSUAL CONDITIONS,, ,A,DAYLIGHT,37.32119,-121.89985,,,,,A,NO PEDESTRIANS INVOLVED,6/1/2017 12:00:00 AM,A,22350,False,1.0,I-280 S/B,,,6/6/2017 11:46:13 AM,A,N,500.0,Bird Ave,F,,D,6/6/2017 11:46:45 AM,6/6/2017 11:46:45 AM,,True,2,,,,,,,