Collision Id,	Report Number,	Report Version,	Is Preliminary,	NCIC Code,Crash Date Time,	Crash Time Description,	Beat,City Id,	City Code,	City Name,County Code,	City Is Active,	City Is Incorporated,	Collision Type Code,Collision Type Description,	Collision Type Other Desc,	Day Of Week,	DispatchNotified,	HasPhotographs,	HitRun,	IsAttachmentsMailed,	IsDeleted,	IsHighwayRelated,	IsTowAway,	JudicialDistrict,	MotorVehicleInvolvedWithCode,	MotorVehicleInvolvedWithDesc,MotorVehicleInvolvedWithOtherDesc,	NumberInjured,	NumberKilled,Weather 1, Weather 2, Road Condition 1, Road Condition 2, Special Condition,LightingCode, LightingDescription,Latitude,Longitude,MilepostDirection,MilepostDistance,MilepostMarker,MilepostUnitOfMeasure,	PedestrianActionCode,PedestrianActionDesc,PreparedDate,	Primary Collision Factor Code,Primary Collision Factor Violation,PrimaryCollisionFactorIsCited,	PrimaryCollisionPartyNumber,	PrimaryRoad,	ReportingDistrict,	ReportingDistrictCode,ReviewedDate,	RoadwaySurfaceCode,SecondaryDirection,	SecondaryDistance,	SecondaryRoad,	SecondaryUnitOfMeasure,	SketchDesc,	TrafficControlDeviceCode,CreatedDate,	ModifiedDate,IsCountyRoad,IsFreeway,CHP555Version,	IsAdditonalObjectStruck,NotificationDate,	NotificationTimeDescription,	HasDigitalMediaFiles,	EvidenceNumber,	IsLocationReferToNarrative,	IsAOIOneSameAsLocation
467884,9340-2017-14589,1,False,9340,5/24/2017 9:00:00 AM,900,282,1368,4313,San Jose,43,True,True,C,REAR END,,Wednesday,NotApplicable,False,,,False,True,False,Santa Clara Superior,C,OTHER MOTOR VEHICLE,,1,0,CLOUDY,, NO UNUSUAL CONDITIONS,, ,A,DAYLIGHT,37.185934,-121.574797,,,,,A,NO PEDESTRIANS INVOLVED,5/24/2017 12:00:00 AM,A,22350,False,1.0,I-280 N/B,,,5/31/2017 8:47:48 AM,A,S,150.0,San Tomas Expy,F,,D,5/31/2017 8:48:23 AM,5/31/2017 8:48:23 AM,,True,2,,,,,,,
467805,9725-2017-03261,1,False,9725,5/27/2017 10:15:00 AM,1015,015,1368,4313,San Jose,43,True,True,C,REAR END,,Saturday,Yes,False,,,False,True,True,Santa Clara Superior,C,OTHER MOTOR VEHICLE,,3,0,CLEAR,, NO UNUSUAL CONDITIONS,, ,A,DAYLIGHT,37.23535,-121.75801,,,,,A,NO PEDESTRIANS INVOLVED,5/27/2017 12:00:00 AM,A,22350,False,2.0,US-101 S/B,,,5/31/2017 8:00:28 AM,A,S,0.25,SR-85,M,,D,5/31/2017 8:01:44 AM,5/31/2017 8:01:44 AM,,True,2,,,,,,,
467503,9340-2017-14596,1,False,9340,5/24/2017 1:20:00 PM,1320,281,1368,4313,San Jose,43,True,True,C,REAR END,,Wednesday,NotApplicable,False,M,,False,True,True,Santa Clara Superior,C,OTHER MOTOR VEHICLE,,0,0,CLEAR,, NO UNUSUAL CONDITIONS,, ,A,DAYLIGHT,37.78978,-121.987098,,,,,A,NO PEDESTRIANS INVOLVED,5/24/2017 12:00:00 AM,A,22106,False,1.0,I-280 SB TO 10TH ST.,,,5/30/2017 3:41:32 PM,A,N,40.0,10th St,F,,A,5/30/2017 3:42:02 PM,5/30/2017 3:42:02 PM,,True,2,,,,,,,
467272,9340-2017-14602,1,False,9340,5/24/2017 8:45:00 PM,2045,681,1368,4313,San Jose,43,True,True,C,REAR END,,Wednesday,NotApplicable,False,M,,False,True,False,Santa Clara Superior,C,OTHER MOTOR VEHICLE,,0,0,CLEAR,, NO UNUSUAL CONDITIONS,, ,D,DARK-NO STREET LIGHTS,37.34974,-121.83866,,,,,A,NO PEDESTRIANS INVOLVED,5/24/2017 12:00:00 AM,A,22350,False,1.0,I-680 N/B,,,5/30/2017 1:30:23 PM,A,S,1000.0,Jackson Ave,F,,D,5/30/2017 1:31:13 PM,5/30/2017 1:31:13 PM,,True,2,,,,,,,
467252,9340-2017-14595,1,False,9340,5/24/2017 5:00:00 AM,500,087,1368,4313,San Jose,43,True,True,C,REAR END,,Wednesday,NotApplicable,False,,,False,True,False,Santa Clara Superior,C,OTHER MOTOR VEHICLE,,1,0,CLEAR,, NO UNUSUAL CONDITIONS,, ,D,DARK-NO STREET LIGHTS,37.26855,-121.8559,,,,,A,NO PEDESTRIANS INVOLVED,5/24/2017 12:00:00 AM,A,22350,False,1.0,SR-87 N/B,,,5/30/2017 1:21:30 PM,A,S,0.3,CAPITOL EXPWY,M,,D,5/30/2017 1:22:06 PM,5/30/2017 1:22:06 PM,,True,2,,,,,,,
467111,9340-2017-14585,1,False,9340,5/23/2017 7:10:00 PM,1910,131,1368,4313,San Jose,43,True,True,E,HIT OBJECT,,Tuesday,NotApplicable,False,,,False,True,True,Santa Clara Superior,I,FIXED OBJECT,Dirt Embankment,1,0,CLEAR,, NO UNUSUAL CONDITIONS,, ,A,DAYLIGHT,37.37431,-121.79851,,,,,A,NO PEDESTRIANS INVOLVED,5/23/2017 12:00:00 AM,A,22350,True,1.0,SR-130,,,5/30/2017 11:45:36 AM,A,E,1600.0,Miguelita Rd,F,,D,5/30/2017 11:46:18 AM,5/30/2017 11:46:18 AM,,True,2,,,,,,,
467104,9340-2017-14575,1,False,9340,5/23/2017 8:35:00 AM,835,088,1368,4313,San Jose,43,True,True,B,SIDE SWIPE,,Tuesday,NotApplicable,False,,,False,True,False,Santa Clara Superior,C,OTHER MOTOR VEHICLE,,0,0,CLEAR,, NO UNUSUAL CONDITIONS,, ,A,DAYLIGHT,37.3417,-121.9267,,,,,A,NO PEDESTRIANS INVOLVED,5/23/2017 12:00:00 AM,A,21658A,False,1.0,I-880 N/B,,,5/30/2017 11:40:32 AM,A,S,1000.0,The Alameda,F,,D,5/30/2017 11:41:15 AM,5/30/2017 11:41:15 AM,,True,2,,,,,,,
467055,9340-2017-14576,1,False,9340,5/23/2017 8:25:00 AM,825,510,1368,4313,San Jose,43,True,True,C,REAR END,,Tuesday,NotApplicable,False,,,False,False,False,Santa Clara Superior,C,OTHER MOTOR VEHICLE,,0,0,CLEAR,, NO UNUSUAL CONDITIONS,, ,A,DAYLIGHT,37.92263,-121.575033,,,,,A,NO PEDESTRIANS INVOLVED,5/23/2017 12:00:00 AM,A,22350,False,1.0,SAN TOMAS EXPY N/B,,,5/30/2017 11:08:30 AM,A,S,50.0,Stevens Creek Blvd,F,,D,5/30/2017 11:09:02 AM,5/30/2017 11:09:02 AM,,,2,,,,,,,
467040,9340-2017-14587,1,False,9340,5/23/2017 7:25:00 AM,725,681,1368,4313,San Jose,43,True,True,C,REAR END,,Tuesday,NotApplicable,False,,,False,True,False,Santa Clara Superior,C,OTHER MOTOR VEHICLE,,0,0,CLEAR,, NO UNUSUAL CONDITIONS,, ,A,DAYLIGHT,37.3845,-121.8624,,,,,A,NO PEDESTRIANS INVOLVED,5/23/2017 12:00:00 AM,A,22350,False,1.0,I-680 N/B from Berryessa Road E/B,,,5/30/2017 11:00:31 AM,A,S,100.0,Berryessa Road,F,        SEE PAGE 3 FOR SKETCH,D,5/30/2017 11:01:02 AM,5/30/2017 11:01:02 AM,,True,2,,,,,,,
466996,9340-2017-14561,1,False,9340,5/22/2017 6:00:00 PM,1800,087,1368,4313,San Jose,43,True,True,B,SIDE SWIPE,,Monday,NotApplicable,False,,,False,True,False,Santa Clara Superior,C,OTHER MOTOR VEHICLE,,0,0,CLEAR,, NO UNUSUAL CONDITIONS,, ,A,DAYLIGHT,37.35075,-121.90956,,,,,A,NO PEDESTRIANS INVOLVED,5/22/2017 12:00:00 AM,A,21658(a),False,1.0,SR-87 S/B,,,5/30/2017 10:36:43 AM,A,S,800.0,Skyport Dr,F,,D,5/30/2017 10:37:29 AM,5/30/2017 10:37:29 AM,,True,2,,,,,,,
466985,9340-2017-14559,1,False,9340,5/22/2017 3:30:00 PM,1530,120,1368,4313,San Jose,43,True,True,C,REAR END,,Monday,NotApplicable,False,,,False,True,False,Santa Clara Superior,C,OTHER MOTOR VEHICLE,,0,0,CLEAR,, NO UNUSUAL CONDITIONS,, ,A,DAYLIGHT,37.36853,-121.90881,,,,,A,NO PEDESTRIANS INVOLVED,5/22/2017 12:00:00 AM,A,22350,False,1.0,US-101 S/B ,,,5/30/2017 10:31:09 AM,A,N,700.0,I-880,F,,D,5/30/2017 10:31:39 AM,5/30/2017 10:31:39 AM,,True,2,,,,,,,
466959,9340-2017-14558,1,False,9340,5/22/2017 4:30:00 PM,1630,120,1368,4313,San Jose,43,True,True,B,SIDE SWIPE,,Monday,NotApplicable,False,,,False,True,False,Santa Clara Superior,C,OTHER MOTOR VEHICLE,,0,0,CLEAR,, NO UNUSUAL CONDITIONS,, ,A,DAYLIGHT,37.36597,-121.90564,,,,,A,NO PEDESTRIANS INVOLVED,5/22/2017 12:00:00 AM,A,21658(a),False,1.0,US-101 S/B ,,,5/30/2017 10:21:52 AM,A,N,200.0,OLD OAKLAND RD,F,,D,5/30/2017 10:22:23 AM,5/30/2017 10:22:23 AM,,True,2,,,,,,,
466900,9340-2017-14567,2,False,9340,5/22/2017 9:49:00 PM,2149,681,1368,4313,San Jose,43,True,True,C,REAR END,,Monday,Yes,False,,,False,True,True,Santa Clara Superior,C,OTHER MOTOR VEHICLE,,2,0,CLEAR,, NO UNUSUAL CONDITIONS,, ,D,DARK-NO STREET LIGHTS,37.346576,-121.84266,,,,,A,NO PEDESTRIANS INVOLVED,5/22/2017 12:00:00 AM,A,22350,False,1.0,I-680 S/B,,,10/18/2017 10:46:02 AM,A,S,750.0,Jackson Ave,F,,D,5/30/2017 9:55:38 AM,10/18/2017 10:46:12 AM,,True,2,,,,,,,
466817,9340-2017-14546,1,False,9340,5/22/2017 1:45:00 PM,1345,089,1368,4313,San Jose,43,True,True,B,SIDE SWIPE,,Monday,NotApplicable,False,,,False,True,False,Santa Clara Superior,C,OTHER MOTOR VEHICLE,,0,0,CLEAR,, NO UNUSUAL CONDITIONS,, ,A,DAYLIGHT,37.35231,-121.91324,,,,,A,NO PEDESTRIANS INVOLVED,5/22/2017 12:00:00 AM,A,21658(a),False,1.0,I-880 N/B,,,5/30/2017 9:17:53 AM,A,N,1300.0,Coleman Ave,F,,D,5/30/2017 9:18:24 AM,5/30/2017 9:18:24 AM,,True,2,,,,,,,
466803,9340-2017-14536,1,False,9340,5/22/2017 7:30:00 AM,730,083,1368,4313,San Jose,43,True,True,C,REAR END,,Monday,Yes,False,,,False,True,True,Santa Clara Superior,C,OTHER MOTOR VEHICLE,,2,0,CLEAR,, NO UNUSUAL CONDITIONS,, ,A,DAYLIGHT,37.2556,-121.85835,,,,,A,NO PEDESTRIANS INVOLVED,5/22/2017 12:00:00 AM,A,22350,False,1.0,SR-85 N/B,,,5/30/2017 9:12:06 AM,A,S,300.0,Santa Teresa Blvd,F,,D,5/30/2017 9:12:47 AM,5/30/2017 9:12:47 AM,,True,2,,,,,,,
466790,9340-2017-14519,2,False,9340,5/20/2017 11:10:00 PM,2310,110,1368,4313,San Jose,43,True,True,C,REAR END,,Saturday,NotApplicable,False,,,False,True,True,Santa Clara Superior,C,OTHER MOTOR VEHICLE,,2,0,CLEAR,, NO UNUSUAL CONDITIONS,, ,D,DARK-NO STREET LIGHTS,37.29213,-121.80963,,,,,A,NO PEDESTRIANS INVOLVED,5/20/2017 12:00:00 AM,A,22350,False,1.0,US-101 N/B,,,9/15/2017 10:08:17 AM,A,S,960.0,YERBA BUENA ROAD,F,,D,5/30/2017 9:07:07 AM,9/15/2017 10:08:24 AM,,True,2,,,,,,,
466733,9340-2017-14572,1,False,9340,5/22/2017 12:00:00 AM,2500,020,1368,4313,San Jose,43,True,True,C,REAR END,,Monday,NotApplicable,False,,,False,False,False,Santa Clara Superior,C,OTHER MOTOR VEHICLE,,0,0,CLEAR,, NO UNUSUAL CONDITIONS,, ,A,DAYLIGHT,37.37201,-121.82091,,,,,A,NO PEDESTRIANS INVOLVED,5/22/2017 12:00:00 AM,A,22515(b),False,1.0,FISHER AVENUE W/B,,,5/30/2017 8:39:24 AM,A,W,30.0,Claremont Ave,F,,D,5/30/2017 8:39:54 AM,5/30/2017 8:39:54 AM,True,,2,,,,,,,
466694,9340-2017-14541,1,False,9340,5/22/2017 10:15:00 AM,1015,088,1368,4313,San Jose,43,True,True,C,REAR END,,Monday,NotApplicable,False,,,False,True,False,Santa Clara Superior,C,OTHER MOTOR VEHICLE,,0,0,CLEAR,, NO UNUSUAL CONDITIONS,, ,A,DAYLIGHT,37.358628,-121.906956,,,,,A,NO PEDESTRIANS INVOLVED,5/22/2017 12:00:00 AM,A,22350VC,False,1.0,I-880 S/B,,,5/30/2017 8:19:29 AM,A,N,588.0,COLEMAN AVE.,F,REFER TO PG. #3,D,5/30/2017 8:19:53 AM,5/30/2017 8:19:53 AM,,True,2,,,,,,,
466680,9340-2017-14560,2,False,9340,5/22/2017 6:40:00 PM,1840,281,1368,4313,San Jose,43,True,True,C,REAR END,,Monday,NotApplicable,False,F,,False,True,True,Santa Clara Superior,C,OTHER MOTOR VEHICLE,,2,0,CLEAR,, NO UNUSUAL CONDITIONS,, ,A,DAYLIGHT,37.89708,-121.09808,,,,,A,NO PEDESTRIANS INVOLVED,5/22/2017 12:00:00 AM,A,22350,False,1.0,I-280 S/B,,,6/13/2017 8:41:35 AM,A,N,250.0,Leigh Ave,F,,D,5/30/2017 8:15:02 AM,6/13/2017 8:42:00 AM,,True,2,,,,,,,
466658,9340-2017-14552,1,False,9340,5/22/2017 3:50:00 PM,1550,281,1368,4313,San Jose,43,True,True,C,REAR END,,Monday,NotApplicable,False,,,False,True,True,Santa Clara Superior,C,OTHER MOTOR VEHICLE,,0,0,CLEAR,, NO UNUSUAL CONDITIONS,, ,A,DAYLIGHT,37.98098,-121.8798,,,,,A,NO PEDESTRIANS INVOLVED,5/22/2017 12:00:00 AM,A,2350,True,1.0,I-280 N/B,,,5/30/2017 7:54:24 AM,A,N,500.0,Bird Ave,F,,D,5/30/2017 7:54:59 AM,5/30/2017 7:54:59 AM,,True,2,,,,,,,
466630,9340-2017-14521,1,False,9340,5/21/2017 8:30:00 AM,830,681,1368,4313,San Jose,43,True,True,E,HIT OBJECT,,Sunday,NotApplicable,False,M,,False,True,True,Santa Clara Superior,J,OTHER OBJECT,TREE,0,0,CLEAR,, NO UNUSUAL CONDITIONS,, ,A,DAYLIGHT,37.400092,-121.875383,,,,,A,NO PEDESTRIANS INVOLVED,5/21/2017 12:00:00 AM,A, 22107,False,1.0,I-680 N/B TO CAPITOL AVENUE,,,5/30/2017 7:32:59 AM,A,N,500.0,CAPITOL AVENUE,F,,D,5/30/2017 7:33:39 AM,5/30/2017 7:33:39 AM,,True,2,,,,,,,
466594,9340-2017-14533,1,False,9340,5/21/2017 2:40:00 PM,1440,110,1368,4313,San Jose,43,True,True,C,REAR END,,Sunday,NotApplicable,False,F,,False,True,False,Santa Clara Superior,C,OTHER MOTOR VEHICLE,,1,0,CLEAR,, NO UNUSUAL CONDITIONS,, ,A,DAYLIGHT,37.21483,-121.5329,,,,,A,NO PEDESTRIANS INVOLVED,5/21/2017 12:00:00 AM,A,22350,False,1.0,US-101 N/B TO OAKLAND RD,,,5/30/2017 7:08:17 AM,A,S,20.0,Oakland Rd,F,,D,5/30/2017 7:08:55 AM,5/30/2017 7:08:55 AM,,True,2,,,,,,,
466541,9340-2017-14511,1,False,9340,5/20/2017 2:10:00 PM,1410,110,1368,4313,San Jose,43,True,True,B,SIDE SWIPE,,Saturday,NotApplicable,False,,,False,True,False,Santa Clara Superior,C,OTHER MOTOR VEHICLE,,0,0,CLEAR,, NO UNUSUAL CONDITIONS,, ,A,DAYLIGHT,37.34925,-121.86177,,,,,A,NO PEDESTRIANS INVOLVED,5/20/2017 12:00:00 AM,A,21658(a),False,1.0,US-101 S/B FROM ALUM ROCK AVE,,,5/30/2017 6:17:30 AM,A,S,100.0,Alum Rock Ave,F,,D,5/30/2017 6:18:08 AM,5/30/2017 6:18:08 AM,,True,2,,,,,,,
466540,9340-2017-14066,1,False,9340,4/30/2017 9:45:00 PM,2145,230,1368,4313,San Jose,43,True,True,E,HIT OBJECT,,Sunday,Yes,False,,,False,True,True,Santa Clara Superior,I,FIXED OBJECT,Dirt Embankment,1,0,CLEAR,, NO UNUSUAL CONDITIONS,, ,D,DARK-NO STREET LIGHTS,37.4185,-121.9572,,,,,A,NO PEDESTRIANS INVOLVED,4/30/2017 12:00:00 AM,A,22107,False,1.0,SR-237 Eastbound To First Street,,,5/30/2017 6:15:04 AM,A,E,325.0,1st St,F,,D,5/30/2017 6:15:50 AM,5/30/2017 6:15:50 AM,,True,2,,,,,,,
466536,9340-2017-14060,1,False,9340,4/28/2017 5:30:00 PM,1730,902,1368,4313,San Jose,43,True,True,B,SIDE SWIPE,,Friday,NotApplicable,True,M,,False,False,False,Santa Clara Superior,E,PARKED MOTOR VEHICLE,,0,0,CLEAR,, NO UNUSUAL CONDITIONS,, Private Property,A,DAYLIGHT,37.19232,-121.55377,,,,,A,NO PEDESTRIANS INVOLVED,4/28/2017 12:00:00 AM,B,22107,,1.0,1858 W. SAN CARLOS ST.,,,5/30/2017 6:12:16 AM,A,W,80.0,Leland Ave,F,,D,5/30/2017 6:13:11 AM,5/30/2017 6:13:11 AM,,,2,,,,,,,
466532,9340-2017-14517,1,False,9340,5/20/2017 10:44:00 PM,2244,087,1368,4313,San Jose,43,True,True,B,SIDE SWIPE,,Saturday,NotApplicable,False,,,False,True,False,Santa Clara Superior,C,OTHER MOTOR VEHICLE,,0,0,CLEAR,, NO UNUSUAL CONDITIONS,, On-Duty Emergency Vehicle,D,DARK-NO STREET LIGHTS,37.29213,-121.80963,,,,,A,NO PEDESTRIANS INVOLVED,5/20/2017 12:00:00 AM,A,21658(a),False,1.0,SR-87 N/B,,,5/30/2017 6:08:54 AM,A,N,400.0,Julian St,F,,D,5/30/2017 6:09:24 AM,5/30/2017 6:09:24 AM,,True,2,,,,,,,
466513,9340-2017-14490,1,False,9340,5/19/2017 2:50:00 PM,1450,110,1368,4313,San Jose,43,True,True,F,OVERTURNED,,Friday,Yes,False,,,False,True,True,Santa Clara Superior,I,FIXED OBJECT,No Object Struck,1,0,CLEAR,, NO UNUSUAL CONDITIONS,, ,A,DAYLIGHT,37.343775,-121.855791,,,,,A,NO PEDESTRIANS INVOLVED,5/19/2017 12:00:00 AM,A,22107,False,1.0,US101 N/B,,,5/30/2017 5:44:50 AM,A,S,1800.0,Alum Rock Ave,F,,D,5/30/2017 5:45:33 AM,5/30/2017 5:45:33 AM,,True,2,,,,,,,
466510,9340-2017-14455,1,False,9340,5/17/2017 5:28:00 PM,1728,282,1368,4313,San Jose,43,True,True,C,REAR END,,Wednesday,NotApplicable,False,,,False,True,False,Santa Clara Superior,C,OTHER MOTOR VEHICLE,,0,0,CLEAR,, NO UNUSUAL CONDITIONS,, ,A,DAYLIGHT,37.316565,-121.96471,,,,,A,NO PEDESTRIANS INVOLVED,5/17/2017 12:00:00 AM,A,22107,False,1.0,I-280 N/B,,,5/30/2017 5:40:27 AM,A,N,200.0,San Tomas Expy,F,,D,5/30/2017 5:40:58 AM,5/30/2017 5:40:58 AM,,True,2,,,,,,,
466019,9340-2017-14514,1,False,9340,5/21/2017 12:35:00 AM,35,281,1368,4313,San Jose,43,True,True,E,HIT OBJECT,,Sunday,Yes,False,,,False,True,True,Santa Clara Superior,I,FIXED OBJECT,RAISED CURB,1,0,CLEAR,, NO UNUSUAL CONDITIONS,, ,D,DARK-NO STREET LIGHTS,37.315,-121.91389,,,,,A,NO PEDESTRIANS INVOLVED,5/21/2017 12:00:00 AM,A,23152(a),False,1.0,I-280 S/B,,,5/28/2017 12:25:53 AM,A,S,50.0,Meridian Ave,F,,D,5/28/2017 12:26:53 AM,5/28/2017 12:26:53 AM,,True,2,,,,,,,
465593,9340-2017-14548,1,False,9340,5/22/2017 2:35:00 PM,1435,281,1368,4313,San Jose,43,True,True,B,SIDE SWIPE,,Monday,NotApplicable,False,,,False,True,False,Santa Clara Superior,C,OTHER MOTOR VEHICLE,,0,0,CLEAR,, NO UNUSUAL CONDITIONS,, ,A,DAYLIGHT,37.879709,-121.87008,,,,,A,NO PEDESTRIANS INVOLVED,5/22/2017 12:00:00 AM,A,21658(a),False,1.0,I-280 TO STEVENS CREEK BLVD.,,,5/26/2017 1:45:48 PM,A,S,50.0,Stevens Creek Blvd,F,,D,5/26/2017 1:46:23 PM,5/26/2017 1:46:23 PM,,True,2,,,,,,,
465590,9340-2017-14537,1,False,9340,5/22/2017 8:55:00 AM,855,110,1368,4313,San Jose,43,True,True,C,REAR END,,Monday,NotApplicable,False,,,False,True,False,Santa Clara Superior,C,OTHER MOTOR VEHICLE,,1,0,CLEAR,, NO UNUSUAL CONDITIONS,, ,A,DAYLIGHT,37.65416,-121.56447,S,100.0,101 SCL 31.06,F,A,NO PEDESTRIANS INVOLVED,5/22/2017 12:00:00 AM,A,22350,False,1.0,US-101 N.B.,,,5/26/2017 1:42:16 PM,A,S,100.0,Capitol Expy,F,,D,5/26/2017 1:42:54 PM,5/26/2017 1:42:54 PM,,True,2,,,,,,,
465571,9340-2017-14540,1,False,9340,5/22/2017 10:16:00 AM,1016,088,1368,4313,San Jose,43,True,True,C,REAR END,,Monday,NotApplicable,False,,,False,True,True,Santa Clara Superior,C,OTHER MOTOR VEHICLE,,1,0,CLEAR,, NO UNUSUAL CONDITIONS,, ,A,DAYLIGHT,37.358628,-121.906956,,,,,A,NO PEDESTRIANS INVOLVED,5/22/2017 12:00:00 AM,A,22350,False,1.0,I-880 S/B,,,5/26/2017 1:28:24 PM,A,N,610.0,COLEMAN AVE.,F,REFER TO PG. #4,D,5/26/2017 1:28:56 PM,5/26/2017 1:28:56 PM,,True,2,,,,,,,
465568,9340-2017-14456,1,False,9340,5/17/2017 6:20:00 PM,1820,087,1368,4313,San Jose,43,True,True,B,SIDE SWIPE,,Wednesday,NotApplicable,False,,,False,True,True,Santa Clara Superior,C,OTHER MOTOR VEHICLE,,0,0,CLEAR,, NO UNUSUAL CONDITIONS,, ,A,DAYLIGHT,37.320487,-121.890423,,,,,A,NO PEDESTRIANS INVOLVED,5/17/2017 12:00:00 AM,C,,,,SR-87 S/B,,,5/26/2017 1:25:29 PM,A,S,1265.0,I-280,F,,D,5/26/2017 1:26:16 PM,5/26/2017 1:26:16 PM,,True,2,,,,,,,
465548,9340-2017-14532,1,False,9340,5/21/2017 11:10:00 PM,2310,120,1368,4313,San Jose,43,True,True,B,SIDE SWIPE,,Sunday,NotApplicable,False,,,False,True,False,Santa Clara Superior,C,OTHER MOTOR VEHICLE,,0,0,CLEAR,, NO UNUSUAL CONDITIONS,, ,D,DARK-NO STREET LIGHTS,37.36855,-121.90915,,,,,A,NO PEDESTRIANS INVOLVED,5/21/2017 12:00:00 AM,A,21658(a),False,1.0,US101 S/B,,,5/26/2017 1:08:12 PM,A,N,2500.0,I-880,F,,D,5/26/2017 1:08:44 PM,5/26/2017 1:08:44 PM,,True,2,,,,,,,
465546,9340-2017-14526,1,False,9340,5/21/2017 2:35:00 PM,1435,681,1368,4313,San Jose,43,True,True,E,HIT OBJECT,,Sunday,Yes,False,,,False,True,True,Santa Clara Superior,I,FIXED OBJECT,Metal Guard Rail,1,0,CLEAR,, NO UNUSUAL CONDITIONS,, ,C,DARK-STREET LIGHTS,37.34269,-121.84801,,,,,A,NO PEDESTRIANS INVOLVED,5/21/2017 12:00:00 AM,A,22107,False,1.0,I-680 S/B,,,5/26/2017 1:07:34 PM,A,S,455.0,King Rd,F,,D,5/26/2017 1:08:15 PM,5/26/2017 1:08:15 PM,,True,2,,,,,,,
465519,9340-2017-14496,1,False,9340,5/19/2017 5:15:00 PM,1715,088,1368,4313,San Jose,43,True,True,C,REAR END,,Friday,Yes,False,,,False,True,True,Santa Clara Superior,C,OTHER MOTOR VEHICLE,,0,0,CLEAR,, NO UNUSUAL CONDITIONS,, ,A,DAYLIGHT,37.3175,-121.94058,,,,,A,NO PEDESTRIANS INVOLVED,5/19/2017 12:00:00 AM,A,22350,False,1.0,I-880 S/B FROM STEVENS CREEK BOULEVARD,,,5/26/2017 12:44:58 PM,A,N,350.0,I-280 N/B,F,,A,5/26/2017 12:45:28 PM,5/26/2017 12:45:28 PM,,True,2,,,,,,,
465500,9340-2017-14516,1,False,9340,5/21/2017 1:22:00 AM,122,120,1368,4313,San Jose,43,True,True,G,VEHICLE/PEDESTRAIN,,Sunday,Yes,True,,,False,True,True,Santa Clara Superior,B,PEDESTRIAN,,1,0,CLEAR,, NO UNUSUAL CONDITIONS,, ,D,DARK-NO STREET LIGHTS,37.36343,-121.8982,,,,,E,IN ROAD - INCLUDES SHOULDER,5/21/2017 12:00:00 AM,A,21954(a),False,1.0,US-101 S/B,,,5/26/2017 12:32:54 PM,A,N,26.0,10TH ST. ,F,,D,5/26/2017 12:33:35 PM,5/26/2017 12:33:35 PM,,True,2,,,,,,,
465470,9340-2017-14554,1,False,9340,5/22/2017 3:20:00 PM,1520,281,1368,4313,San Jose,43,True,True,C,REAR END,,Monday,NotApplicable,False,,,False,True,False,Santa Clara Superior,C,OTHER MOTOR VEHICLE,,0,0,CLEAR,, NO UNUSUAL CONDITIONS,, ,A,DAYLIGHT,37.900776,-121.879708,,,,,A,NO PEDESTRIANS INVOLVED,5/22/2017 12:00:00 AM,A,22350,True,1.0,I-280 S/B,,,5/26/2017 12:09:28 PM,A,S,350.0,11th St,F,,D,5/26/2017 12:10:03 PM,5/26/2017 12:10:03 PM,,True,2,,,,,,,
465460,9340-2017-14556,1,False,9340,5/22/2017 6:30:00 PM,1830,281,1368,4313,San Jose,43,True,True,E,HIT OBJECT,,Monday,NotApplicable,False,,,False,True,False,Santa Clara Superior,J,OTHER OBJECT,ATTENUATOR BARREL,0,0,CLEAR,, NO UNUSUAL CONDITIONS,, ,A,DAYLIGHT,37.324418,-121.890373,,,,,A,NO PEDESTRIANS INVOLVED,5/22/2017 12:00:00 AM,A,22107,False,1.0,I-280 N/B,,,5/26/2017 12:01:53 PM,A,N,700.0,VINE ST U/C,F,,D,5/26/2017 12:02:22 PM,5/26/2017 12:02:22 PM,,True,2,,,,,,,
465447,9340-2017-14491,1,False,9340,5/19/2017 1:55:00 PM,1355,110,1368,4313,San Jose,43,True,True,C,REAR END,,Friday,NotApplicable,False,,,False,True,True,Santa Clara Superior,C,OTHER MOTOR VEHICLE,,1,0,CLEAR,, NO UNUSUAL CONDITIONS,, ,A,DAYLIGHT,37.362769,-121.888021,,,,,A,NO PEDESTRIANS INVOLVED,5/19/2017 12:00:00 AM,A,22350,False,1.0,US101 N/B,,,5/26/2017 11:45:29 AM,A,S,800.0,Oakland Rd,F,,D,5/26/2017 11:46:12 AM,5/26/2017 11:46:12 AM,,True,2,,,,,,,
465438,9340-2017-14539,1,False,9340,5/22/2017 10:55:00 AM,1055,089,1368,4313,San Jose,43,True,True,C,REAR END,,Monday,NotApplicable,False,,,False,True,False,Santa Clara Superior,C,OTHER MOTOR VEHICLE,,0,0,CLEAR,, NO UNUSUAL CONDITIONS,, ,A,DAYLIGHT,37.364038,-121.901977,,,,,A,NO PEDESTRIANS INVOLVED,5/22/2017 12:00:00 AM,A,22350,False,1.0,I-880 S/B,,,5/26/2017 11:40:00 AM,A,N,255.0,GISH RD.,F,REFER TO PG. #3,D,5/26/2017 11:40:24 AM,5/26/2017 11:40:24 AM,,True,2,,,,,,,