Collision Id,	Report Number,	Report Version,	Is Preliminary,	NCIC Code,Crash Date Time,	Crash Time Description,	Beat,City Id,	City Code,	City Name,County Code,	City Is Active,	City Is Incorporated,	Collision Type Code,Collision Type Description,	Collision Type Other Desc,	Day Of Week,	DispatchNotified,	HasPhotographs,	HitRun,	IsAttachmentsMailed,	IsDeleted,	IsHighwayRelated,	IsTowAway,	JudicialDistrict,	MotorVehicleInvolvedWithCode,	MotorVehicleInvolvedWithDesc,MotorVehicleInvolvedWithOtherDesc,	NumberInjured,	NumberKilled,Weather 1, Weather 2, Road Condition 1, Road Condition 2, Special Condition,LightingCode, LightingDescription,Latitude,Longitude,MilepostDirection,MilepostDistance,MilepostMarker,MilepostUnitOfMeasure,	PedestrianActionCode,PedestrianActionDesc,PreparedDate,	Primary Collision Factor Code,Primary Collision Factor Violation,PrimaryCollisionFactorIsCited,	PrimaryCollisionPartyNumber,	PrimaryRoad,	ReportingDistrict,	ReportingDistrictCode,ReviewedDate,	RoadwaySurfaceCode,SecondaryDirection,	SecondaryDistance,	SecondaryRoad,	SecondaryUnitOfMeasure,	SketchDesc,	TrafficControlDeviceCode,CreatedDate,	ModifiedDate,IsCountyRoad,IsFreeway,CHP555Version,	IsAdditonalObjectStruck,NotificationDate,	NotificationTimeDescription,	HasDigitalMediaFiles,	EvidenceNumber,	IsLocationReferToNarrative,	IsAOIOneSameAsLocation
494751,9340-2017-15369,1,False,9340,6/27/2017 7:56:00 AM,756,110,1368,4313,San Jose,43,True,True,B,SIDE SWIPE,,Tuesday,NotApplicable,False,,,False,True,True,Santa Clara Superior,C,OTHER MOTOR VEHICLE,,1,0,CLOUDY,, NO UNUSUAL CONDITIONS,, ,A,DAYLIGHT,37.33081,-121.84339,S,0.3,101 SCL 34.546,M,A,NO PEDESTRIANS INVOLVED,6/27/2017 12:00:00 AM,D,,,,US-101 N/B,,,7/6/2017 8:14:02 AM,A,S,0.3,Story Road,M,     SEE PAGE 4 FOR SKETCH,D,7/6/2017 8:14:44 AM,7/6/2017 8:14:44 AM,,True,2,,,,,,,
494723,9340-2017-15297,1,False,9340,6/12/2017 3:10:00 PM,1510,282,1368,4313,San Jose,43,True,True,C,REAR END,,Monday,Yes,False,,,False,True,True,Santa Clara Superior,C,OTHER MOTOR VEHICLE,,0,0,CLEAR,, NO UNUSUAL CONDITIONS,, ,A,DAYLIGHT,37.19494,-121.5858,,,,,A,NO PEDESTRIANS INVOLVED,6/12/2017 12:00:00 AM,A,22350,True,1.0,I-280 S/B,,,7/6/2017 7:44:50 AM,A,N,2000.0,Saratoga Ave,F,,D,7/6/2017 7:45:21 AM,7/6/2017 7:45:21 AM,,True,2,,,,,,,
494711,9340-2017-15026,1,False,9340,6/16/2017 1:07:00 AM,107,087,1368,4313,San Jose,43,True,True,E,HIT OBJECT,,Friday,Yes,False,,,False,True,True,Santa Clara Superior,I,FIXED OBJECT,ATTENUATOR BARRELS,0,0,CLEAR,, NO UNUSUAL CONDITIONS,, ,C,DARK-STREET LIGHTS,37.3256,-121.8642,,,,,A,NO PEDESTRIANS INVOLVED,6/16/2017 12:00:00 AM,A,23152(a),True,1.0,SR-87 S/B TO I-280 N/B TRANSITION,,,7/6/2017 7:29:06 AM,A,N,570.0,I-280 N/B,F,,D,7/6/2017 7:29:51 AM,7/6/2017 7:29:51 AM,,True,2,,,,,,,
494703,9340-2017-15261,1,False,9340,6/29/2017 2:05:00 PM,1405,089,1368,4313,San Jose,43,True,True,B,SIDE SWIPE,,Thursday,NotApplicable,False,,,False,True,False,Santa Clara Superior,C,OTHER MOTOR VEHICLE,,0,0,CLEAR,, NO UNUSUAL CONDITIONS,, ,A,DAYLIGHT,37.21552,-121.54555,,,,,A,NO PEDESTRIANS INVOLVED,6/29/2017 12:00:00 AM,A,21658(a),False,1.0,I-880 S/B,,,7/6/2017 7:22:44 AM,A,N,400.0,US-101,F,,D,7/6/2017 7:23:20 AM,7/6/2017 7:23:20 AM,,True,2,,,,,,,
494697,9340-2017-15232,1,False,9340,6/27/2017 11:40:00 PM,2340,110,1368,4313,San Jose,43,True,True,B,SIDE SWIPE,,Tuesday,NotApplicable,False,M,,False,True,False,Santa Clara Superior,C,OTHER MOTOR VEHICLE,,0,0,CLEAR,, NO UNUSUAL CONDITIONS,, ,D,DARK-NO STREET LIGHTS,37.32556,-121.83822,,,,,A,NO PEDESTRIANS INVOLVED,6/27/2017 12:00:00 AM,A,21658(a),False,1.0,US101 N/B,,,7/6/2017 7:20:08 AM,A,N,200.0,TULLY ROAD,F,,D,7/6/2017 7:20:39 AM,7/6/2017 7:20:39 AM,,True,2,,,,,,,
494652,9340-2017-15240,1,False,9340,6/28/2017 3:00:00 PM,1500,281,1368,4313,San Jose,43,True,True,B,SIDE SWIPE,,Wednesday,NotApplicable,False,,,False,True,False,Santa Clara Superior,C,OTHER MOTOR VEHICLE,,3,0,CLEAR,, NO UNUSUAL CONDITIONS,, ,A,DAYLIGHT,37.31756,-121.93392,,,,,A,NO PEDESTRIANS INVOLVED,6/28/2017 12:00:00 AM,A,21658(a),False,1.0,I-280 NB TO SR-17 SB,,,7/6/2017 6:09:13 AM,A,S,1780.0,I-880,F,,D,7/6/2017 6:09:52 AM,7/6/2017 6:09:52 AM,,True,2,,,,,,,
494438,9340-2017-15303,1,False,9340,7/2/2017 4:40:00 PM,1640,110,1368,4313,San Jose,43,True,True,E,HIT OBJECT,,Sunday,Yes,False,,,False,True,True,Santa Clara Superior,I,FIXED OBJECT,METAL GUARDRAIL,0,0,CLEAR,, NO UNUSUAL CONDITIONS,, ,A,DAYLIGHT,37.260805,-121.799744,,,,,A,NO PEDESTRIANS INVOLVED,7/2/2017 12:00:00 AM,A,22107,False,1.0,US-101 SOUTHBOUND,,,7/5/2017 3:12:14 PM,A,N,0.3,BLOSSOM HILL ROAD,M,,D,7/5/2017 3:12:45 PM,7/5/2017 3:12:45 PM,,True,2,,,,,,,
494177,9340-2017-15307,1,False,9340,6/30/2017 12:20:00 PM,1220,281,1368,4313,San Jose,43,True,True,C,REAR END,,Friday,NotApplicable,False,,,False,True,True,Santa Clara Superior,C,OTHER MOTOR VEHICLE,,0,0,CLEAR,, NO UNUSUAL CONDITIONS,, ,A,DAYLIGHT,37.3165,-121.971,,,,,A,NO PEDESTRIANS INVOLVED,6/30/2017 12:00:00 AM,A,22350,False,1.0,I-280 NORTHBOUND TO SARATOGA AVE,,,7/5/2017 12:24:36 PM,A,S,1000.0,SARATOGA AVENUE,F,,D,7/5/2017 12:25:36 PM,7/5/2017 12:25:36 PM,,True,2,,,,,,,
494142,9340-2017-15294,1,False,9340,6/30/2017 10:00:00 PM,2200,681,1368,4313,San Jose,43,True,True,C,REAR END,,Friday,NotApplicable,False,,,False,True,True,Santa Clara Superior,C,OTHER MOTOR VEHICLE,,0,0,CLEAR,, NO UNUSUAL CONDITIONS,, ,D,DARK-NO STREET LIGHTS,37.36553,-121.84459,,,,,A,NO PEDESTRIANS INVOLVED,6/30/2017 12:00:00 AM,A,22350,False,1.0,I-680 S/B,,,7/5/2017 11:53:55 AM,A,S,750.0,McKee Rd,F,,D,7/5/2017 11:54:30 AM,7/5/2017 11:54:30 AM,,True,2,,,,,,,
494123,9340-2017-15285,1,False,9340,6/30/2017 3:35:00 PM,1535,120,1368,4313,San Jose,43,True,True,C,REAR END,,Friday,NotApplicable,False,,,False,True,True,Santa Clara Superior,C,OTHER MOTOR VEHICLE,,0,0,CLEAR,, NO UNUSUAL CONDITIONS,, ,A,DAYLIGHT,37.374886,-121.93287,,,,,A,NO PEDESTRIANS INVOLVED,6/30/2017 12:00:00 AM,A,22350,False,1.0,US-101 S/B,,,7/5/2017 11:45:18 AM,A,N,0.25,SR-87,M,,D,7/5/2017 11:45:55 AM,7/5/2017 11:45:55 AM,,True,2,,,,,,,
494027,9340-2017-15290,1,False,9340,7/1/2017 12:27:00 AM,27,171,1368,4313,San Jose,43,True,True,E,HIT OBJECT,,Saturday,NotApplicable,False,,,False,True,True,Santa Clara Superior,I,FIXED OBJECT,EMBANKMENT,1,0,CLEAR,, NO UNUSUAL CONDITIONS,, ,D,DARK-NO STREET LIGHTS,37.1644,-121.99059,,,,,A,NO PEDESTRIANS INVOLVED,7/1/2017 12:00:00 AM,A,22107,False,1.0,SR-17 S/B,,,7/5/2017 10:35:26 AM,A,S,10.0,Brush Rd,F,,D,7/5/2017 10:36:00 AM,7/5/2017 10:36:00 AM,,True,2,,,,,,,
494004,9340-2017-15278,1,False,9340,6/30/2017 9:25:00 AM,925,088,1368,4313,San Jose,43,True,True,C,REAR END,,Friday,NotApplicable,False,,,False,True,True,Santa Clara Superior,C,OTHER MOTOR VEHICLE,,0,0,CLEAR,, NO UNUSUAL CONDITIONS,, ,A,DAYLIGHT,37.328113,-121.940717,,,,,A,NO PEDESTRIANS INVOLVED,6/30/2017 12:00:00 AM,A,22350,False,1.0,I-880 N/B,,,7/5/2017 10:28:52 AM,A,N,330.0,Forest Ave,F,,D,7/5/2017 10:29:23 AM,7/5/2017 10:29:23 AM,,True,2,,,,,,,
493959,9340-2017-15254,1,False,9340,6/29/2017 9:45:00 AM,945,281,1368,4313,San Jose,43,True,True,C,REAR END,,Thursday,NotApplicable,False,,,False,True,False,Santa Clara Superior,C,OTHER MOTOR VEHICLE,,0,0,CLEAR,, NO UNUSUAL CONDITIONS,, ,A,DAYLIGHT,37.315918,-121.916203,,,,,A,NO PEDESTRIANS INVOLVED,6/29/2017 12:00:00 AM,A,22350,False,1.0,I-280 N/B,,,7/5/2017 10:04:41 AM,A,N,345.0,Meridian Ave,F,,D,7/5/2017 10:05:11 AM,7/5/2017 10:05:11 AM,,True,2,,,,,,,
493939,9340-2017-15257,1,False,9340,6/29/2017 10:30:00 AM,1030,083,1368,4313,San Jose,43,True,True,C,REAR END,,Thursday,NotApplicable,False,,,False,True,True,Santa Clara Superior,C,OTHER MOTOR VEHICLE,,0,0,CLEAR,, NO UNUSUAL CONDITIONS,, ,A,DAYLIGHT,37.25058,-121.89784,,,,,A,NO PEDESTRIANS INVOLVED,6/29/2017 12:00:00 AM,A,22350,False,1.0,SR-85 N/B,,,7/5/2017 9:53:00 AM,A,S,2000.0,Camden Ave,F,,D,7/5/2017 9:53:34 AM,7/5/2017 9:53:34 AM,,True,2,,,,,,,
493918,9340-2017-15256,1,False,9340,6/29/2017 10:00:00 AM,1000,087,1368,4313,San Jose,43,True,True,C,REAR END,,Thursday,NotApplicable,False,M,,False,True,False,Santa Clara Superior,C,OTHER MOTOR VEHICLE,,0,0,CLEAR,, NO UNUSUAL CONDITIONS,, ,A,DAYLIGHT,37.29574,-121.87336,,,,,A,NO PEDESTRIANS INVOLVED,6/29/2017 12:00:00 AM,A,22350,False,1.0,SR-87 N/B,,,7/5/2017 9:42:59 AM,A,N,500.0,Curtner Ave,F,,D,7/5/2017 9:43:35 AM,7/5/2017 9:43:35 AM,,True,2,,,,,,,
493878,9340-2017-15262,1,False,9340,6/29/2017 3:40:00 PM,1540,089,1368,4313,San Jose,43,True,True,C,REAR END,,Thursday,NotApplicable,False,,,False,True,True,Santa Clara Superior,C,OTHER MOTOR VEHICLE,,0,0,CLEAR,, NO UNUSUAL CONDITIONS,, ,A,DAYLIGHT,37.22411,-121.54122,,,,,A,NO PEDESTRIANS INVOLVED,6/29/2017 12:00:00 AM,A,22350,False,1.0,I-880 S/B,,,7/5/2017 9:22:16 AM,A,N,1500.0,Brokaw Rd,F,,D,7/5/2017 9:22:46 AM,7/5/2017 9:22:46 AM,,True,2,,,,,,,
493752,9340-2017-15239,1,False,9340,6/28/2017 2:40:00 PM,1440,088,1368,4313,San Jose,43,True,True,C,REAR END,,Wednesday,NotApplicable,False,M,,False,True,False,Santa Clara Superior,C,OTHER MOTOR VEHICLE,,0,0,CLEAR,, NO UNUSUAL CONDITIONS,, ,A,DAYLIGHT,37.32302,-121.94081,,,,,A,NO PEDESTRIANS INVOLVED,6/28/2017 12:00:00 AM,A,22350,False,1.0,I-880 S/B,,,7/5/2017 8:04:36 AM,A,S,10.0,Stevens Creek Blvd,F,,D,7/5/2017 8:05:14 AM,7/5/2017 8:05:14 AM,,True,2,,,,,,,
493701,9340-2017-15224,1,False,9340,6/27/2017 2:12:00 PM,1412,281,1368,4313,San Jose,43,True,True,B,SIDE SWIPE,,Tuesday,NotApplicable,False,,,False,True,False,Santa Clara Superior,C,OTHER MOTOR VEHICLE,,0,0,CLEAR,, NO UNUSUAL CONDITIONS,, ,A,DAYLIGHT,37.320887,-121.93977,,,,,A,NO PEDESTRIANS INVOLVED,6/27/2017 12:00:00 AM,A,21658(a),False,1.0,I-280 N/B TO STEVENS CREEK BLVD CONN,,,7/5/2017 7:19:19 AM,A,S,800.0,Stevens Creek Blvd,F,,D,7/5/2017 7:19:54 AM,7/5/2017 7:19:54 AM,,True,2,,,,,,,
493659,9340-2017-15177,1,False,9340,6/24/2017 2:10:00 PM,1410,110,1368,4313,San Jose,43,True,True,E,HIT OBJECT,,Saturday,Yes,False,M,,False,True,False,Santa Clara Superior,I,FIXED OBJECT,Concrete Median Wall,0,0,CLEAR,, NO UNUSUAL CONDITIONS,, ,A,DAYLIGHT,37.27259,-121.8038,,,,,A,NO PEDESTRIANS INVOLVED,6/24/2017 12:00:00 AM,A,23152(a),True,1.0,US101 N/B,,,7/5/2017 6:03:36 AM,A,S,3575.0,Hellyer Ave,F,,D,7/5/2017 6:07:59 AM,7/5/2017 6:07:59 AM,,True,2,,,,,,,
493076,9725-2017-03426,1,False,9725,6/23/2017 7:35:00 AM,735,013,1368,4313,San Jose,43,True,True,C,REAR END,,Friday,NotApplicable,False,M,,False,True,True,Santa Clara Superior,C,OTHER MOTOR VEHICLE,,0,0,CLEAR,, NO UNUSUAL CONDITIONS,, ,A,DAYLIGHT,37.20866,-121.72212,,,,,A,NO PEDESTRIANS INVOLVED,6/23/2017 12:00:00 AM,A,22350,False,1.0,US-101 S/B,,,7/3/2017 2:37:16 PM,A,N,0.1,Bailey Avenue,M,,D,7/3/2017 2:37:59 PM,7/3/2017 2:37:59 PM,,True,2,,,,,,,
492967,9340-2017-15221,1,False,9340,6/27/2017 6:45:00 PM,1845,281,1368,4313,San Jose,43,True,True,C,REAR END,,Tuesday,Yes,False,,,False,True,False,Santa Clara Superior,C,OTHER MOTOR VEHICLE,,0,0,CLEAR,, NO UNUSUAL CONDITIONS,, ,A,DAYLIGHT,37.1921,-121.5613,,,,,A,NO PEDESTRIANS INVOLVED,6/27/2017 12:00:00 AM,A,22350,False,1.0,I-280 S/B,,,7/3/2017 1:16:12 PM,A,S,825.0,I-880,F,,D,7/3/2017 1:16:45 PM,7/3/2017 1:16:45 PM,,True,2,,,,,,,
492844,9340-2017-15198,1,False,9340,6/26/2017 4:25:00 AM,425,110,1368,4313,San Jose,43,True,True,C,REAR END,,Monday,Yes,False,,,False,True,True,Santa Clara Superior,C,OTHER MOTOR VEHICLE,,1,0,CLEAR,, NO UNUSUAL CONDITIONS,, ,D,DARK-NO STREET LIGHTS,37.26228,-121.80016,,,,,A,NO PEDESTRIANS INVOLVED,6/26/2017 12:00:00 AM,A,22350,False,1.0,US 101 N/B,,,7/3/2017 11:33:58 AM,A,N,2000.0,Blossom Hill Rd.,F,,D,7/3/2017 12:08:04 PM,7/3/2017 12:08:04 PM,,True,2,,,,,,,
492790,9340-2017-15227,1,False,9340,6/27/2017 5:40:00 PM,1740,172,1368,4313,San Jose,43,True,True,C,REAR END,,Tuesday,Yes,False,,,False,True,True,Santa Clara Superior,C,OTHER MOTOR VEHICLE,,0,0,CLEAR,, NO UNUSUAL CONDITIONS,, ,A,DAYLIGHT,37.18311,-121.56268,,,,,A,NO PEDESTRIANS INVOLVED,6/27/2017 12:00:00 AM,A,22350,False,1.0,SR-17 S/B,,,7/3/2017 11:37:20 AM,A,S,3000.0,I-280,F,,D,7/3/2017 11:37:56 AM,7/3/2017 11:37:56 AM,,True,2,,,,,,,
492680,9340-2017-15173,1,False,9340,6/24/2017 2:58:00 AM,258,901,1368,4313,San Jose,43,True,True,E,HIT OBJECT,,Saturday,Yes,False,M,,False,False,True,Santa Clara Superior,E,PARKED MOTOR VEHICLE,,0,0,CLEAR,, NO UNUSUAL CONDITIONS,, ,C,DARK-STREET LIGHTS,37.33533,-121.89234,,,,,A,NO PEDESTRIANS INVOLVED,6/24/2017 12:00:00 AM,A,23152(a),True,1.0,Santa Clara St,,,7/3/2017 10:27:35 AM,A,W,200.0,Market St,F,,D,7/3/2017 10:28:34 AM,7/3/2017 10:28:34 AM,,,2,,,,,,,
492674,9340-2017-15209,1,False,9340,6/26/2017 4:10:00 PM,1610,281,1368,4313,San Jose,43,True,True,C,REAR END,,Monday,NotApplicable,False,,,False,True,False,Santa Clara Superior,C,OTHER MOTOR VEHICLE,,1,0,CLEAR,, NO UNUSUAL CONDITIONS,, ,A,DAYLIGHT,37.89879,-121.89098,,,,,A,NO PEDESTRIANS INVOLVED,6/26/2017 12:00:00 AM,A,21658(a),False,1.0,I-280 S/B,,,7/3/2017 10:23:20 AM,A,N,750.0,Bird Ave,F,,D,7/3/2017 10:23:53 AM,7/3/2017 10:23:53 AM,,True,2,,,,,,,
492656,9340-2017-15199,2,False,9340,6/26/2017 4:40:00 AM,440,083,1368,4313,San Jose,43,True,True,E,HIT OBJECT,,Monday,Yes,False,,,False,True,True,Santa Clara Superior,I,FIXED OBJECT,CENTER DIVIDE,0,0,CLEAR,, NO UNUSUAL CONDITIONS,, ,D,DARK-NO STREET LIGHTS,37.24606,-121.82686,,,,,A,NO PEDESTRIANS INVOLVED,6/26/2017 12:00:00 AM,A,23152(a),True,1.0,SR-85 N/B,,,7/8/2017 6:16:18 AM,A,S,3960.0,Blossom Hill Rd,F,,C,7/3/2017 10:14:16 AM,7/8/2017 6:16:33 AM,,True,2,,,,,,,
492632,9340-2017-15220,1,False,9340,6/27/2017 3:25:00 PM,1525,282,1368,4313,San Jose,43,True,True,C,REAR END,,Tuesday,NotApplicable,False,,,False,True,False,Santa Clara Superior,C,OTHER MOTOR VEHICLE,,0,0,CLEAR,, NO UNUSUAL CONDITIONS,, ,A,DAYLIGHT,37.3219,-121.9955,,,,,A,NO PEDESTRIANS INVOLVED,6/27/2017 12:00:00 AM,A,22350,False,1.0,I-280 N/B to stevens creek blvd.,,,7/3/2017 10:00:17 AM,A,S,200.0,Stevens Creek Blvd,F,,D,7/3/2017 10:06:36 AM,7/3/2017 10:06:36 AM,,True,2,,,,,,,
492606,9340-2017-15250,1,False,9340,6/27/2017 6:10:00 AM,610,110,1368,4313,San Jose,43,True,True,C,REAR END,,Tuesday,Yes,False,,,False,True,True,Santa Clara Superior,C,OTHER MOTOR VEHICLE,,1,0,CLOUDY,, NO UNUSUAL CONDITIONS,, ,A,DAYLIGHT,37.362676,-121.886632,,,,,A,NO PEDESTRIANS INVOLVED,6/27/2017 12:00:00 AM,A,22350,False,1.0,US101 N/B,,,7/3/2017 9:54:15 AM,A,S,0.1,OAKLAND RD.,M,,D,7/3/2017 9:55:02 AM,7/3/2017 9:55:02 AM,,True,2,,,,,,,
492599,9340-2017-15200,1,False,9340,6/25/2017 4:15:00 AM,415,110,1368,4313,San Jose,43,True,True,D,BROADSIDE,,Sunday,NotApplicable,False,,,False,True,True,Santa Clara Superior,C,OTHER MOTOR VEHICLE,,0,0,CLEAR,, NO UNUSUAL CONDITIONS,, ,D,DARK-NO STREET LIGHTS,37.310357,-121.823459,,,,,A,NO PEDESTRIANS INVOLVED,6/26/2017 12:00:00 AM,C,,,,US101 S/B,,,7/3/2017 9:51:06 AM,A,N,2500.0,Capitol Expy,F,,D,7/3/2017 9:51:40 AM,7/3/2017 9:51:40 AM,,True,2,,,,,,,
492484,9340-2017-15288,1,False,9340,6/25/2017 9:15:00 PM,2115,282,1368,4313,San Jose,43,True,True,C,REAR END,,Sunday,NotApplicable,False,,,False,True,True,Santa Clara Superior,C,OTHER MOTOR VEHICLE,,0,0,CLEAR,, NO UNUSUAL CONDITIONS,, ,A,DAYLIGHT,37.32129,-121.89125,,,,,A,NO PEDESTRIANS INVOLVED,6/25/2017 12:00:00 AM,A,22350,False,1.0,I-280 N/B to SR-87 S/B,,,7/3/2017 8:40:41 AM,A,S,700.0,SR-87,F,,D,7/3/2017 8:41:18 AM,7/3/2017 8:41:18 AM,,True,2,,,,,,,
492439,9340-2017-15188,1,False,9340,6/25/2017 3:00:00 PM,1500,681,1368,4313,San Jose,43,True,True,C,REAR END,,Sunday,NotApplicable,False,M,,False,True,True,Santa Clara Superior,C,OTHER MOTOR VEHICLE,,1,0,CLEAR,, NO UNUSUAL CONDITIONS,, ,A,DAYLIGHT,37.34717,-121.8419,,,,,A,NO PEDESTRIANS INVOLVED,6/25/2017 12:00:00 AM,A,22350,False,1.0,I-680 S/B ,,,7/3/2017 8:00:40 AM,A,N,800.0,KING ROAD,F,,D,7/3/2017 8:01:15 AM,7/3/2017 8:01:15 AM,,True,2,,,,,,,
492432,9340-2017-15289,1,False,9340,6/25/2017 11:05:00 PM,2305,087,1368,4313,San Jose,43,True,True,E,HIT OBJECT,,Sunday,Yes,False,,,False,True,True,Santa Clara Superior,I,FIXED OBJECT,Center divide ,1,0,CLEAR,, NO UNUSUAL CONDITIONS,, ,D,DARK-NO STREET LIGHTS,37.3569,-121.91313,,,,,A,NO PEDESTRIANS INVOLVED,6/25/2017 12:00:00 AM,C,,,,SR-87,,,7/3/2017 7:51:10 AM,A,S,0.5,Skyport Dr,M,,D,7/3/2017 7:52:03 AM,7/3/2017 7:52:03 AM,,True,2,,,,,,,
492423,9340-2017-15174,1,False,9340,6/24/2017 10:05:00 AM,1005,282,1368,4313,San Jose,43,True,True,B,SIDE SWIPE,,Saturday,NotApplicable,False,M,,False,True,False,Santa Clara Superior,E,PARKED MOTOR VEHICLE,,0,0,CLEAR,, NO UNUSUAL CONDITIONS,, ,A,DAYLIGHT,37.317265,-121.950748,,,,,A,NO PEDESTRIANS INVOLVED,6/24/2017 12:00:00 AM,A,22107,False,1.0,I-280 N/B (FROM WINCHESTER BLVD),,,7/3/2017 7:46:04 AM,A,N,185.0,Winchester Blvd,F,,D,7/3/2017 7:46:45 AM,7/3/2017 7:46:45 AM,,True,2,,,,,,,
492418,9340-2017-15182,1,False,9340,6/24/2017 9:30:00 PM,2130,083,1368,4313,San Jose,43,True,True,F,OVERTURNED,,Saturday,NotApplicable,False,,,False,True,True,Santa Clara Superior,I,FIXED OBJECT,LIGHT POLE,0,0,CLEAR,, NO UNUSUAL CONDITIONS,, ,C,DARK-STREET LIGHTS,37.25443,-121.87537,,,,,A,NO PEDESTRIANS INVOLVED,6/24/2017 12:00:00 AM,A,22350,False,1.0,SR-85 S/B FROM ALAMDEN EXPY N/B,,,7/3/2017 7:40:56 AM,A,S,50.0,Almaden Expy,F,,D,7/3/2017 7:41:31 AM,7/3/2017 7:41:31 AM,,True,2,,,,,,,
492411,9340-2017-15163,1,False,9340,6/23/2017 8:10:00 PM,2010,110,1368,4313,San Jose,43,True,True,C,REAR END,,Friday,NotApplicable,False,,,False,True,True,Santa Clara Superior,C,OTHER MOTOR VEHICLE,,1,0,CLEAR,, NO UNUSUAL CONDITIONS,, ,A,DAYLIGHT,37.259689,-121.799446,,,,,A,NO PEDESTRIANS INVOLVED,6/23/2017 12:00:00 AM,A,22350,False,1.0,US101 S/B,,,7/3/2017 7:26:13 AM,A,N,400.0,Blossom Hill Rd,F,,D,7/3/2017 7:28:21 AM,7/3/2017 7:28:21 AM,,True,2,,,,,,,
492403,9340-2017-15164,1,False,9340,6/23/2017 2:30:00 PM,1430,281,1368,4313,San Jose,43,True,True,C,REAR END,,Friday,NotApplicable,False,,,False,True,False,Santa Clara Superior,C,OTHER MOTOR VEHICLE,,0,0,CLEAR,, NO UNUSUAL CONDITIONS,, ,A,DAYLIGHT,37.31667,-121.92487,,,,,A,NO PEDESTRIANS INVOLVED,6/23/2017 12:00:00 AM,A,22350,False,1.0,I-280 S/B,,,7/3/2017 7:18:23 AM,A,N,270.0,Leigh Ave,F,,D,7/3/2017 7:18:54 AM,7/3/2017 7:18:54 AM,,True,2,,,,,,,
492389,9340-2017-15168,1,False,9340,6/23/2017 8:30:00 PM,2030,282,1368,4313,San Jose,43,True,True,B,SIDE SWIPE,,Friday,Yes,True,,,False,True,True,Santa Clara Superior,I,FIXED OBJECT,CONCRETE WALL,1,0,CLEAR,, NO UNUSUAL CONDITIONS,, ,B,DUSK-DAWN,37.19533,-122.04752,,,,,A,NO PEDESTRIANS INVOLVED,6/23/2017 12:00:00 AM,A,22350,False,1.0,I-880 NB TO WOLFE RD,,,7/3/2017 7:02:50 AM,A,S,350.0,Wolfe Rd,F,,D,7/3/2017 7:03:38 AM,7/3/2017 7:03:38 AM,,True,2,,,,,,,
492376,9340-2017-15121,1,False,9340,6/21/2017 4:45:00 PM,1645,282,1368,4313,San Jose,43,True,True,C,REAR END,,Wednesday,NotApplicable,False,,,False,True,False,Santa Clara Superior,C,OTHER MOTOR VEHICLE,,0,0,CLEAR,, NO UNUSUAL CONDITIONS,, ,A,DAYLIGHT,37.3337,-122.032,,,,,A,NO PEDESTRIANS INVOLVED,6/21/2017 12:00:00 AM,A,22350,False,1.0,I-280 S/B,,,7/3/2017 6:37:59 AM,A,N,30.0,de Anza Blvd,F,,D,7/3/2017 6:38:28 AM,7/3/2017 6:38:28 AM,,True,2,,,,,,,
492343,9340-2017-15277,1,False,9340,6/30/2017 3:20:00 AM,320,085,1368,4313,San Jose,43,True,True,E,HIT OBJECT,,Friday,Yes,False,,,False,True,True,Santa Clara Superior,I,FIXED OBJECT,CENTER MEDIAN,1,0,CLEAR,, NO UNUSUAL CONDITIONS,, ,C,DARK-STREET LIGHTS,37.24381,-121.82116,,,,,A,NO PEDESTRIANS INVOLVED,6/30/2017 12:00:00 AM,A,23152(g),True,1.0,SR-85 N/B,,,7/3/2017 5:46:37 AM,A,N,4900.0,Cottle Rd,F,,D,7/3/2017 5:47:20 AM,7/3/2017 5:47:20 AM,,True,2,,,,,,,
492316,9340-2017-15273,1,False,9340,6/30/2017 12:00:00 AM,0,520,1368,4313,San Jose,43,True,True,E,HIT OBJECT,,Friday,Yes,False,,,False,False,True,Santa Clara Superior,I,FIXED OBJECT,TRAFFIC SIGNAL,0,0,CLEAR,, NO UNUSUAL CONDITIONS,, ,C,DARK-STREET LIGHTS,37.32326,-121.96433,,,,,A,NO PEDESTRIANS INVOLVED,6/30/2017 12:00:00 AM,A,23152(a),True,1.0,SAN TOMAS EXPY N/B,,,7/3/2017 1:18:02 AM,A,,,Stevens Creek Blvd,,,A,7/3/2017 1:18:47 AM,7/3/2017 1:18:47 AM,,,2,,,,,,,
491766,9340-2017-15158,1,False,9340,6/23/2017 1:35:00 PM,1335,110,1368,4313,San Jose,43,True,True,C,REAR END,,Friday,NotApplicable,False,,,False,True,True,Santa Clara Superior,C,OTHER MOTOR VEHICLE,,2,0,CLEAR,, NO UNUSUAL CONDITIONS,, ,A,DAYLIGHT,37.354972,-121.867124,,,,,A,NO PEDESTRIANS INVOLVED,6/23/2017 12:00:00 AM,A,22350,False,1.0,US101 N/B,,,6/30/2017 3:17:46 PM,A,N,200.0,McKee Rd,F,,D,6/30/2017 3:18:41 PM,6/30/2017 3:18:41 PM,,True,2,,,,,,,
491758,9340-2017-15255,1,False,9340,6/29/2017 10:30:00 AM,1030,110,1368,4313,San Jose,43,True,True,C,REAR END,,Thursday,NotApplicable,False,,,False,True,False,Santa Clara Superior,C,OTHER MOTOR VEHICLE,,0,0,CLEAR,, NO UNUSUAL CONDITIONS,, ,A,DAYLIGHT,37.359722,-121.873314,,,,,A,NO PEDESTRIANS INVOLVED,6/29/2017 12:00:00 AM,A,22350 VC,False,1.0,US-101 NORTHBOUND,,,6/30/2017 3:12:13 PM,A,S,0.25,TAYLOR STREET,M,,D,6/30/2017 3:13:07 PM,6/30/2017 3:13:07 PM,,True,2,,,,,,,