Collision Id,	Report Number,	Report Version,	Is Preliminary,	NCIC Code,Crash Date Time,	Crash Time Description,	Beat,City Id,	City Code,	City Name,County Code,	City Is Active,	City Is Incorporated,	Collision Type Code,Collision Type Description,	Collision Type Other Desc,	Day Of Week,	DispatchNotified,	HasPhotographs,	HitRun,	IsAttachmentsMailed,	IsDeleted,	IsHighwayRelated,	IsTowAway,	JudicialDistrict,	MotorVehicleInvolvedWithCode,	MotorVehicleInvolvedWithDesc,MotorVehicleInvolvedWithOtherDesc,	NumberInjured,	NumberKilled,Weather 1, Weather 2, Road Condition 1, Road Condition 2, Special Condition,LightingCode, LightingDescription,Latitude,Longitude,MilepostDirection,MilepostDistance,MilepostMarker,MilepostUnitOfMeasure,	PedestrianActionCode,PedestrianActionDesc,PreparedDate,	Primary Collision Factor Code,Primary Collision Factor Violation,PrimaryCollisionFactorIsCited,	PrimaryCollisionPartyNumber,	PrimaryRoad,	ReportingDistrict,	ReportingDistrictCode,ReviewedDate,	RoadwaySurfaceCode,SecondaryDirection,	SecondaryDistance,	SecondaryRoad,	SecondaryUnitOfMeasure,	SketchDesc,	TrafficControlDeviceCode,CreatedDate,	ModifiedDate,IsCountyRoad,IsFreeway,CHP555Version,	IsAdditonalObjectStruck,NotificationDate,	NotificationTimeDescription,	HasDigitalMediaFiles,	EvidenceNumber,	IsLocationReferToNarrative,	IsAOIOneSameAsLocation
491732,9340-2017-15107,1,False,9340,6/20/2017 5:00:00 PM,1700,089,1368,4313,San Jose,43,True,True,C,REAR END,,Tuesday,NotApplicable,False,,,False,True,False,Santa Clara Superior,C,OTHER MOTOR VEHICLE,,1,0,CLEAR,, NO UNUSUAL CONDITIONS,, ,A,DAYLIGHT,37.3993,-121.9085,,,,,A,NO PEDESTRIANS INVOLVED,6/20/2017 12:00:00 AM,A,22350,False,1.0,I-880 S/B,,,6/30/2017 2:44:50 PM,A,S,0.25,Montague Expy,M,,D,6/30/2017 2:45:33 PM,6/30/2017 2:45:33 PM,,True,2,,,,,,,
491722,9725-2017-03436,1,False,9725,6/25/2017 10:40:00 AM,1040,013,1368,4313,San Jose,43,True,True,C,REAR END,,Sunday,Yes,False,,,False,True,True,Santa Clara Superior,C,OTHER MOTOR VEHICLE,,2,0,CLEAR,, NO UNUSUAL CONDITIONS,, ,A,DAYLIGHT,37.206191,-121.717429,,,,,A,NO PEDESTRIANS INVOLVED,6/25/2017 12:00:00 AM,A,22350,False,2.0,US-101 N/B,,,6/30/2017 2:37:57 PM,A,S,0.3,Bailey Avenue,M,,D,6/30/2017 2:38:56 PM,6/30/2017 2:38:56 PM,,True,2,,,,,,,
491699,9340-2017-15187,1,False,9340,6/24/2017 3:10:00 PM,1510,681,1368,4313,San Jose,43,True,True,B,SIDE SWIPE,,Saturday,NotApplicable,False,,,False,True,False,Santa Clara Superior,C,OTHER MOTOR VEHICLE,,0,0,CLEAR,, NO UNUSUAL CONDITIONS,, ,A,DAYLIGHT,37.3635,-121.84327,,,,,A,NO PEDESTRIANS INVOLVED,6/25/2017 12:00:00 AM,A,21658(a),False,1.0,I-680 S/B ,,,6/30/2017 2:15:10 PM,A,S,1000.0,MCKEE ROAD,F,,D,6/30/2017 2:15:51 PM,6/30/2017 2:15:51 PM,,True,2,,,,,,,
491651,9340-2017-15104,1,False,9340,6/20/2017 3:30:00 PM,1530,089,1368,4313,San Jose,43,True,True,B,SIDE SWIPE,,Tuesday,NotApplicable,False,M,,False,True,False,Santa Clara Superior,C,OTHER MOTOR VEHICLE,,0,0,CLEAR,, NO UNUSUAL CONDITIONS,, ,A,DAYLIGHT,37.3798,-121.9032,,,,,A,NO PEDESTRIANS INVOLVED,6/20/2017 12:00:00 AM,A,22350,False,1.0,I-880 S/B,,,6/30/2017 1:42:23 PM,A,S,0.25,Brokaw Rd,M,,D,6/30/2017 1:42:53 PM,6/30/2017 1:42:53 PM,,True,2,,,,,,,
491647,9340-2017-15106,1,False,9340,6/20/2017 5:20:00 PM,1720,089,1368,4313,San Jose,43,True,True,C,REAR END,,Tuesday,NotApplicable,False,,,False,True,True,Santa Clara Superior,C,OTHER MOTOR VEHICLE,,0,0,CLEAR,, NO UNUSUAL CONDITIONS,, ,A,DAYLIGHT,37.3681,-121.9013,,,,,A,NO PEDESTRIANS INVOLVED,6/20/2017 12:00:00 AM,A,22107,False,1.0,I-880 S/B,,,6/30/2017 1:39:23 PM,A,S,400.0,Old Bayshore Hwy,F,,D,6/30/2017 1:40:00 PM,6/30/2017 1:40:00 PM,,True,2,,,,,,,
491610,9340-2017-15243,1,False,9340,6/28/2017 2:25:00 PM,1425,120,1368,4313,San Jose,43,True,True,C,REAR END,,Wednesday,Yes,False,,,False,True,True,Santa Clara Superior,C,OTHER MOTOR VEHICLE,,1,0,CLEAR,, NO UNUSUAL CONDITIONS,, ,A,DAYLIGHT,37.37609,-121.93918,,,,,A,NO PEDESTRIANS INVOLVED,6/28/2017 12:00:00 AM,A,22350,False,1.0,US-101 S/B,,,6/30/2017 1:13:41 PM,A,S,1500.0,Trimble Rd,F,,D,6/30/2017 1:14:25 PM,6/30/2017 1:14:25 PM,,True,2,,,,,,,
491560,9340-2017-15235,1,False,9340,6/28/2017 11:35:00 AM,1135,088,1368,4313,San Jose,43,True,True,B,SIDE SWIPE,,Wednesday,NotApplicable,False,,,False,True,False,Santa Clara Superior,C,OTHER MOTOR VEHICLE,,1,0,CLEAR,, NO UNUSUAL CONDITIONS,, ,A,DAYLIGHT,37.03821,-121.552933,,,,,A,NO PEDESTRIANS INVOLVED,6/28/2017 12:00:00 AM,A,22350,False,1.0,I-880 S/B,,,6/30/2017 12:11:26 PM,A,N,355.0,The Alameda,F,REFER TO PG. #6,D,6/30/2017 12:12:05 PM,6/30/2017 12:12:05 PM,,True,2,,,,,,,
491538,9340-2017-15234,1,False,9340,6/28/2017 11:10:00 AM,1110,089,1368,4313,San Jose,43,True,True,E,HIT OBJECT,,Wednesday,NotApplicable,False,M,,False,True,True,Santa Clara Superior,I,FIXED OBJECT,concrete wall,0,0,CLEAR,, NO UNUSUAL CONDITIONS,, ,A,DAYLIGHT,36.34406,-121.924685,,,,,A,NO PEDESTRIANS INVOLVED,6/28/2017 12:00:00 AM,A,21658(a),False,1.0,I-880 S/B,,,6/30/2017 11:36:41 AM,A,N,414.0,The Alameda,F,,D,6/30/2017 11:37:16 AM,6/30/2017 11:37:16 AM,,True,2,,,,,,,
491532,9340-2017-15222,1,False,9340,6/27/2017 5:16:00 PM,1716,120,1368,4313,San Jose,43,True,True,C,REAR END,,Tuesday,NotApplicable,False,,,False,True,False,Santa Clara Superior,C,OTHER MOTOR VEHICLE,,0,0,CLEAR,, NO UNUSUAL CONDITIONS,, ,A,DAYLIGHT,37.37782,-121.94758,,,,,A,NO PEDESTRIANS INVOLVED,6/27/2017 12:00:00 AM,A,22350,False,1.0,US-101 S/B,,,6/30/2017 11:29:24 AM,A,N,1700.0,TRIMBLE ROAD,F,,D,6/30/2017 11:30:04 AM,6/30/2017 11:30:04 AM,,True,2,,,,,,,
491529,9340-2017-15226,1,False,9340,6/27/2017 5:55:00 PM,1755,282,1368,4313,San Jose,43,True,True,C,REAR END,,Tuesday,NotApplicable,False,,,False,True,True,Santa Clara Superior,C,OTHER MOTOR VEHICLE,,2,0,CLEAR,, NO UNUSUAL CONDITIONS,, ,A,DAYLIGHT,37.317328,-121.941714,,,,,A,NO PEDESTRIANS INVOLVED,6/27/2017 12:00:00 AM,A,22350,False,1.0,I-280 N/B,,,6/30/2017 11:25:46 AM,A,N,258.0,I-880,F,,D,6/30/2017 11:26:22 AM,6/30/2017 11:26:22 AM,,True,2,,,,,,,
491520,9340-2017-15218,1,False,9340,6/27/2017 5:40:00 PM,1740,089,1368,4313,San Jose,43,True,True,C,REAR END,,Tuesday,NotApplicable,False,M,,False,True,False,Santa Clara Superior,C,OTHER MOTOR VEHICLE,,0,0,CLEAR,, NO UNUSUAL CONDITIONS,, ,A,DAYLIGHT,37.382019,-121.90453,,,,,A,NO PEDESTRIANS INVOLVED,6/27/2017 12:00:00 AM,A,22350,False,1.0,I-880 S/B,,,6/30/2017 11:11:44 AM,A,S,600.0,BROKAW RD U/C,F,,D,6/30/2017 11:12:14 AM,6/30/2017 11:12:14 AM,,True,2,,,,,,,
491468,9340-2017-15233,1,False,9340,6/27/2017 7:55:00 AM,755,281,1368,4313,San Jose,43,True,True,C,REAR END,,Tuesday,NotApplicable,False,,,False,True,False,Santa Clara Superior,C,OTHER MOTOR VEHICLE,,0,0,CLOUDY,, NO UNUSUAL CONDITIONS,, ,A,DAYLIGHT,37.33176,-121.86484,S,0.3,280 SCL R1.188,M,A,NO PEDESTRIANS INVOLVED,6/27/2017 12:00:00 AM,A,22350,False,1.0,I-280 N/B,,,6/30/2017 10:23:22 AM,A,S,0.3,11th Street,M,      SEE PAGE 3 FOR SKETCH,D,6/30/2017 10:23:52 AM,6/30/2017 10:23:52 AM,,True,2,,,,,,,
491466,9340-2017-15201,1,False,9340,6/25/2017 4:14:00 AM,414,110,1368,4313,San Jose,43,True,True,B,SIDE SWIPE,,Sunday,NotApplicable,False,,,False,True,True,Santa Clara Superior,C,OTHER MOTOR VEHICLE,,0,0,CLEAR,, NO UNUSUAL CONDITIONS,, ,D,DARK-NO STREET LIGHTS,37.310734,-121.824321,,,,,A,NO PEDESTRIANS INVOLVED,6/26/2017 12:00:00 AM,A,22107,False,1.0,US101 S/B,,,6/30/2017 10:20:47 AM,A,N,2600.0,Capitol Expy,F,,D,6/30/2017 10:21:18 AM,6/30/2017 10:21:18 AM,,True,2,,,,,,,
491459,9340-2017-15211,1,False,9340,6/26/2017 5:15:00 PM,1715,281,1368,4313,San Jose,43,True,True,B,SIDE SWIPE,,Monday,NotApplicable,False,,,False,True,False,Santa Clara Superior,C,OTHER MOTOR VEHICLE,,0,0,CLEAR,, NO UNUSUAL CONDITIONS,, ,A,DAYLIGHT,37.998098,-121.98098,,,,,A,NO PEDESTRIANS INVOLVED,6/26/2017 12:00:00 AM,A,21658(a),False,1.0,I-280 N/B,,,6/30/2017 10:10:51 AM,A,N,500.0,Birch Ave,F,,D,6/30/2017 10:11:20 AM,6/30/2017 10:11:20 AM,,True,2,,,,,,,
491405,9340-2017-15062,1,False,9340,6/18/2017 4:28:00 AM,428,110,1368,4313,San Jose,43,True,True,E,HIT OBJECT,,Sunday,NotApplicable,False,M,,False,True,True,Santa Clara Superior,I,FIXED OBJECT,TREE,0,0,CLEAR,, NO UNUSUAL CONDITIONS,, ,C,DARK-STREET LIGHTS,37.337504,-121.851226,,,,,A,NO PEDESTRIANS INVOLVED,6/18/2017 12:00:00 AM,A,22107,False,1.0,US-101 S/B TO STORY ROAD,,,6/30/2017 9:31:39 AM,A,N,1000.0,STORY ROAD,F,,D,6/30/2017 9:32:10 AM,6/30/2017 9:32:10 AM,,True,2,,,,,,,
491404,9340-2017-15196,1,False,9340,6/25/2017 9:00:00 PM,2100,281,1368,4313,San Jose,43,True,True,E,HIT OBJECT,,Sunday,NotApplicable,False,,,False,True,True,Santa Clara Superior,I,FIXED OBJECT,CONCRETE SOUND WALL,0,0,CLEAR,, NO UNUSUAL CONDITIONS,, ,C,DARK-STREET LIGHTS,37.33634,-121.85806,,,,,A,NO PEDESTRIANS INVOLVED,6/25/2017 12:00:00 AM,A,22107,False,1.0,I280 NB,,,6/30/2017 9:28:40 AM,A,N,150.0,McLaughlin Ave,F,,D,6/30/2017 9:29:15 AM,6/30/2017 9:29:15 AM,,True,2,,,,,,,
491385,9340-2017-15178,1,False,9340,6/24/2017 8:50:00 PM,2050,088,1368,4313,San Jose,43,True,True,E,HIT OBJECT,,Saturday,Yes,False,,,False,True,True,Santa Clara Superior,I,FIXED OBJECT,Concrete Barrier Wall,3,0,CLEAR,, NO UNUSUAL CONDITIONS,, ,C,DARK-STREET LIGHTS,37.33461,-121.93584,,,,,A,NO PEDESTRIANS INVOLVED,6/24/2017 12:00:00 AM,A,22350,False,1.0,I-880 NB TO BASCOM AVE NB,,,6/30/2017 9:16:23 AM,A,N,150.0,Bascom Avenue,F,,D,6/30/2017 9:17:05 AM,6/30/2017 9:17:05 AM,,True,2,,,,,,,
491372,9340-2017-15189,1,False,9340,6/24/2017 9:57:00 PM,2157,088,1368,4313,San Jose,43,True,True,C,REAR END,,Saturday,NotApplicable,False,,,False,True,False,Santa Clara Superior,C,OTHER MOTOR VEHICLE,,0,0,CLEAR,, NO UNUSUAL CONDITIONS,, ,D,DARK-NO STREET LIGHTS,37.329934,-121.940571,,,,,A,NO PEDESTRIANS INVOLVED,6/24/2017 12:00:00 AM,A,22350,False,1.0,I-880 N/B,,,6/30/2017 9:06:49 AM,A,S,1900.0,Bascom Ave,F,,D,6/30/2017 9:07:30 AM,6/30/2017 9:07:30 AM,,True,2,,,,,,,
491301,9340-2017-15154,1,False,9340,6/23/2017 8:40:00 AM,840,510,1368,4313,San Jose,43,True,True,C,REAR END,,Friday,Yes,False,,,False,True,True,Santa Clara Superior,C,OTHER MOTOR VEHICLE,,1,0,CLEAR,, NO UNUSUAL CONDITIONS,, ,A,DAYLIGHT,37.317285,-121.963818,,,,,A,NO PEDESTRIANS INVOLVED,6/23/2017 12:00:00 AM,A,22350,False,1.0,NB SAN TOMAS EXPY FROM WB MOORPARK AVE,,,6/30/2017 8:15:35 AM,A,N,420.0,Moorpark Ave,F,,D,6/30/2017 8:16:31 AM,6/30/2017 8:16:31 AM,,True,2,,,,,,,
491290,9340-2017-15146,1,False,9340,6/22/2017 6:40:00 PM,1840,281,1368,4313,San Jose,43,True,True,C,REAR END,,Thursday,NotApplicable,False,,,False,True,False,Santa Clara Superior,C,OTHER MOTOR VEHICLE,,0,0,CLEAR,, NO UNUSUAL CONDITIONS,, ,A,DAYLIGHT,37.320418,-121.89072,,,,,A,NO PEDESTRIANS INVOLVED,6/22/2017 12:00:00 AM,A,22350,False,1.0,I-280 S/B to SR-87 S/B,,,6/30/2017 8:09:52 AM,A,W,600.0,I-280 S/B,F,,D,6/30/2017 8:10:22 AM,6/30/2017 8:10:22 AM,,True,2,,,,,,,
491287,9340-2017-15145,1,False,9340,6/22/2017 5:10:00 PM,1710,087,1368,4313,San Jose,43,True,True,C,REAR END,,Thursday,NotApplicable,False,,,False,True,False,Santa Clara Superior,C,OTHER MOTOR VEHICLE,,1,0,CLEAR,, NO UNUSUAL CONDITIONS,, ,A,DAYLIGHT,37.325813,-121.893741,,,,,A,NO PEDESTRIANS INVOLVED,6/22/2017 12:00:00 AM,A,22350,False,1.0,SR-87 S/B,,,6/30/2017 8:07:08 AM,A,N,660.0,I-280,F,,D,6/30/2017 8:07:42 AM,6/30/2017 8:07:42 AM,,True,2,,,,,,,
491259,9340-2017-15140,1,False,9340,6/22/2017 5:10:00 PM,1710,120,1368,4313,San Jose,43,True,True,B,SIDE SWIPE,,Thursday,NotApplicable,False,,,False,True,False,Santa Clara Superior,C,OTHER MOTOR VEHICLE,,0,0,CLEAR,, NO UNUSUAL CONDITIONS,, ,E,DARK-STREET LIGHTS NOT FUNCTIONING*,37.36344,-121.89622,,,,,A,NO PEDESTRIANS INVOLVED,6/22/2017 12:00:00 AM,A,22107,False,2.0,US-101 S/B,,,6/30/2017 7:35:12 AM,A,N,500.0,Oakland Rd,F,,D,6/30/2017 7:36:13 AM,6/30/2017 7:36:13 AM,,True,2,,,,,,,
491235,9340-2017-15181,1,False,9340,6/21/2017 8:45:00 PM,2045,120,1368,4313,San Jose,43,True,True,C,REAR END,,Wednesday,NotApplicable,False,M,,False,True,False,Santa Clara Superior,C,OTHER MOTOR VEHICLE,,0,0,CLEAR,, NO UNUSUAL CONDITIONS,, ,B,DUSK-DAWN,37.37749,-121.94595,,,,,A,NO PEDESTRIANS INVOLVED,6/21/2017 12:00:00 AM,A,21658(a),False,,US101 S/B,,,6/30/2017 7:06:09 AM,A,N,1500.0,TRIMLE RD,F,,D,6/30/2017 7:07:02 AM,6/30/2017 7:07:02 AM,,True,2,,,,,,,
491211,9340-2017-15216,1,False,9340,6/21/2017 4:30:00 PM,1630,120,1368,4313,San Jose,43,True,True,C,REAR END,,Wednesday,NotApplicable,False,,,False,True,False,Santa Clara Superior,C,OTHER MOTOR VEHICLE,,0,0,CLEAR,, NO UNUSUAL CONDITIONS,, ,A,DAYLIGHT,,,,,,,A,NO PEDESTRIANS INVOLVED,6/21/2017 12:00:00 AM,A,22350,False,1.0,US-101 S/B,,,6/30/2017 6:18:04 AM,A,N,100.0,I-880,F,,D,6/30/2017 6:18:34 AM,6/30/2017 6:18:34 AM,,True,2,,,,,,,
490864,9340-2017-15171,1,False,9340,6/23/2017 5:45:00 PM,1745,087,1368,4313,San Jose,43,True,True,C,REAR END,,Friday,NotApplicable,False,,,False,True,True,Santa Clara Superior,C,OTHER MOTOR VEHICLE,,0,0,CLEAR,, NO UNUSUAL CONDITIONS,, ,A,DAYLIGHT,37.31296,-121.88544,,,,,A,NO PEDESTRIANS INVOLVED,6/23/2017 12:00:00 AM,A,22350,False,1.0,SR-87 S/B,,,6/29/2017 1:56:55 PM,A,N,400.0,Alma Ave,F,,D,6/29/2017 1:58:23 PM,6/29/2017 1:58:23 PM,,True,2,,,,,,,
490402,9725-2017-03427,1,False,9725,6/23/2017 1:15:00 PM,1315,013,1368,4313,San Jose,43,True,True,C,REAR END,,Friday,NotApplicable,False,,,False,True,False,Santa Clara Superior,C,OTHER MOTOR VEHICLE,,0,0,CLEAR,, NO UNUSUAL CONDITIONS,, ,A,DAYLIGHT,37.18211,-121.68336,,,,,A,NO PEDESTRIANS INVOLVED,6/23/2017 12:00:00 AM,A,22350,False,1.0,US-101 s/b,,,6/29/2017 8:47:07 AM,A,S,0.3,Coyote Creek Golf Drive,M,,D,6/29/2017 8:47:45 AM,6/29/2017 8:47:45 AM,,True,2,,,,,,,
490394,9725-2017-03431,1,False,9725,6/23/2017 4:11:00 PM,1611,015,1368,4313,San Jose,43,True,True,C,REAR END,,Friday,NotApplicable,False,M,,False,True,True,Santa Clara Superior,C,OTHER MOTOR VEHICLE,,0,0,CLEAR,, NO UNUSUAL CONDITIONS,, ,A,DAYLIGHT,37.2477,-121.7798,N,0.4,101 SCL 27.005,M,A,NO PEDESTRIANS INVOLVED,6/23/2017 12:00:00 AM,A,22350,False,3.0,US-101 SOUTHBOUND,,,6/29/2017 8:41:45 AM,A,N,0.4,BERNAL ROAD,M,,D,6/29/2017 8:42:16 AM,6/29/2017 8:42:16 AM,,True,2,,,,,,,
490282,9340-2017-15134,1,False,9340,6/22/2017 7:35:00 AM,735,281,1368,4313,San Jose,43,True,True,C,REAR END,,Thursday,NotApplicable,False,,,False,True,False,Santa Clara Superior,C,OTHER MOTOR VEHICLE,,0,0,CLEAR,, NO UNUSUAL CONDITIONS,, ,A,DAYLIGHT,37.32501,-121.888013,,,,,A,NO PEDESTRIANS INVOLVED,6/22/2017 12:00:00 AM,A,22350,False,1.0,NB I-280 TO NB SR-87,,,6/29/2017 6:53:25 AM,A,S,50.0,Vine St,F,,D,6/29/2017 6:54:04 AM,6/29/2017 6:54:04 AM,,True,2,,,,,,,
490279,9340-2017-15132,1,False,9340,6/22/2017 6:55:00 AM,655,110,1368,4313,San Jose,43,True,True,B,SIDE SWIPE,,Thursday,Yes,False,,,False,True,True,Santa Clara Superior,C,OTHER MOTOR VEHICLE,,2,0,CLEAR,, NO UNUSUAL CONDITIONS,, ,A,DAYLIGHT,37.29002,-121.8094,,,,,A,NO PEDESTRIANS INVOLVED,6/22/2017 12:00:00 AM,A,22107,False,1.0,US-101 N/B,,,6/29/2017 6:50:08 AM,A,N,3000.0,Hellyer Ave,F,,D,6/29/2017 6:50:55 AM,6/29/2017 6:50:55 AM,,True,2,,,,,,,
489685,9725-2017-03400,1,False,9725,6/19/2017 1:45:00 PM,1345,013,1368,4313,San Jose,43,True,True,H,OTHER,tire failure,Monday,NotApplicable,False,,,False,True,True,San Jose Superior,A,NON-COLLISION,,0,0,CLEAR,, NO UNUSUAL CONDITIONS,, ,A,DAYLIGHT,37.198898,-121.704354,,,,,A,NO PEDESTRIANS INVOLVED,6/19/2017 12:00:00 AM,C,,,,US-101 N/B,,,6/28/2017 11:39:37 AM,A,S,1.5,Bailey Ave,M,,D,6/28/2017 11:40:08 AM,6/28/2017 11:40:08 AM,,True,2,,,,,,,
489615,9340-2017-15207,1,False,9340,6/26/2017 5:10:00 PM,1710,110,1368,4313,San Jose,43,True,True,C,REAR END,,Monday,NotApplicable,False,,,False,True,False,Santa Clara Superior,C,OTHER MOTOR VEHICLE,,1,0,CLEAR,, NO UNUSUAL CONDITIONS,, ,A,DAYLIGHT,37.346601,-121.85894,,,,,A,NO PEDESTRIANS INVOLVED,6/26/2017 12:00:00 AM,A,22350,False,1.0,US-101 S/B,,,6/28/2017 10:50:46 AM,A,S,600.0,Alum Rock Avenue,F,,D,6/28/2017 10:51:22 AM,6/28/2017 10:51:22 AM,,True,2,,,,,,,
489540,9340-2017-15214,1,False,9340,6/26/2017 5:52:00 PM,1752,282,1368,4313,San Jose,43,True,True,C,REAR END,,Monday,NotApplicable,False,,,False,True,True,Santa Clara Superior,C,OTHER MOTOR VEHICLE,,0,0,CLEAR,, NO UNUSUAL CONDITIONS,, ,A,DAYLIGHT,37.3166,-121.9508,,,,,A,NO PEDESTRIANS INVOLVED,6/26/2017 12:00:00 AM,A,22350,False,1.0,I-280 S/B,,,6/28/2017 10:17:27 AM,A,N,50.0,Winchester Blvd,F,,D,6/28/2017 10:18:06 AM,6/28/2017 10:18:06 AM,,True,2,,,,,,,
489518,9340-2017-15210,1,False,9340,6/26/2017 1:45:00 PM,1345,681,1368,4313,San Jose,43,True,True,C,REAR END,,Monday,NotApplicable,False,,,False,True,False,Santa Clara Superior,C,OTHER MOTOR VEHICLE,,1,0,CLEAR,, NO UNUSUAL CONDITIONS,, ,A,DAYLIGHT,37.38235,-121.86047,,,,,A,NO PEDESTRIANS INVOLVED,6/26/2017 12:00:00 AM,A,22350,False,1.0,I-680 NB,,,6/28/2017 10:06:04 AM,A,S,1006.0,BERRYESSA ROAD,F,,D,6/28/2017 10:06:39 AM,6/28/2017 10:06:39 AM,,True,2,,,,,,,
489505,9340-2017-15205,2,False,9340,6/26/2017 2:52:00 PM,1452,681,1368,4313,San Jose,43,True,True,B,SIDE SWIPE,,Monday,NotApplicable,False,,,False,True,True,Santa Clara Superior,C,OTHER MOTOR VEHICLE,,1,0,CLEAR,, NO UNUSUAL CONDITIONS,, ,A,DAYLIGHT,37.3481,-121.8402,,,,,A,NO PEDESTRIANS INVOLVED,6/26/2017 12:00:00 AM,A,21658(a),False,1.0,I-680 N/B,,,10/12/2017 1:25:01 PM,A,S,600.0,Jackson Ave,F,,D,6/28/2017 9:59:47 AM,10/12/2017 1:25:03 PM,,True,2,,,,,,,
489501,9340-2017-15195,1,False,9340,6/25/2017 6:45:00 PM,1845,120,1368,4313,San Jose,43,True,True,B,SIDE SWIPE,,Sunday,NotApplicable,False,,,False,True,False,Santa Clara Superior,C,OTHER MOTOR VEHICLE,,0,0,CLEAR,, NO UNUSUAL CONDITIONS,, ,A,DAYLIGHT,37.363831,-121.898546,,,,,A,NO PEDESTRIANS INVOLVED,6/25/2017 12:00:00 AM,A,21658(a),False,1.0,US101 N/B,,,6/28/2017 9:54:35 AM,A,S,895.0,I-880,F,,D,6/28/2017 9:56:04 AM,6/28/2017 9:56:04 AM,,True,2,,,,,,,
489500,9340-2017-15208,1,False,9340,6/26/2017 6:30:00 PM,1830,110,1368,4313,San Jose,43,True,True,C,REAR END,,Monday,NotApplicable,False,,,False,True,True,Santa Clara Superior,C,OTHER MOTOR VEHICLE,,1,0,CLEAR,, NO UNUSUAL CONDITIONS,, ,A,DAYLIGHT,37.361734,-121.880544,,,,,A,NO PEDESTRIANS INVOLVED,6/26/2017 12:00:00 AM,A,22350,False,1.0,US-101 S/B,,,6/28/2017 9:55:15 AM,A,N,700.0,Taylor Road,F,,D,6/28/2017 9:55:49 AM,6/28/2017 9:55:49 AM,,True,2,,,,,,,
489468,9340-2017-15191,1,False,9340,6/24/2017 9:10:00 PM,2110,681,1368,4313,San Jose,43,True,True,C,REAR END,,Saturday,NotApplicable,False,M,,False,True,False,Santa Clara Superior,C,OTHER MOTOR VEHICLE,,1,0,CLEAR,, NO UNUSUAL CONDITIONS,, ,D,DARK-NO STREET LIGHTS,37.35121,-121.83786,,,,,A,NO PEDESTRIANS INVOLVED,6/24/2017 12:00:00 AM,A,22350,False,1.0,I-680 N/B TO CAPITOL EXPY,,,6/28/2017 9:44:10 AM,A,S,360.0,Jackson Ave,F,,D,6/28/2017 9:44:52 AM,6/28/2017 9:44:52 AM,,True,2,,,,,,,
489466,9340-2017-15185,1,False,9340,6/25/2017 11:50:00 AM,1150,083,1368,4313,San Jose,43,True,True,B,SIDE SWIPE,,Sunday,NotApplicable,False,,,False,True,False,Santa Clara Superior,C,OTHER MOTOR VEHICLE,,0,0,CLEAR,, NO UNUSUAL CONDITIONS,, ,A,DAYLIGHT,37.25218,-121.93756,,,,,A,NO PEDESTRIANS INVOLVED,6/25/2017 12:00:00 AM,A,21658(a),False,1.0,SR-85 N/B,,,6/28/2017 9:42:41 AM,A,N,1000.0,Union Ave,F,,D,6/28/2017 9:43:15 AM,6/28/2017 9:43:15 AM,,True,2,,,,,,,
489458,9340-2017-15186,1,False,9340,6/25/2017 1:00:00 PM,1300,083,1368,4313,San Jose,43,True,True,B,SIDE SWIPE,,Sunday,NotApplicable,False,,,False,True,True,Santa Clara Superior,C,OTHER MOTOR VEHICLE,,0,0,CLEAR,, NO UNUSUAL CONDITIONS,, ,A,DAYLIGHT,37.25189,-121.93728,,,,,A,NO PEDESTRIANS INVOLVED,6/25/2017 12:00:00 AM,A,22107,False,1.0,SR-85 S/B,,,6/28/2017 9:38:41 AM,A,N,1000.0,Union Ave,F,,D,6/28/2017 9:39:12 AM,6/28/2017 9:39:12 AM,,True,2,,,,,,,
489248,9340-2017-15172,1,False,9340,6/24/2017 12:35:00 PM,1235,281,1368,4313,San Jose,43,True,True,C,REAR END,,Saturday,NotApplicable,False,,,False,True,True,Santa Clara Superior,C,OTHER MOTOR VEHICLE,,0,0,CLEAR,, NO UNUSUAL CONDITIONS,, ,A,DAYLIGHT,37.32797,-121.87628,,,,,A,NO PEDESTRIANS INVOLVED,6/24/2017 12:00:00 AM,A,22350,False,1.0,I-280 N/B,,,6/28/2017 7:13:22 AM,A,N,50.0,7th St,F,,D,6/28/2017 7:22:20 AM,6/28/2017 7:22:20 AM,,True,2,,,,,,,