Collision Id,	Report Number,	Report Version,	Is Preliminary,	NCIC Code,Crash Date Time,	Crash Time Description,	Beat,City Id,	City Code,	City Name,County Code,	City Is Active,	City Is Incorporated,	Collision Type Code,Collision Type Description,	Collision Type Other Desc,	Day Of Week,	DispatchNotified,	HasPhotographs,	HitRun,	IsAttachmentsMailed,	IsDeleted,	IsHighwayRelated,	IsTowAway,	JudicialDistrict,	MotorVehicleInvolvedWithCode,	MotorVehicleInvolvedWithDesc,MotorVehicleInvolvedWithOtherDesc,	NumberInjured,	NumberKilled,Weather 1, Weather 2, Road Condition 1, Road Condition 2, Special Condition,LightingCode, LightingDescription,Latitude,Longitude,MilepostDirection,MilepostDistance,MilepostMarker,MilepostUnitOfMeasure,	PedestrianActionCode,PedestrianActionDesc,PreparedDate,	Primary Collision Factor Code,Primary Collision Factor Violation,PrimaryCollisionFactorIsCited,	PrimaryCollisionPartyNumber,	PrimaryRoad,	ReportingDistrict,	ReportingDistrictCode,ReviewedDate,	RoadwaySurfaceCode,SecondaryDirection,	SecondaryDistance,	SecondaryRoad,	SecondaryUnitOfMeasure,	SketchDesc,	TrafficControlDeviceCode,CreatedDate,	ModifiedDate,IsCountyRoad,IsFreeway,CHP555Version,	IsAdditonalObjectStruck,NotificationDate,	NotificationTimeDescription,	HasDigitalMediaFiles,	EvidenceNumber,	IsLocationReferToNarrative,	IsAOIOneSameAsLocation
499598,9340-2017-15083,1,False,9340,6/19/2017 4:00:00 PM,1600,088,1368,4313,San Jose,43,True,True,B,SIDE SWIPE,,Monday,NotApplicable,False,,,False,True,False,Santa Clara Superior,C,OTHER MOTOR VEHICLE,,0,0,CLEAR,, NO UNUSUAL CONDITIONS,, ,A,DAYLIGHT,37.19582,-121.56175,,,,,A,NO PEDESTRIANS INVOLVED,6/19/2017 12:00:00 AM,A,21658(a),False,2.0,I-880 N/B,,,7/13/2017 7:28:19 AM,A,S,700.0,Bascom Ave,F,,D,7/13/2017 7:28:49 AM,7/13/2017 7:28:49 AM,,True,2,,,,,,,
499595,9340-2017-15008,1,False,9340,6/15/2017 6:55:00 AM,655,087,1368,4313,San Jose,43,True,True,C,REAR END,,Thursday,NotApplicable,False,M,,False,True,False,Santa Clara Superior,C,OTHER MOTOR VEHICLE,,0,0,CLEAR,, NO UNUSUAL CONDITIONS,, ,A,DAYLIGHT,37.372981,-121.927228,,,,,A,NO PEDESTRIANS INVOLVED,6/15/2017 12:00:00 AM,A,21658(a),False,1.0,SR-87 N/B,,,7/13/2017 7:24:52 AM,A,S,150.0,US-101,F,,D,7/13/2017 7:25:30 AM,7/13/2017 7:25:30 AM,,True,2,,,,,,,
499081,9340-2017-15424,1,False,9340,7/8/2017 11:20:00 AM,1120,089,1368,4313,San Jose,43,True,True,C,REAR END,,Saturday,NotApplicable,False,,,False,True,False,Santa Clara Superior,C,OTHER MOTOR VEHICLE,,1,0,CLEAR,, NO UNUSUAL CONDITIONS,, ,A,DAYLIGHT,37.36578,-121.901444,,,,,A,NO PEDESTRIANS INVOLVED,7/8/2017 12:00:00 AM,A,22350 VC,False,1.0,INTERSTATE 880 SOUTHBOUND,,,7/12/2017 12:31:17 PM,A,N,200.0,US-101,F,,D,7/12/2017 12:32:00 PM,7/12/2017 12:32:00 PM,,True,2,,,,,,,
499075,9340-2017-15416,1,False,9340,7/8/2017 5:15:00 PM,1715,281,1368,4313,San Jose,43,True,True,C,REAR END,,Saturday,NotApplicable,False,,,False,True,True,Santa Clara Superior,C,OTHER MOTOR VEHICLE,,0,0,CLEAR,, NO UNUSUAL CONDITIONS,, ,A,DAYLIGHT,37.33525,-121.85874,,,,,A,NO PEDESTRIANS INVOLVED,7/8/2017 12:00:00 AM,A,22350,False,1.0,I-280 S/B,,,7/12/2017 12:24:40 PM,A,N,2443.0,US-101,F,,D,7/12/2017 12:25:18 PM,7/12/2017 12:25:18 PM,,True,2,,,,,,,
499055,9340-2017-15399,1,False,9340,7/7/2017 1:09:00 PM,1309,088,1368,4313,San Jose,43,True,True,F,OVERTURNED,,Friday,Yes,False,,,False,True,True,Santa Clara Superior,A,NON-COLLISION,,1,0,CLEAR,, NO UNUSUAL CONDITIONS,, ,A,DAYLIGHT,37.2516,-121.5626,,,,,A,NO PEDESTRIANS INVOLVED,7/7/2017 12:00:00 AM,A,22107,False,1.0,I-880 N/B,,,7/12/2017 12:04:41 PM,A,N,300.0,Stevens Creek Blvd,F,,D,7/12/2017 12:05:26 PM,7/12/2017 12:05:26 PM,,True,2,,,,,,,
499044,9340-2017-15407,1,False,9340,7/7/2017 6:50:00 PM,1850,282,1368,4313,San Jose,43,True,True,F,OVERTURNED,,Friday,NotApplicable,False,,,False,True,True,Santa Clara Superior,I,FIXED OBJECT,ASPHALT ROADWAY,1,0,CLEAR,, NO UNUSUAL CONDITIONS,, ,A,DAYLIGHT,37.19125,-121.56237,,,,,A,NO PEDESTRIANS INVOLVED,7/7/2017 12:00:00 AM,A,22107,False,1.0,I-880 N/B FROM I-280 S/B,,,7/12/2017 11:59:01 AM,A,S,1000.0,Stevens Creek Blvd,F,,D,7/12/2017 11:59:48 AM,7/12/2017 11:59:48 AM,,,2,,,,,,,
499041,9340-2017-15398,1,False,9340,7/7/2017 7:47:00 AM,747,240,1368,4313,San Jose,43,True,True,C,REAR END,,Friday,Yes,False,,,False,True,True,Santa Clara Superior,C,OTHER MOTOR VEHICLE,,1,0,CLEAR,, NO UNUSUAL CONDITIONS,, ,A,DAYLIGHT,37.2516,-121.5612,,,,,A,NO PEDESTRIANS INVOLVED,7/7/2017 12:00:00 AM,A,22350,False,1.0,SR-237 W/B,,,7/12/2017 11:56:27 AM,A,E,300.0,Zanker Rd,F,,D,7/12/2017 11:57:06 AM,7/12/2017 11:57:06 AM,,True,2,,,,,,,
499027,9340-2017-15408,1,False,9340,7/7/2017 4:00:00 PM,1600,281,1368,4313,San Jose,43,True,True,C,REAR END,,Friday,NotApplicable,False,,,False,True,True,Santa Clara Superior,C,OTHER MOTOR VEHICLE,,1,0,CLEAR,, NO UNUSUAL CONDITIONS,, ,A,DAYLIGHT,37.31666,-121.92435,,,,,A,NO PEDESTRIANS INVOLVED,7/7/2017 12:00:00 AM,A,22350,False,1.0,I-280 S/B,,,7/12/2017 11:44:10 AM,A,N,120.0,Leigh Ave,F,,D,7/12/2017 11:46:18 AM,7/12/2017 11:46:18 AM,,True,2,,,,,,,
498930,9340-2017-15404,1,False,9340,7/7/2017 5:55:00 AM,555,110,1368,4313,San Jose,43,True,True,C,REAR END,,Friday,NotApplicable,False,M,,False,True,True,Santa Clara Superior,C,OTHER MOTOR VEHICLE,,0,0,CLEAR,, NO UNUSUAL CONDITIONS,, ,A,DAYLIGHT,37.36313,-121.889966,,,,,A,NO PEDESTRIANS INVOLVED,7/7/2017 12:00:00 AM,A,22350,False,1.0,US101 N/B,,,7/12/2017 10:21:02 AM,A,S,65.0,Oakland Rd,F,,D,7/12/2017 10:21:52 AM,7/12/2017 10:21:52 AM,,True,2,,,,,,,
498859,9340-2017-15400,1,False,9340,7/7/2017 9:00:00 AM,900,282,1368,4313,San Jose,43,True,True,C,REAR END,,Friday,NotApplicable,False,,,False,True,False,Santa Clara Superior,C,OTHER MOTOR VEHICLE,,0,0,CLEAR,, NO UNUSUAL CONDITIONS,, ,A,DAYLIGHT,37.1916,-121.59464,,,,,A,NO PEDESTRIANS INVOLVED,7/7/2017 12:00:00 AM,A,22350,False,1.0,I-280 N/B,,,7/12/2017 9:31:53 AM,A,N,200.0,Lawrence Expy,F,,D,7/12/2017 9:33:00 AM,7/12/2017 9:33:00 AM,,True,2,,,,,,,
498849,9340-2017-15395,1,False,9340,7/7/2017 12:42:00 AM,42,681,1368,4313,San Jose,43,True,True,E,HIT OBJECT,,Friday,Yes,False,,,False,True,True,Santa Clara Superior,I,FIXED OBJECT,TREE,1,0,CLEAR,, NO UNUSUAL CONDITIONS,, ,C,DARK-STREET LIGHTS,37.45567,-121.5603,,,,,A,NO PEDESTRIANS INVOLVED,7/7/2017 12:00:00 AM,A,23152(a),True,1.0,I-680 S/B,,,7/12/2017 9:26:04 AM,A,N,0.5,McKee Rd,M,,D,7/12/2017 9:27:18 AM,7/12/2017 9:27:18 AM,,True,2,,,,,,,
498755,9340-2017-15384,1,False,9340,7/6/2017 3:40:00 PM,1540,120,1368,4313,San Jose,43,True,True,C,REAR END,,Thursday,NotApplicable,False,,,False,True,True,Santa Clara Superior,C,OTHER MOTOR VEHICLE,,1,0,CLEAR,, NO UNUSUAL CONDITIONS,, ,A,DAYLIGHT,37.3783,-121.94867,,,,,A,NO PEDESTRIANS INVOLVED,7/6/2017 12:00:00 AM,A,22350,False,1.0,US101 N/B,,,7/12/2017 8:21:09 AM,A,N,600.0,Trimble Rd,F,,D,7/12/2017 8:21:53 AM,7/12/2017 8:21:53 AM,,True,2,,,,,,,
498690,9340-2017-15365,1,False,9340,7/5/2017 3:00:00 PM,1500,010,1368,4313,San Jose,43,True,True,B,SIDE SWIPE,,Wednesday,NotApplicable,False,,,False,False,False,Santa Clara Superior,E,PARKED MOTOR VEHICLE,,0,0,CLEAR,, NO UNUSUAL CONDITIONS,, ,A,DAYLIGHT,37.383516,-121.82392,,,,,A,NO PEDESTRIANS INVOLVED,7/5/2017 12:00:00 AM,A,22107,False,1.0,Gordon Ave,,,7/12/2017 7:03:32 AM,A,S,700.0,Greenside Dr.,F,,D,7/12/2017 7:04:14 AM,7/12/2017 7:04:14 AM,True,,2,,,,,,,
498684,9340-2017-15396,1,False,9340,7/6/2017 9:15:00 PM,2115,087,1368,4313,San Jose,43,True,True,E,HIT OBJECT,,Thursday,NotApplicable,False,M,,False,True,False,Santa Clara Superior,J,OTHER OBJECT,SHEETROCK,0,0,CLEAR,, NO UNUSUAL CONDITIONS,, ,C,DARK-STREET LIGHTS,37.309936,-121.883051,,,,,A,NO PEDESTRIANS INVOLVED,7/6/2017 12:00:00 AM,A,23114(a),False,1.0,SR-87 N/B,,,7/12/2017 7:01:09 AM,A,S,100.0,Alma Ave,F,,D,7/12/2017 7:01:44 AM,7/12/2017 7:01:44 AM,,True,2,,,,,,,
498682,9340-2017-15308,1,False,9340,7/2/2017 5:48:00 PM,1748,089,1368,4313,San Jose,43,True,True,C,REAR END,,Sunday,NotApplicable,False,,,False,True,True,Santa Clara Superior,C,OTHER MOTOR VEHICLE,,0,0,CLEAR,, NO UNUSUAL CONDITIONS,, ,A,DAYLIGHT,37.363572,-121.902423,,,,,A,NO PEDESTRIANS INVOLVED,7/2/2017 12:00:00 AM,A,21658(a),False,2.0,I-880 S/B,,,7/12/2017 6:59:30 AM,A,S,165.0,US-101,F,,D,7/12/2017 7:00:04 AM,7/12/2017 7:00:04 AM,,True,2,,,,,,,
498679,9340-2017-15364,1,False,9340,7/5/2017 6:15:00 PM,1815,681,1368,4313,San Jose,43,True,True,C,REAR END,,Wednesday,NotApplicable,False,,,False,True,False,Santa Clara Superior,C,OTHER MOTOR VEHICLE,,0,0,CLEAR,, NO UNUSUAL CONDITIONS,, ,A,DAYLIGHT,37.17427,-121.76948,,,,,E,IN ROAD - INCLUDES SHOULDER,7/5/2017 12:00:00 AM,A,22350,False,1.0,I-680 S/B,,,7/12/2017 6:55:51 AM,A,N,350.0,Mabury Rd,F,,D,7/12/2017 6:56:37 AM,7/12/2017 6:56:37 AM,,True,2,,,,,,,
498650,9340-2017-15393,1,False,9340,7/5/2017 10:40:00 PM,2240,240,1368,4313,San Jose,43,True,True,C,REAR END,,Wednesday,NotApplicable,False,,,False,True,True,Santa Clara Superior,C,OTHER MOTOR VEHICLE,,1,0,CLEAR,, NO UNUSUAL CONDITIONS,, ,D,DARK-NO STREET LIGHTS,37.4193,-121.9478,,,,,A,NO PEDESTRIANS INVOLVED,7/5/2017 12:00:00 AM,A,22350,False,1.0,SR-237 W/B,,,7/12/2017 6:06:17 AM,A,W,2200.0,Zanker Rd,F,,D,7/12/2017 6:07:00 AM,7/12/2017 6:07:00 AM,,True,2,,,,,,,
498639,9340-2017-15310,1,False,9340,7/2/2017 6:30:00 PM,1830,088,1368,4313,San Jose,43,True,True,C,REAR END,,Sunday,NotApplicable,False,M,,False,True,False,Santa Clara Superior,C,OTHER MOTOR VEHICLE,,0,0,CLEAR,, NO UNUSUAL CONDITIONS,, ,A,DAYLIGHT,37.345773,-121.858276,,,,,A,NO PEDESTRIANS INVOLVED,7/2/2017 12:00:00 AM,A,22350,False,1.0,US-101 S/B,,,7/12/2017 5:46:22 AM,A,N,0.5,I-280,M,,D,7/12/2017 5:46:53 AM,7/12/2017 5:46:53 AM,,True,2,,,,,,,
498245,9340-2017-15375,1,False,9340,7/6/2017 8:40:00 AM,840,083,1368,4313,San Jose,43,True,True,C,REAR END,,Thursday,NotApplicable,False,,,False,True,False,Santa Clara Superior,C,OTHER MOTOR VEHICLE,,1,0,CLEAR,, NO UNUSUAL CONDITIONS,, ,A,DAYLIGHT,37.25091,-121.89811,,,,,A,NO PEDESTRIANS INVOLVED,7/6/2017 12:00:00 AM,A,22350,False,1.0,SR-85 N/B,,,7/11/2017 1:02:36 PM,A,S,690.0,Meridian Ave,F,,D,7/11/2017 1:03:17 PM,7/11/2017 1:03:17 PM,,True,2,,,,,,,
498235,9340-2017-15386,1,False,9340,7/6/2017 5:30:00 PM,1730,087,1368,4313,San Jose,43,True,True,B,SIDE SWIPE,,Thursday,NotApplicable,False,,,False,True,True,Santa Clara Superior,C,OTHER MOTOR VEHICLE,,0,0,CLEAR,, NO UNUSUAL CONDITIONS,, ,A,DAYLIGHT,37.310645,-121.887373,,,,,A,NO PEDESTRIANS INVOLVED,7/6/2017 12:00:00 AM,A,21658(a),False,1.0,SR-87 N/B,,,7/11/2017 12:55:16 PM,A,S,800.0,I-280,F,,D,7/11/2017 12:55:55 PM,7/11/2017 12:55:55 PM,,True,2,,,,,,,
498226,9340-2017-15387,1,False,9340,7/6/2017 8:30:00 PM,2030,110,1368,4313,San Jose,43,True,True,H,OTHER,NON COLLISION,Thursday,NotApplicable,False,,,False,True,False,Santa Clara Superior,A,NON-COLLISION,,0,0,CLEAR,, NO UNUSUAL CONDITIONS,, ,C,DARK-STREET LIGHTS,37.31694,-121.82978,,,,,A,NO PEDESTRIANS INVOLVED,7/6/2017 12:00:00 AM,C,,,,US-101 S/B,,,7/11/2017 12:50:24 PM,A,S,300.0,Tully Rd,F,,D,7/11/2017 12:50:53 PM,7/11/2017 12:50:53 PM,,True,2,,,,,,,
498220,9340-2017-15360,1,False,9340,7/5/2017 3:40:00 PM,1540,681,1368,4313,San Jose,43,True,True,C,REAR END,,Wednesday,Yes,False,,,False,True,True,Santa Clara Superior,C,OTHER MOTOR VEHICLE,,1,0,CLEAR,, NO UNUSUAL CONDITIONS,, ,A,DAYLIGHT,37.40367,-121.87723,,,,,A,NO PEDESTRIANS INVOLVED,7/5/2017 12:00:00 AM,A,22350,False,1.0,I-680 S/B,,,7/11/2017 12:45:48 PM,A,N,800.0,Capitol Ave,F,,D,7/11/2017 12:46:30 PM,7/11/2017 12:46:30 PM,,True,2,,,,,,,
498200,9340-2017-15352,1,False,9340,7/5/2017 4:35:00 PM,1635,110,1368,4313,San Jose,43,True,True,C,REAR END,,Wednesday,NotApplicable,False,,,False,True,False,Santa Clara Superior,C,OTHER MOTOR VEHICLE,,0,0,CLEAR,, NO UNUSUAL CONDITIONS,, ,A,DAYLIGHT,37.31831,-121.83318,,,,,A,NO PEDESTRIANS INVOLVED,7/5/2017 12:00:00 AM,A,22350,False,1.0,US-101 S/B (TO TULLY RD),,,7/11/2017 12:31:21 PM,A,N,150.0,Tully Rd,F,,D,7/11/2017 12:31:53 PM,7/11/2017 12:31:53 PM,,True,2,,,,,,,
498197,9340-2017-15350,1,False,9340,7/5/2017 2:55:00 PM,1455,110,1368,4313,San Jose,43,True,True,C,REAR END,,Wednesday,NotApplicable,False,,,False,True,True,Santa Clara Superior,C,OTHER MOTOR VEHICLE,,0,0,CLEAR,, NO UNUSUAL CONDITIONS,, ,A,DAYLIGHT,37.36288,-121.88838,,,,,A,NO PEDESTRIANS INVOLVED,7/5/2017 12:00:00 AM,A,22350,False,1.0,US-101 N/B ,,,7/11/2017 12:29:58 PM,A,S,900.0,Oakland Rd,F,,D,7/11/2017 12:30:29 PM,7/11/2017 12:30:29 PM,,True,2,,,,,,,
498140,9340-2017-15313,1,False,9340,7/2/2017 1:05:00 PM,1305,089,1368,4313,San Jose,43,True,True,C,REAR END,,Sunday,NotApplicable,False,,,False,True,True,Santa Clara Superior,C,OTHER MOTOR VEHICLE,,2,0,CLEAR,, NO UNUSUAL CONDITIONS,, ,A,DAYLIGHT,37.36853,-121.90122,,,,,A,NO PEDESTRIANS INVOLVED,7/2/2017 12:00:00 AM,A,22350,False,1.0,I-880 S/B,,,7/11/2017 11:41:11 AM,A,N,500.0,Old Bayshore Hwy,F,,D,7/11/2017 11:41:48 AM,7/11/2017 11:41:48 AM,,True,2,,,,,,,
498121,9340-2017-15354,1,False,9340,7/5/2017 5:00:00 PM,1700,089,1368,4313,San Jose,43,True,True,C,REAR END,,Wednesday,No,False,,,False,True,False,Santa Clara Superior,C,OTHER MOTOR VEHICLE,,0,0,CLEAR,, NO UNUSUAL CONDITIONS,, ,A,DAYLIGHT,37.36927,-121.90153,,,,,A,NO PEDESTRIANS INVOLVED,7/5/2017 12:00:00 AM,A,22350,False,1.0,I-880 S/B,,,7/11/2017 11:26:17 AM,A,N,225.0,Old Bayshore Hwy,F,,D,7/11/2017 11:26:52 AM,7/11/2017 11:26:52 AM,,True,2,,,,,,,
497966,9340-2017-15319,1,False,9340,7/3/2017 2:45:00 PM,1445,281,1368,4313,San Jose,43,True,True,B,SIDE SWIPE,,Monday,NotApplicable,False,,,False,True,False,Santa Clara Superior,C,OTHER MOTOR VEHICLE,,0,0,CLEAR,, NO UNUSUAL CONDITIONS,, ,A,DAYLIGHT,37.32501,-121.88562,,,,,A,NO PEDESTRIANS INVOLVED,7/3/2017 12:00:00 AM,A,21658(a),False,1.0,I-280 S/B,,,7/11/2017 9:47:29 AM,A,S,230.0,Almaden Ave,F,,D,7/11/2017 9:48:11 AM,7/11/2017 9:48:11 AM,,True,2,,,,,,,
497823,9340-2017-15394,1,False,9340,7/5/2017 10:05:00 PM,2205,240,1368,4313,San Jose,43,True,True,E,HIT OBJECT,,Wednesday,NotApplicable,False,,,False,True,True,Santa Clara Superior,I,FIXED OBJECT,GUARD RAIL,0,0,CLEAR,, NO UNUSUAL CONDITIONS,, ,D,DARK-NO STREET LIGHTS,37.4194,-121.9477,,,,,A,NO PEDESTRIANS INVOLVED,7/5/2017 12:00:00 AM,A,22107,False,1.0,SR-237 W/B,,,7/11/2017 8:25:19 AM,A,W,2300.0,Zanker Rd,F,,D,7/11/2017 8:25:56 AM,7/11/2017 8:25:56 AM,,True,2,,,,,,,
497814,9340-2017-15341,1,False,9340,7/4/2017 11:50:00 PM,2350,083,1368,4313,San Jose,43,True,True,C,REAR END,,Tuesday,NotApplicable,False,M,,False,True,True,Santa Clara Superior,C,OTHER MOTOR VEHICLE,,0,0,CLEAR,, NO UNUSUAL CONDITIONS,, ,C,DARK-STREET LIGHTS,37.25031,-121.8364,,,,,A,NO PEDESTRIANS INVOLVED,7/4/2017 12:00:00 AM,A,22350,False,1.0,SR-85 S/B,,,7/11/2017 8:15:45 AM,A,S,100.0,Blossom Hill Rd,F,,D,7/11/2017 8:16:16 AM,7/11/2017 8:16:16 AM,,True,2,,,,,,,
497751,9340-2017-15339,1,False,9340,7/4/2017 9:30:00 PM,2130,087,1368,4313,San Jose,43,True,True,C,REAR END,,Tuesday,Yes,False,,,False,True,True,Santa Clara Superior,C,OTHER MOTOR VEHICLE,,0,0,CLEAR,, NO UNUSUAL CONDITIONS,, ,C,DARK-STREET LIGHTS,37.3302,-121.8967,,,,,A,NO PEDESTRIANS INVOLVED,7/4/2017 12:00:00 AM,A,23152(a),False,1.0, SR-87 S/B TO PARK AVE,,,7/11/2017 7:22:52 AM,A,N,500.0,Park Ave,F,,D,7/11/2017 7:23:37 AM,7/11/2017 7:23:37 AM,,True,2,,,,,,,
497734,9340-2017-15259,1,False,9340,6/29/2017 11:10:00 AM,1110,681,1368,4313,San Jose,43,True,True,C,REAR END,,Thursday,NotApplicable,False,M,,False,True,False,Santa Clara Superior,C,OTHER MOTOR VEHICLE,,0,0,CLEAR,, NO UNUSUAL CONDITIONS,, On-Duty Emergency Vehicle,A,DAYLIGHT,37.3787,-121.857,,,,,A,NO PEDESTRIANS INVOLVED,6/29/2017 12:00:00 AM,A,23152(a),False,2.0,I-680 S/B,,,7/11/2017 6:59:07 AM,A,S,0.5,BERRYESSA ROAD,M,,D,7/11/2017 6:59:59 AM,7/11/2017 6:59:59 AM,,True,2,,,,,,,
497728,9340-2017-15264,1,False,9340,6/29/2017 4:30:00 PM,1630,083,1368,4313,San Jose,43,True,True,C,REAR END,,Thursday,NotApplicable,False,M,,False,True,False,Santa Clara Superior,C,OTHER MOTOR VEHICLE,,0,0,CLEAR,, NO UNUSUAL CONDITIONS,, ,A,DAYLIGHT,37.25116,-121.93347,,,,,A,NO PEDESTRIANS INVOLVED,6/29/2017 12:00:00 AM,A,22350,False,1.0,SR-85 S/B,,,7/11/2017 6:50:38 AM,A,N,580.0,Union Ave,F,,D,7/11/2017 6:51:16 AM,7/11/2017 6:51:16 AM,,True,2,,,,,,,
497326,9340-2017-15380,1,False,9340,7/6/2017 2:50:00 PM,1450,088,1368,4313,San Jose,43,True,True,C,REAR END,,Thursday,NotApplicable,False,,,False,True,False,Santa Clara Superior,C,OTHER MOTOR VEHICLE,,0,0,CLEAR,, NO UNUSUAL CONDITIONS,, ,A,DAYLIGHT,37.357041,-121.908397,,,,,A,NO PEDESTRIANS INVOLVED,7/6/2017 12:00:00 AM,A,22350,False,1.0,I-880 N/B,,,7/10/2017 1:34:48 PM,A,S,560.0,1st St,F,,D,7/10/2017 1:35:23 PM,7/10/2017 1:35:23 PM,,True,2,,,,,,,
497242,9340-2017-15351,1,False,9340,7/5/2017 3:30:00 PM,1530,089,1368,4313,San Jose,43,True,True,C,REAR END,,Wednesday,Yes,False,,,False,True,True,Santa Clara Superior,C,OTHER MOTOR VEHICLE,,2,0,CLEAR,, NO UNUSUAL CONDITIONS,, ,A,DAYLIGHT,37.38409,-121.90498,,,,,A,NO PEDESTRIANS INVOLVED,7/5/2017 12:00:00 AM,A,22350,False,1.0,I-880 southbound,,,7/10/2017 12:45:51 PM,A,N,200.0,Brokaw Rd,F,,D,7/10/2017 12:46:33 PM,7/10/2017 12:46:33 PM,,True,2,,,,,,,
497083,9340-2017-15348,1,False,9340,7/5/2017 6:00:00 PM,1800,110,1368,4313,San Jose,43,True,True,C,REAR END,,Wednesday,NotApplicable,False,,,False,True,True,Santa Clara Superior,C,OTHER MOTOR VEHICLE,,0,0,CLEAR,, NO UNUSUAL CONDITIONS,, ,A,DAYLIGHT,37.35718,-121.86973,,,,,A,NO PEDESTRIANS INVOLVED,7/5/2017 12:00:00 AM,A,22350,False,1.0,US-101 S/B,,,7/10/2017 10:51:09 AM,A,N,1500.0,McKee Rd,F,,D,7/10/2017 10:51:44 AM,7/10/2017 10:51:44 AM,,True,2,,,,,,,
497015,9340-2017-15353,1,False,9340,7/5/2017 7:30:00 PM,1930,120,1368,4313,San Jose,43,True,True,C,REAR END,,Wednesday,NotApplicable,False,,,False,True,False,Santa Clara Superior,C,OTHER MOTOR VEHICLE,,0,0,CLEAR,, NO UNUSUAL CONDITIONS,, ,A,DAYLIGHT,37.37826,-121.95034,,,,,A,NO PEDESTRIANS INVOLVED,7/5/2017 12:00:00 AM,A,22350,False,1.0,US-101 S/B,,,7/10/2017 10:12:28 AM,A,N,1500.0,Trimble Rd,F,,D,7/10/2017 10:13:08 AM,7/10/2017 10:13:08 AM,,True,2,,,,,,,
496772,9340-2017-15292,1,False,9340,6/30/2017 11:45:00 PM,2345,281,1368,4313,San Jose,43,True,True,B,SIDE SWIPE,,Friday,NotApplicable,False,M,,False,True,True,Santa Clara Superior,C,OTHER MOTOR VEHICLE,,0,0,CLEAR,, NO UNUSUAL CONDITIONS,, ,D,DARK-NO STREET LIGHTS,37.322893,-121.941291,,,,,A,NO PEDESTRIANS INVOLVED,6/30/2017 12:00:00 AM,A,22107,False,1.0,STEVENS CREEK BLVD TO I-280 S/B,,,7/10/2017 6:27:40 AM,A,N,80.0,Stevens Creek Blvd,F,,D,7/10/2017 6:28:11 AM,7/10/2017 6:28:11 AM,,True,2,,,,,,,
496768,9340-2017-15268,1,False,9340,6/29/2017 3:40:00 PM,1540,087,1368,4313,San Jose,43,True,True,C,REAR END,,Thursday,NotApplicable,False,,,False,True,False,Santa Clara Superior,C,OTHER MOTOR VEHICLE,,0,0,CLEAR,, NO UNUSUAL CONDITIONS,, ,A,DAYLIGHT,37.264305,-121.85871,,,,,A,NO PEDESTRIANS INVOLVED,6/29/2017 12:00:00 AM,A,22350,False,1.0,SR-87 N/B,,,7/10/2017 6:04:13 AM,A,S,540.0,BRANHAM LN O/C,F,,D,7/10/2017 6:14:39 AM,7/10/2017 6:14:39 AM,,True,2,,,,,,,
496752,9340-2017-15306,1,False,9340,7/2/2017 5:00:00 AM,500,088,1368,4313,San Jose,43,True,True,E,HIT OBJECT,,Sunday,Yes,False,,,False,True,True,Santa Clara Superior,I,FIXED OBJECT,TREE,0,0,CLEAR,, NO UNUSUAL CONDITIONS,, ,D,DARK-NO STREET LIGHTS,37.35994,-121.90667,,,,,A,NO PEDESTRIANS INVOLVED,7/2/2017 12:00:00 AM,A,23152(a),True,1.0,I-880 S/B TO FIRST ST.,,,7/10/2017 5:10:35 AM,A,N,350.0,First St.,F,,D,7/10/2017 5:13:18 AM,7/10/2017 5:13:18 AM,,True,2,,,,,,,
496590,9340-2017-15276,1,False,9340,6/30/2017 2:22:00 AM,222,281,1368,4313,San Jose,43,True,True,D,BROADSIDE,,Friday,Yes,False,,,False,True,True,Santa Clara Superior,C,OTHER MOTOR VEHICLE,,2,0,CLEAR,, NO UNUSUAL CONDITIONS,, ,D,DARK-NO STREET LIGHTS,37.31838,-121.90264,,,,,A,NO PEDESTRIANS INVOLVED,6/30/2017 12:00:00 AM,C,,,,I-280 S/B ,,,7/9/2017 5:48:41 AM,A,N,1738.0,Bird Ave,F,,D,7/9/2017 5:49:30 AM,7/9/2017 5:49:30 AM,,True,2,,,,,,,
496589,9340-2017-15275,1,False,9340,6/30/2017 2:20:00 AM,220,281,1368,4313,San Jose,43,True,True,E,HIT OBJECT,,Friday,Yes,False,,,False,True,True,Santa Clara Superior,I,FIXED OBJECT,CONCRETE JERSEY WALL,1,0,CLEAR,, NO UNUSUAL CONDITIONS,, ,D,DARK-NO STREET LIGHTS,37.31838,-121.902648,,,,,A,NO PEDESTRIANS INVOLVED,6/30/2017 12:00:00 AM,A,23152(a),True,1.0,I-280 S/B,,,7/9/2017 5:38:34 AM,A,N,1800.0,Bird Ave,F,,D,7/9/2017 5:39:19 AM,7/9/2017 5:39:19 AM,,True,2,,,,,,,