Collision Id,	Report Number,	Report Version,	Is Preliminary,	NCIC Code,Crash Date Time,	Crash Time Description,	Beat,City Id,	City Code,	City Name,County Code,	City Is Active,	City Is Incorporated,	Collision Type Code,Collision Type Description,	Collision Type Other Desc,	Day Of Week,	DispatchNotified,	HasPhotographs,	HitRun,	IsAttachmentsMailed,	IsDeleted,	IsHighwayRelated,	IsTowAway,	JudicialDistrict,	MotorVehicleInvolvedWithCode,	MotorVehicleInvolvedWithDesc,MotorVehicleInvolvedWithOtherDesc,	NumberInjured,	NumberKilled,Weather 1, Weather 2, Road Condition 1, Road Condition 2, Special Condition,LightingCode, LightingDescription,Latitude,Longitude,MilepostDirection,MilepostDistance,MilepostMarker,MilepostUnitOfMeasure,	PedestrianActionCode,PedestrianActionDesc,PreparedDate,	Primary Collision Factor Code,Primary Collision Factor Violation,PrimaryCollisionFactorIsCited,	PrimaryCollisionPartyNumber,	PrimaryRoad,	ReportingDistrict,	ReportingDistrictCode,ReviewedDate,	RoadwaySurfaceCode,SecondaryDirection,	SecondaryDistance,	SecondaryRoad,	SecondaryUnitOfMeasure,	SketchDesc,	TrafficControlDeviceCode,CreatedDate,	ModifiedDate,IsCountyRoad,IsFreeway,CHP555Version,	IsAdditonalObjectStruck,NotificationDate,	NotificationTimeDescription,	HasDigitalMediaFiles,	EvidenceNumber,	IsLocationReferToNarrative,	IsAOIOneSameAsLocation
495849,9340-2017-15296,1,False,9340,6/30/2017 11:05:00 PM,2305,681,1368,4313,San Jose,43,True,True,C,REAR END,,Friday,NotApplicable,False,,,False,True,True,Santa Clara Superior,C,OTHER MOTOR VEHICLE,,6,0,CLEAR,, NO UNUSUAL CONDITIONS,, ,D,DARK-NO STREET LIGHTS,37.367967,-121.846427,,,,,A,NO PEDESTRIANS INVOLVED,6/30/2017 12:00:00 AM,A,22350,False,1.0,I-680 S/B,,,7/7/2017 9:20:27 AM,A,N,10.0,McKee Rd,F,,D,7/7/2017 9:21:06 AM,7/7/2017 9:21:06 AM,,True,2,,,,,,,
495824,9340-2017-15295,1,False,9340,6/30/2017 9:00:00 PM,2100,681,1368,4313,San Jose,43,True,True,F,OVERTURNED,,Friday,Yes,False,F,,False,True,True,Santa Clara Superior,A,NON-COLLISION,,1,0,CLEAR,, NO UNUSUAL CONDITIONS,, ,D,DARK-NO STREET LIGHTS,37.3633,-121.84353,,,,,A,NO PEDESTRIANS INVOLVED,6/30/2017 12:00:00 AM,A,21658(a),False,1.0,I-680 S/B ,,,7/7/2017 8:56:26 AM,A,S,1848.0,McKee Rd,F,,D,7/7/2017 8:57:10 AM,7/7/2017 8:57:10 AM,,True,2,,,,,,,
495814,9340-2017-15271,1,False,9340,6/30/2017 12:35:00 AM,35,110,1368,4313,San Jose,43,True,True,E,HIT OBJECT,,Friday,NotApplicable,False,,,False,True,True,Santa Clara Superior,I,FIXED OBJECT,SIGN POST,0,0,CLEAR,, NO UNUSUAL CONDITIONS,, ,C,DARK-STREET LIGHTS,37.296545,-121.810379,,,,,A,NO PEDESTRIANS INVOLVED,6/30/2017 12:00:00 AM,A,22107,False,1.0,US-101 N/B TO CAPITOL EXPRESSWAY,,,7/7/2017 8:50:22 AM,A,N,450.0,YERBA BUENA AVENUE,F,,D,7/7/2017 8:50:52 AM,7/7/2017 8:50:52 AM,,True,2,,,,,,,
495811,9340-2017-15281,1,False,9340,6/30/2017 9:10:00 AM,910,282,1368,4313,San Jose,43,True,True,E,HIT OBJECT,,Friday,NotApplicable,False,,,False,True,True,Santa Clara Superior,J,OTHER OBJECT,WHEEL,0,0,CLEAR,, NO UNUSUAL CONDITIONS,, ,A,DAYLIGHT,37.316521,-121.970283,,,,,A,NO PEDESTRIANS INVOLVED,6/30/2017 12:00:00 AM,C,,,,I-280 S/B,,,7/7/2017 8:47:18 AM,A,S,2150.0,Saratoga Ave,F,,D,7/7/2017 8:47:47 AM,7/7/2017 8:47:47 AM,,True,2,,,,,,,
495776,9340-2017-15263,1,False,9340,6/29/2017 2:50:00 PM,1450,281,1368,4313,San Jose,43,True,True,C,REAR END,,Thursday,NotApplicable,False,,,False,True,False,Santa Clara Superior,C,OTHER MOTOR VEHICLE,,2,0,CLEAR,, NO UNUSUAL CONDITIONS,, ,A,DAYLIGHT,37.31557,-121.95593,,,,,A,NO PEDESTRIANS INVOLVED,6/29/2017 12:00:00 AM,A,22350,False,1.0,I-280 S/B,,,7/7/2017 8:21:28 AM,A,N,230.0,Meridian Ave,F,,D,7/7/2017 8:22:03 AM,7/7/2017 8:22:03 AM,,True,2,,,,,,,
495708,9340-2017-15246,1,False,9340,6/28/2017 5:17:00 PM,1717,087,1368,4313,San Jose,43,True,True,B,SIDE SWIPE,,Wednesday,NotApplicable,False,M,,False,True,False,Santa Clara Superior,C,OTHER MOTOR VEHICLE,,0,0,CLEAR,, NO UNUSUAL CONDITIONS,, ,A,DAYLIGHT,37.37349,-121.92766,,,,,A,NO PEDESTRIANS INVOLVED,6/28/2017 12:00:00 AM,A,22107,False,1.0,SR-87 S/B FROM US-101 S/B,,,7/7/2017 7:03:36 AM,A,S,550.0,US-101,F,,D,7/7/2017 7:04:17 AM,7/7/2017 7:04:17 AM,,True,2,,,,,,,
495705,9340-2017-15340,1,False,9340,7/4/2017 10:10:00 PM,2210,530,1368,4313,San Jose,43,True,True,C,REAR END,,Tuesday,NotApplicable,False,M,,False,False,False,Santa Clara Superior,C,OTHER MOTOR VEHICLE,,0,0,CLEAR,, NO UNUSUAL CONDITIONS,, ,C,DARK-STREET LIGHTS,37.39619,-121.93572,,,,,A,NO PEDESTRIANS INVOLVED,7/4/2017 12:00:00 AM,A,22350,False,1.0,Montague Expy W/B,,,7/7/2017 6:58:13 AM,A,E,20.0,N. First St,F,,A,7/7/2017 6:58:51 AM,7/7/2017 6:58:51 AM,,,2,,,,,,,
495698,9340-2017-15337,1,False,9340,7/4/2017 9:01:00 PM,2101,083,1368,4313,San Jose,43,True,True,F,OVERTURNED,,Tuesday,Yes,False,,,False,True,True,Santa Clara Superior,I,FIXED OBJECT,ROADWAY,1,0,CLEAR,, NO UNUSUAL CONDITIONS,, ,C,DARK-STREET LIGHTS,37.2512,-121.9344,,,,,A,NO PEDESTRIANS INVOLVED,7/4/2017 12:00:00 AM,A,22350,False,1.0,SR-85 S/B TO UNION AVENUE/SAMARTIAN DR,,,7/7/2017 6:43:15 AM,A,N,850.0,Union Ave,F,,D,7/7/2017 6:43:58 AM,7/7/2017 6:43:58 AM,,True,2,,,,,,,
495694,9340-2017-15311,1,False,9340,7/3/2017 12:10:00 AM,10,089,1368,4313,San Jose,43,True,True,E,HIT OBJECT,,Monday,NotApplicable,False,,,False,True,True,Santa Clara Superior,J,OTHER OBJECT,Wheel,0,0,CLEAR,, NO UNUSUAL CONDITIONS,, ,D,DARK-NO STREET LIGHTS,37.446397,-121.921278,,,,,A,NO PEDESTRIANS INVOLVED,7/3/2017 12:00:00 AM,C,,,,I-880 N/B,,,7/7/2017 6:32:46 AM,A,S,3210.0,Dixon Landing Rd,F,,D,7/7/2017 6:33:41 AM,7/7/2017 6:33:41 AM,,True,2,,,,,,,
495689,9340-2017-15269,1,False,9340,6/29/2017 3:15:00 PM,1515,083,1368,4313,San Jose,43,True,True,C,REAR END,,Thursday,NotApplicable,False,,,False,True,True,Santa Clara Superior,C,OTHER MOTOR VEHICLE,,0,0,CLEAR,, NO UNUSUAL CONDITIONS,, ,A,DAYLIGHT,37.255281,-121.853732,,,,,A,NO PEDESTRIANS INVOLVED,6/29/2017 12:00:00 AM,C,,,,SR-85 S/B,,,7/7/2017 6:23:21 AM,A,S,100.0,Santa Teresa Blvd,F,,D,7/7/2017 6:23:53 AM,7/7/2017 6:23:53 AM,,True,2,,,,,,,
495685,9340-2017-15252,1,False,9340,6/29/2017 9:15:00 AM,915,083,1368,4313,San Jose,43,True,True,C,REAR END,,Thursday,Yes,False,,,False,True,True,Santa Clara Superior,C,OTHER MOTOR VEHICLE,,0,0,CLEAR,, NO UNUSUAL CONDITIONS,, ,A,DAYLIGHT,37.25077,-121.92266,,,,,A,NO PEDESTRIANS INVOLVED,6/29/2017 12:00:00 AM,A,22350,False,1.0,SR-85 N/B,,,7/7/2017 6:19:26 AM,A,S,1000.0,Union Ave,F,,D,7/7/2017 6:20:02 AM,7/7/2017 6:20:02 AM,,True,2,,,,,,,
495153,9340-2017-15372,1,False,9340,7/6/2017 5:50:00 AM,550,681,1368,4313,San Jose,43,True,True,B,SIDE SWIPE,,Thursday,NotApplicable,False,,,False,True,False,Santa Clara Superior,C,OTHER MOTOR VEHICLE,,0,0,CLEAR,, NO UNUSUAL CONDITIONS,, ,A,DAYLIGHT,37.408962,-121.878557,,,,,A,NO PEDESTRIANS INVOLVED,7/6/2017 12:00:00 AM,A,21658(a),False,1.0,I-680 N/B,,,7/6/2017 12:21:36 PM,A,N,445.0,McKee Rd,F,REFER TO PG. #3,D,7/6/2017 12:22:02 PM,7/6/2017 12:22:02 PM,,True,2,,,,,,,
516022,9340-2017-15855,1,False,9340,7/27/2017 9:49:00 PM,2149,681,1368,4313,San Jose,43,True,True,C,REAR END,,Thursday,Yes,False,F,,False,True,True,Santa Clara Superior,C,OTHER MOTOR VEHICLE,,2,0,CLEAR,, NO UNUSUAL CONDITIONS,, ,C,DARK-STREET LIGHTS,37.38834,-121.86749,,,,,A,NO PEDESTRIANS INVOLVED,7/27/2017 12:00:00 AM,A,22350,False,1.0,I-680 S/B,,,8/3/2017 1:19:25 PM,A,N,0.4,Berryessa Rd,M,,D,8/3/2017 1:20:11 PM,8/3/2017 1:20:11 PM,,True,2,,,,,,,
515905,9340-2017-15846,1,False,9340,7/27/2017 4:45:00 PM,1645,083,1368,4313,San Jose,43,True,True,C,REAR END,,Thursday,NotApplicable,False,,,False,True,False,Santa Clara Superior,C,OTHER MOTOR VEHICLE,,0,0,CLEAR,, NO UNUSUAL CONDITIONS,, ,A,DAYLIGHT,37.25116,-121.93312,,,,,A,NO PEDESTRIANS INVOLVED,7/27/2017 12:00:00 AM,A,22350,False,1.0,SR-85 S/B,,,8/3/2017 12:07:02 PM,A,N,500.0,Union Ave,F,,D,8/3/2017 12:07:34 PM,8/3/2017 12:07:34 PM,,True,2,,,,,,,
515849,9340-2017-15826,1,False,9340,7/26/2017 6:35:00 PM,1835,089,1368,4313,San Jose,43,True,True,C,REAR END,,Wednesday,NotApplicable,False,M,,False,True,False,Santa Clara Superior,C,OTHER MOTOR VEHICLE,,0,0,CLEAR,, NO UNUSUAL CONDITIONS,, ,A,DAYLIGHT,37.388173,-121.905923,,,,,A,NO PEDESTRIANS INVOLVED,7/26/2017 12:00:00 AM,A,22350,False,1.0,I-880 S/B,,,8/3/2017 11:07:18 AM,A,N,2130.0,Brokaw Rd,F,,D,8/3/2017 11:07:49 AM,8/3/2017 11:07:49 AM,,True,2,,,,,,,
515823,9340-2017-15824,1,False,9340,7/26/2017 6:55:00 PM,1855,089,1368,4313,San Jose,43,True,True,C,REAR END,,Wednesday,NotApplicable,False,,,False,True,False,Santa Clara Superior,C,OTHER MOTOR VEHICLE,,1,0,CLEAR,, NO UNUSUAL CONDITIONS,, ,A,DAYLIGHT,37.375989,-121.902991,,,,,A,NO PEDESTRIANS INVOLVED,7/26/2017 12:00:00 AM,A,22350,False,1.0,I-880 S/B,,,8/3/2017 10:52:28 AM,A,S,2270.0,Brokaw Rd,F,,D,8/3/2017 10:53:12 AM,8/3/2017 10:53:12 AM,,True,2,,,,,,,
515713,9340-2017-15951,1,False,9340,8/2/2017 1:08:00 PM,1308,087,1368,4313,San Jose,43,True,True,C,REAR END,,Wednesday,NotApplicable,False,,,False,True,True,Santa Clara Superior,C,OTHER MOTOR VEHICLE,,1,0,CLEAR,, NO UNUSUAL CONDITIONS,, ,A,DAYLIGHT,37.3197,-121.8904,,,,,A,NO PEDESTRIANS INVOLVED,8/2/2017 12:00:00 AM,A,22350,False,1.0,I-280 N/B TO SR-87 S/B,,,8/3/2017 9:35:47 AM,A,N,1600.0,Willow St,F,,D,8/3/2017 9:36:21 AM,8/3/2017 9:36:21 AM,,True,2,,,,,,,
515636,9340-2017-15954,1,False,9340,8/2/2017 9:08:00 AM,908,087,1368,4313,San Jose,43,True,True,C,REAR END,,Wednesday,NotApplicable,False,,,False,True,False,Santa Clara Superior,C,OTHER MOTOR VEHICLE,,0,0,CLEAR,, NO UNUSUAL CONDITIONS,, ,A,DAYLIGHT,37.342,-121.9007,,,,,A,NO PEDESTRIANS INVOLVED,8/2/2017 12:00:00 AM,A,22350,False,1.0,SR-87,,,8/3/2017 8:53:45 AM,A,S,2000.0,Taylor St,F,,D,8/3/2017 8:54:14 AM,8/3/2017 8:54:14 AM,,True,2,,,,,,,
515629,9340-2017-15832,1,False,9340,7/26/2017 9:43:00 PM,2143,120,1368,4313,San Jose,43,True,True,C,REAR END,,Wednesday,NotApplicable,False,,,False,True,False,Santa Clara Superior,C,OTHER MOTOR VEHICLE,,1,0,CLEAR,, NO UNUSUAL CONDITIONS,, ,C,DARK-STREET LIGHTS,37.37491,-121.93536,,,,,A,NO PEDESTRIANS INVOLVED,7/26/2017 12:00:00 AM,A,22350,False,1.0,US-101 S/B,,,8/3/2017 8:50:56 AM,A,N,800.0,SR-87,F,,D,8/3/2017 8:51:32 AM,8/3/2017 8:51:32 AM,,True,2,,,,,,,
515616,9340-2017-15777,1,False,9340,7/24/2017 4:44:00 PM,1644,281,1368,4313,San Jose,43,True,True,C,REAR END,,Monday,NotApplicable,False,M,,False,True,True,Santa Clara Superior,C,OTHER MOTOR VEHICLE,,0,0,CLEAR,, NO UNUSUAL CONDITIONS,, ,A,DAYLIGHT,37.3331,-121.8624,,,,,A,NO PEDESTRIANS INVOLVED,7/24/2017 12:00:00 AM,A,22350,False,1.0,I-280 S/B,,,8/3/2017 8:42:04 AM,A,N,300.0,McLaughlin Ave,F,,D,8/3/2017 8:42:33 AM,8/3/2017 8:42:33 AM,,True,2,,,,,,,
515587,9340-2017-15808,1,False,9340,7/25/2017 6:30:00 PM,1830,083,1368,4313,San Jose,43,True,True,E,HIT OBJECT,,Tuesday,NotApplicable,False,,,False,True,False,Santa Clara Superior,I,FIXED OBJECT,Guadrail,0,0,CLEAR,, NO UNUSUAL CONDITIONS,, ,A,DAYLIGHT,37.250623,-121.928071,,,,,A,NO PEDESTRIANS INVOLVED,7/25/2017 12:00:00 AM,A,22107,False,1.0,SR-85 N/B,,,8/3/2017 8:27:25 AM,A,S,90.0,Union Ave,F,,D,8/3/2017 8:27:56 AM,8/3/2017 8:27:56 AM,,True,2,,,,,,,
515582,9340-2017-15955,1,False,9340,8/2/2017 7:30:00 AM,730,282,1368,4313,San Jose,43,True,True,C,REAR END,,Wednesday,NotApplicable,False,,,False,True,False,Santa Clara Superior,C,OTHER MOTOR VEHICLE,,0,0,CLEAR,, NO UNUSUAL CONDITIONS,, ,A,DAYLIGHT,37.3169,-121.9469,,,,,A,NO PEDESTRIANS INVOLVED,8/2/2017 12:00:00 AM,A,22350,False,1.0,I-280 N/B,,,8/3/2017 8:24:18 AM,A,S,2000.0,Winchester Blvd,F,,D,8/3/2017 8:24:52 AM,8/3/2017 8:24:52 AM,,True,2,,,,,,,
515580,9340-2017-15805,1,False,9340,7/25/2017 5:05:00 PM,1705,089,1368,4313,San Jose,43,True,True,C,REAR END,,Tuesday,NotApplicable,False,M,,False,True,False,Santa Clara Superior,C,OTHER MOTOR VEHICLE,,0,0,CLEAR,, NO UNUSUAL CONDITIONS,, ,A,DAYLIGHT,37.37371,-121.90194,,,,,A,NO PEDESTRIANS INVOLVED,7/25/2017 12:00:00 AM,A,22350,False,1.0,I-880 S/B,,,8/3/2017 8:23:06 AM,A,N,1500.0,Old Bayshore Hwy,F,,D,8/3/2017 8:23:37 AM,8/3/2017 8:23:37 AM,,True,2,,,,,,,
515571,9340-2017-15953,1,False,9340,8/2/2017 9:39:00 AM,939,281,1368,4313,San Jose,43,True,True,C,REAR END,,Wednesday,NotApplicable,False,,,False,True,False,Santa Clara Superior,C,OTHER MOTOR VEHICLE,,0,0,CLEAR,, NO UNUSUAL CONDITIONS,, ,A,DAYLIGHT,37.3281,-121.8743,,,,,A,NO PEDESTRIANS INVOLVED,8/2/2017 12:00:00 AM,A,22350,False,1.0,I-280 N/B,,,8/3/2017 8:19:29 AM,A,S,500.0,7th St,F,,D,8/3/2017 8:19:57 AM,8/3/2017 8:19:57 AM,,True,2,,,,,,,
515531,9340-2017-15791,1,False,9340,7/24/2017 5:33:00 PM,1733,120,1368,4313,San Jose,43,True,True,B,SIDE SWIPE,,Monday,NotApplicable,False,,,False,True,True,Santa Clara Superior,C,OTHER MOTOR VEHICLE,,0,0,CLEAR,, NO UNUSUAL CONDITIONS,, ,A,DAYLIGHT,37.3791,-121.95409,,,,,A,NO PEDESTRIANS INVOLVED,7/24/2017 12:00:00 AM,A,21658(a),False,1.0,US101 S/B,,,8/3/2017 7:56:14 AM,A,S,300.0,San Tomas Expy,F,,D,8/3/2017 7:56:52 AM,8/3/2017 7:56:52 AM,,True,2,,,,,,,
515117,9340-2017-15766,1,False,9340,7/23/2017 12:50:00 AM,50,281,1368,4313,San Jose,43,True,True,B,SIDE SWIPE,,Sunday,NotApplicable,False,,,False,True,False,Santa Clara Superior,C,OTHER MOTOR VEHICLE,,0,0,CLEAR,, OTHER* - LANES CLOSED,, ,D,DARK-NO STREET LIGHTS,37.33356,-121.86191,,,,,A,NO PEDESTRIANS INVOLVED,7/23/2017 12:00:00 AM,A,21658(a),False,1.0,I-280 N/B,,,8/2/2017 2:56:50 PM,A,N,1300.0,McLaughlin Ave,F,,D,8/2/2017 2:57:27 PM,8/2/2017 2:57:27 PM,,True,2,,,,,,,
515108,9340-2017-15827,1,False,9340,7/26/2017 2:30:00 PM,1430,083,1368,4313,San Jose,43,True,True,C,REAR END,,Wednesday,NotApplicable,False,,,False,True,False,Santa Clara Superior,C,OTHER MOTOR VEHICLE,,1,0,CLEAR,, NO UNUSUAL CONDITIONS,, ,A,DAYLIGHT,37.24282,-121.80528,,,,,A,NO PEDESTRIANS INVOLVED,7/26/2017 12:00:00 AM,A,22350,False,1.0,SR-85 S/B,,,8/2/2017 2:50:45 PM,A,N,400.0,Cottle Rd,F,,D,8/2/2017 2:51:20 PM,8/2/2017 2:51:20 PM,,True,2,,,,,,,
514997,9340-2017-15811,1,False,9340,7/25/2017 4:35:00 PM,1635,120,1368,4313,San Jose,43,True,True,C,REAR END,,Tuesday,NotApplicable,False,,,False,True,False,Santa Clara Superior,C,OTHER MOTOR VEHICLE,,0,0,CLEAR,, NO UNUSUAL CONDITIONS,, ,A,DAYLIGHT,37.37739,-121.94502,,,,,A,NO PEDESTRIANS INVOLVED,7/25/2017 12:00:00 AM,A,22350,False,1.0,US-101 S/B,,,8/2/2017 1:44:22 PM,A,N,200.0,Trimble Rd,F,,D,8/2/2017 1:44:52 PM,8/2/2017 1:44:52 PM,,True,2,,,,,,,
514991,9340-2017-15812,1,False,9340,7/25/2017 6:45:00 PM,1845,120,1368,4313,San Jose,43,True,True,B,SIDE SWIPE,,Tuesday,NotApplicable,False,M,,False,True,False,Santa Clara Superior,C,OTHER MOTOR VEHICLE,,0,0,CLEAR,, NO UNUSUAL CONDITIONS,, ,A,DAYLIGHT,37.37595,-121.9382,,,,,A,NO PEDESTRIANS INVOLVED,7/25/2017 12:00:00 AM,A,21658(a),False,1.0,US-101 S/B,,,8/2/2017 1:40:54 PM,A,S,200.0,Trimble Rd,F,,D,8/2/2017 1:41:37 PM,8/2/2017 1:41:37 PM,,True,2,,,,,,,
514958,9340-2017-15742,1,False,9340,7/23/2017 10:53:00 AM,1053,087,1368,4313,San Jose,43,True,True,B,SIDE SWIPE,,Sunday,NotApplicable,False,,,False,True,False,Santa Clara Superior,C,OTHER MOTOR VEHICLE,,0,0,CLEAR,, NO UNUSUAL CONDITIONS,, ,A,DAYLIGHT,37.278567,-121.864122,,,,,A,NO PEDESTRIANS INVOLVED,7/23/2017 12:00:00 AM,A,21658(a),False,,SR-87 N/B,,,8/2/2017 1:22:06 PM,A,N,1300.0,Capitol Expy,F,,D,8/2/2017 1:23:14 PM,8/2/2017 1:23:14 PM,,True,2,,,,,,,
514916,9340-2017-15753,1,False,9340,7/23/2017 5:15:00 AM,515,120,1368,4313,San Jose,43,True,True,E,HIT OBJECT,,Sunday,NotApplicable,False,M,,False,True,True,Santa Clara Superior,I,FIXED OBJECT,metal guardrail,0,0,CLEAR,, NO UNUSUAL CONDITIONS,, ,D,DARK-NO STREET LIGHTS,37.2154,-121.5499,,,,,A,NO PEDESTRIANS INVOLVED,7/23/2017 12:00:00 AM,A,22350,False,1.0, US-101 N/B (to I-880 s/b),,,8/2/2017 1:00:17 PM,A,N,300.0,US-101,F,,D,8/2/2017 1:00:49 PM,8/2/2017 1:00:49 PM,,True,2,,,,,,,
514908,9340-2017-15743,1,False,9340,7/23/2017 9:22:00 AM,922,281,1368,4313,San Jose,43,True,True,B,SIDE SWIPE,,Sunday,NotApplicable,False,,,False,True,False,Santa Clara Superior,C,OTHER MOTOR VEHICLE,,0,0,CLEAR,, NO UNUSUAL CONDITIONS,, ,A,DAYLIGHT,37.19395,-121.56296,,,,,A,NO PEDESTRIANS INVOLVED,7/23/2017 12:00:00 AM,A,21658A,False,1.0,I-280 N/B,,,8/2/2017 12:55:18 PM,A,S,2400.0,I-880,F,,D,8/2/2017 12:55:57 PM,8/2/2017 12:55:57 PM,,True,2,,,,,,,
514901,9340-2017-15752,1,False,9340,7/23/2017 5:40:00 PM,1740,088,1368,4313,San Jose,43,True,True,C,REAR END,,Sunday,NotApplicable,False,,,False,True,False,Santa Clara Superior,C,OTHER MOTOR VEHICLE,,0,0,CLEAR,, NO UNUSUAL CONDITIONS,, ,A,DAYLIGHT,37.3579,-121.9074,,,,,A,NO PEDESTRIANS INVOLVED,7/23/2017 12:00:00 AM,A,22350,False,1.0,I-880 N/B,,,8/2/2017 12:52:17 PM,A,S,500.0,US101,F,,D,8/2/2017 12:52:49 PM,8/2/2017 12:52:49 PM,,True,2,,,,,,,
514892,9340-2017-15818,1,False,9340,7/26/2017 8:15:00 AM,815,087,1368,4313,San Jose,43,True,True,C,REAR END,,Wednesday,NotApplicable,False,,,False,True,True,Santa Clara Superior,C,OTHER MOTOR VEHICLE,,0,0,CLEAR,, NO UNUSUAL CONDITIONS,, ,A,DAYLIGHT,37.30904,-121.88226,,,,,A,NO PEDESTRIANS INVOLVED,7/26/2017 12:00:00 AM,A,22350,False,1.0,SR-87 N/B,,,8/2/2017 12:48:27 PM,A,N,2600.0,Alma Ave,F,,D,8/2/2017 12:48:57 PM,8/2/2017 12:48:57 PM,,True,2,,,,,,,
514869,9340-2017-15816,1,False,9340,7/26/2017 8:48:00 AM,848,281,1368,4313,San Jose,43,True,True,B,SIDE SWIPE,,Wednesday,NotApplicable,False,,,False,True,False,Santa Clara Superior,C,OTHER MOTOR VEHICLE,,0,0,CLEAR,, NO UNUSUAL CONDITIONS,, ,A,DAYLIGHT,37.19514,-121.53182,,,,,A,NO PEDESTRIANS INVOLVED,7/26/2017 12:00:00 AM,A,22107,False,1.0,I-280 N/B,,,8/2/2017 12:27:14 PM,A,S,1750.0,SR-87,F,,D,8/2/2017 12:27:43 PM,8/2/2017 12:27:43 PM,,True,2,,,,,,,
514827,9340-2017-15776,1,False,9340,7/24/2017 5:15:00 PM,1715,681,1368,4313,San Jose,43,True,True,C,REAR END,,Monday,NotApplicable,False,,,False,True,False,Santa Clara Superior,C,OTHER MOTOR VEHICLE,,1,0,CLEAR,, NO UNUSUAL CONDITIONS,, ,A,DAYLIGHT,37.36335,-121.84346,,,,,A,NO PEDESTRIANS INVOLVED,7/24/2017 12:00:00 AM,A,22350,False,1.0,I-680 S/B,,,8/2/2017 11:41:19 AM,A,N,2200.0,Alum Rock Ave,F,,D,8/2/2017 11:42:00 AM,8/2/2017 11:42:00 AM,,True,2,,,,,,,
514820,9340-2017-15803,1,False,9340,7/25/2017 6:00:00 PM,1800,110,1368,4313,San Jose,43,True,True,B,SIDE SWIPE,,Tuesday,NotApplicable,False,,,False,True,False,Santa Clara Superior,C,OTHER MOTOR VEHICLE,,0,0,CLEAR,, NO UNUSUAL CONDITIONS,, ,A,DAYLIGHT,37.36286,-121.890598,,,,,A,NO PEDESTRIANS INVOLVED,7/25/2017 12:00:00 AM,A,21658(a),False,1.0,US101 S/B,,,8/2/2017 11:37:10 AM,A,S,200.0,Oakland Rd,F,,D,8/2/2017 11:37:42 AM,8/2/2017 11:37:42 AM,,True,2,,,,,,,
514729,9340-2017-15804,1,False,9340,7/25/2017 5:15:00 PM,1715,240,1368,4313,San Jose,43,True,True,C,REAR END,,Tuesday,NotApplicable,False,M,,False,True,True,Santa Clara Superior,C,OTHER MOTOR VEHICLE,,0,0,CLEAR,, NO UNUSUAL CONDITIONS,, ,A,DAYLIGHT,37.41941,-121.94294,,,,,A,NO PEDESTRIANS INVOLVED,7/25/2017 12:00:00 AM,A,22350,False,1.0,SR-237 E/B,,,8/2/2017 10:15:11 AM,A,W,1800.0,Zanker Rd,F,,D,8/2/2017 10:15:50 AM,8/2/2017 10:15:50 AM,,True,2,,,,,,,
514688,9340-2017-15802,1,False,9340,7/25/2017 7:30:00 AM,730,083,1368,4313,San Jose,43,True,True,C,REAR END,,Tuesday,NotApplicable,False,,,False,True,False,Santa Clara Superior,C,OTHER MOTOR VEHICLE,,0,0,CLEAR,, NO UNUSUAL CONDITIONS,, ,A,DAYLIGHT,37.250762,-121.906116,,,,,A,NO PEDESTRIANS INVOLVED,7/25/2017 12:00:00 AM,A,22350,False,1.0,SR-85 N/B,,,8/2/2017 9:41:55 AM,A,S,2000.0,Camden Ave,F,,D,8/2/2017 9:42:28 AM,8/2/2017 9:42:28 AM,,True,2,,,,,,,
514684,9340-2017-15799,1,False,9340,7/25/2017 5:30:00 AM,530,110,1368,4313,San Jose,43,True,True,C,REAR END,,Tuesday,NotApplicable,False,,,False,True,True,Santa Clara Superior,C,OTHER MOTOR VEHICLE,,0,0,CLEAR,, NO UNUSUAL CONDITIONS,, ,B,DUSK-DAWN,37.20264,-121.51102,,,,,A,NO PEDESTRIANS INVOLVED,7/25/2017 12:00:00 AM,A,22350,False,1.0,US-101 N/B,,,8/2/2017 9:36:57 AM,A,N,400.0,Story Rd,F,,D,8/2/2017 9:37:27 AM,8/2/2017 9:37:27 AM,,True,2,,,,,,,
514660,9725-2017-03692,1,False,9725,7/30/2017 9:20:00 AM,920,085,1368,4313,San Jose,43,True,True,C,REAR END,,Sunday,NotApplicable,False,,,False,True,True,Santa Clara Superior,C,OTHER MOTOR VEHICLE,,1,0,CLEAR,, NO UNUSUAL CONDITIONS,, ,A,DAYLIGHT,37.240514,-121.778774,,,,,A,NO PEDESTRIANS INVOLVED,7/30/2017 12:00:00 AM,A,22350,False,1.0,SR-85 S/B,,,8/2/2017 9:07:57 AM,A,N,0.3,Bernal Rd,M,,D,8/2/2017 9:08:33 AM,8/2/2017 9:08:33 AM,,True,2,,,,,,,