Collision Id,	Report Number,	Report Version,	Is Preliminary,	NCIC Code,Crash Date Time,	Crash Time Description,	Beat,City Id,	City Code,	City Name,County Code,	City Is Active,	City Is Incorporated,	Collision Type Code,Collision Type Description,	Collision Type Other Desc,	Day Of Week,	DispatchNotified,	HasPhotographs,	HitRun,	IsAttachmentsMailed,	IsDeleted,	IsHighwayRelated,	IsTowAway,	JudicialDistrict,	MotorVehicleInvolvedWithCode,	MotorVehicleInvolvedWithDesc,MotorVehicleInvolvedWithOtherDesc,	NumberInjured,	NumberKilled,Weather 1, Weather 2, Road Condition 1, Road Condition 2, Special Condition,LightingCode, LightingDescription,Latitude,Longitude,MilepostDirection,MilepostDistance,MilepostMarker,MilepostUnitOfMeasure,	PedestrianActionCode,PedestrianActionDesc,PreparedDate,	Primary Collision Factor Code,Primary Collision Factor Violation,PrimaryCollisionFactorIsCited,	PrimaryCollisionPartyNumber,	PrimaryRoad,	ReportingDistrict,	ReportingDistrictCode,ReviewedDate,	RoadwaySurfaceCode,SecondaryDirection,	SecondaryDistance,	SecondaryRoad,	SecondaryUnitOfMeasure,	SketchDesc,	TrafficControlDeviceCode,CreatedDate,	ModifiedDate,IsCountyRoad,IsFreeway,CHP555Version,	IsAdditonalObjectStruck,NotificationDate,	NotificationTimeDescription,	HasDigitalMediaFiles,	EvidenceNumber,	IsLocationReferToNarrative,	IsAOIOneSameAsLocation
533743,9340-2017-16241,1,False,9340,8/17/2017 9:20:00 AM,920,087,1368,4313,San Jose,43,True,True,C,REAR END,,Thursday,NotApplicable,False,,,False,True,False,Santa Clara Superior,C,OTHER MOTOR VEHICLE,,0,0,CLEAR,, NO UNUSUAL CONDITIONS,, ,A,DAYLIGHT,37.29086,-121.87121,,,,,A,NO PEDESTRIANS INVOLVED,8/17/2017 12:00:00 AM,A,22350,False,1.0,SR-87 N/B,,,8/25/2017 7:50:02 AM,A,S,1425.0,Curtner Ave,F,,D,8/25/2017 7:50:36 AM,8/25/2017 7:50:36 AM,,True,2,,,,,,,
533739,9340-2017-16253,1,False,9340,8/17/2017 8:24:00 AM,824,110,1368,4313,San Jose,43,True,True,C,REAR END,,Thursday,NotApplicable,False,,,False,True,False,Santa Clara Superior,C,OTHER MOTOR VEHICLE,,0,0,CLEAR,, NO UNUSUAL CONDITIONS,, ,A,DAYLIGHT,37.35311,-121.86475,,,,,A,NO PEDESTRIANS INVOLVED,8/17/2017 12:00:00 AM,A,22350,True,1.0,US-101 N/B,,,8/25/2017 7:44:19 AM,A,S,500.0,MCKEE ROAD,F,,D,8/25/2017 7:45:01 AM,8/25/2017 7:45:01 AM,,True,2,,,,,,,
529688,9340-2017-16144,1,False,9340,8/12/2017 1:50:00 AM,150,120,1368,4313,San Jose,43,True,True,B,SIDE SWIPE,,Saturday,Yes,False,,,False,True,True,Santa Clara Superior,C,OTHER MOTOR VEHICLE,,1,0,CLEAR,, NO UNUSUAL CONDITIONS,, ,C,DARK-STREET LIGHTS,37.364794,-121.900449,,,,,A,NO PEDESTRIANS INVOLVED,8/12/2017 12:00:00 AM,A,23152(a),True,1.0,US101 N/B (TO I-880 N/B),,,8/23/2017 4:37:00 PM,A,S,500.0,I-880,F,,D,8/23/2017 4:37:42 PM,8/23/2017 4:37:42 PM,,True,2,,,,,,,
529666,9340-2017-16234,1,False,9340,8/17/2017 6:07:00 AM,607,110,1368,4313,San Jose,43,True,True,E,HIT OBJECT,,Thursday,NotApplicable,False,,,False,True,True,Santa Clara Superior,I,FIXED OBJECT,SOUND WALL,1,0,CLEAR,, NO UNUSUAL CONDITIONS,, ,A,DAYLIGHT,37.3316,-121.8436,,,,,A,NO PEDESTRIANS INVOLVED,8/17/2017 12:00:00 AM,A,22107,False,1.0,US-101 n/b to I-680,,,8/23/2017 4:10:36 PM,A,S,1800.0,I-680,F,,D,8/23/2017 4:11:20 PM,8/23/2017 4:11:20 PM,,True,2,,,,,,,
529594,9340-2017-16213,1,False,9340,8/16/2017 9:20:00 AM,920,087,1368,4313,San Jose,43,True,True,C,REAR END,,Wednesday,NotApplicable,False,,,False,True,True,Santa Clara Superior,C,OTHER MOTOR VEHICLE,,0,0,CLEAR,, NO UNUSUAL CONDITIONS,, ,A,DAYLIGHT,37.297315,-121.873945,,,,,A,NO PEDESTRIANS INVOLVED,8/16/2017 12:00:00 AM,A,22350,False,1.0,SR-87 N/B,,,8/23/2017 2:56:20 PM,A,N,1000.0,Curtner Ave,F,,D,8/23/2017 2:56:54 PM,8/23/2017 2:56:54 PM,,True,2,,,,,,,
529590,9340-2017-16215,1,False,9340,8/16/2017 5:45:00 AM,545,088,1368,4313,San Jose,43,True,True,C,REAR END,,Wednesday,NotApplicable,False,,,False,True,False,Santa Clara Superior,C,OTHER MOTOR VEHICLE,,0,0,CLEAR,, NO UNUSUAL CONDITIONS,, ,A,DAYLIGHT,37.364,-121.9018,,,,,A,NO PEDESTRIANS INVOLVED,8/16/2017 12:00:00 AM,A,21658(a),False,1.0,I-880 N/B,,,8/23/2017 2:52:34 PM,A,S,10.0,US-101,F,,D,8/23/2017 2:53:07 PM,8/23/2017 2:53:07 PM,,True,2,,,,,,,
529577,9340-2017-16177,1,False,9340,8/14/2017 11:50:00 AM,1150,681,1368,4313,San Jose,43,True,True,E,HIT OBJECT,,Monday,NotApplicable,False,,,False,True,True,Santa Clara Superior,I,FIXED OBJECT,CHAIN LINK FENCE,0,0,CLEAR,, NO UNUSUAL CONDITIONS,, ,A,DAYLIGHT,37.203103,-121.504868,,,,,A,NO PEDESTRIANS INVOLVED,8/14/2017 12:00:00 AM,A,22107,False,1.0, I-680 N/B TO KING ROAD,,,8/23/2017 2:44:32 PM,A,S,330.0,King Rd,F,,D,8/23/2017 2:45:02 PM,8/23/2017 2:45:02 PM,,True,2,,,,,,,
529470,9340-2017-16251,1,False,9340,8/17/2017 5:15:00 PM,1715,088,1368,4313,San Jose,43,True,True,B,SIDE SWIPE,,Thursday,NotApplicable,False,,,False,True,False,Santa Clara Superior,C,OTHER MOTOR VEHICLE,,0,0,CLEAR,, NO UNUSUAL CONDITIONS,, ,A,DAYLIGHT,37.341276,-121.927605,,,,,A,NO PEDESTRIANS INVOLVED,8/17/2017 12:00:00 AM,A,21658(a),False,1.0,I-880 N/B,,,8/23/2017 1:20:23 PM,A,S,500.0,The Alameda,F,,D,8/23/2017 1:21:50 PM,8/23/2017 1:21:50 PM,,True,2,,,,,,,
529439,9340-2017-15927,1,False,9340,8/1/2017 12:25:00 PM,1225,281,1368,4313,San Jose,43,True,True,E,HIT OBJECT,,Tuesday,Yes,True,,,False,True,True,Santa Clara Superior,I,FIXED OBJECT,YELLOW ATTENUATOR BARREL,1,0,CLEAR,, NO UNUSUAL CONDITIONS,, ,A,DAYLIGHT,37.32427,-121.89132,,,,,A,NO PEDESTRIANS INVOLVED,8/1/2017 12:00:00 AM,A,22350,False,1.0,I-280 N/B,,,8/23/2017 12:58:23 PM,A,S,260.0,SR-87 N/B,F,,D,8/23/2017 12:59:12 PM,8/23/2017 12:59:12 PM,,True,2,,,,,,,
529426,9340-2017-16218,1,False,9340,8/16/2017 7:25:00 AM,725,087,1368,4313,San Jose,43,True,True,C,REAR END,,Wednesday,NotApplicable,False,,,False,True,False,Santa Clara Superior,C,OTHER MOTOR VEHICLE,,0,0,CLEAR,, NO UNUSUAL CONDITIONS,, ,A,DAYLIGHT,37.288682,-121.870211,,,,,A,NO PEDESTRIANS INVOLVED,8/16/2017 12:00:00 AM,A,21658(a),False,1.0,SR-87 N/B,,,8/23/2017 12:50:38 PM,A,S,0.4,Curtner Ave,M,,D,8/23/2017 12:51:12 PM,8/23/2017 12:51:12 PM,,True,2,,,,,,,
529421,9340-2017-16214,1,False,9340,8/16/2017 9:40:00 AM,940,282,1368,4313,San Jose,43,True,True,C,REAR END,,Wednesday,NotApplicable,False,,,False,True,True,Santa Clara Superior,C,OTHER MOTOR VEHICLE,,2,0,CLEAR,, NO UNUSUAL CONDITIONS,, ,A,DAYLIGHT,37.3172,-121.9751,,,,,A,NO PEDESTRIANS INVOLVED,8/16/2017 12:00:00 AM,A,22350,False,1.0,I-280 N/B,,,8/23/2017 12:44:19 PM,A,S,150.0,Saratoga Ave,F,,D,8/23/2017 12:45:02 PM,8/23/2017 12:45:02 PM,,True,2,,,,,,,
529410,9340-2017-16223,1,False,9340,8/16/2017 8:30:00 PM,2030,110,1368,4313,San Jose,43,True,True,C,REAR END,,Wednesday,NotApplicable,False,M,,False,True,True,Santa Clara Superior,C,OTHER MOTOR VEHICLE,,0,0,CLEAR,, NO UNUSUAL CONDITIONS,, ,D,DARK-NO STREET LIGHTS,37.30841,-121.82198,,,,,A,NO PEDESTRIANS INVOLVED,8/16/2017 12:00:00 AM,A,21658(a),False,1.0,US-101 S/B,,,8/23/2017 12:33:39 PM,A,N,2000.0,Capitol Expy,F,,D,8/23/2017 12:34:15 PM,8/23/2017 12:34:15 PM,,True,2,,,,,,,
529375,9340-2017-16222,1,False,9340,8/16/2017 6:15:00 PM,1815,240,1368,4313,San Jose,43,True,True,C,REAR END,,Wednesday,NotApplicable,False,,,False,True,True,Santa Clara Superior,C,OTHER MOTOR VEHICLE,,0,0,CLEAR,, NO UNUSUAL CONDITIONS,, ,A,DAYLIGHT,37.419249,-121.954637,,,,,A,NO PEDESTRIANS INVOLVED,8/16/2017 12:00:00 AM,A,22350,False,1.0,SR-237 E/B,,,8/23/2017 12:15:26 PM,A,E,200.0,1st Street,F,,D,8/23/2017 12:16:04 PM,8/23/2017 12:16:04 PM,,True,2,,,,,,,
529368,9725-2017-03832,1,False,9725,8/19/2017 3:10:00 PM,1510,013,1368,4313,San Jose,43,True,True,C,REAR END,,Saturday,NotApplicable,False,M,,False,True,False,Santa Clara Superior,C,OTHER MOTOR VEHICLE,,0,0,CLEAR,, NO UNUSUAL CONDITIONS,, ,A,DAYLIGHT,37.173756,-121.674225,,,,,A,NO PEDESTRIANS INVOLVED,8/19/2017 12:00:00 AM,A,22350,False,1.0,US-101 S/B,,,8/23/2017 12:06:52 PM,A,S,0.5,COYOTE CREEK GOLF DRIVE,M,,D,8/23/2017 12:07:42 PM,8/23/2017 12:07:42 PM,,True,2,,,,,,,
529362,9340-2017-16204,1,False,9340,8/15/2017 7:10:00 PM,1910,088,1368,4313,San Jose,43,True,True,B,SIDE SWIPE,,Tuesday,NotApplicable,False,,,False,True,False,Santa Clara Superior,C,OTHER MOTOR VEHICLE,,0,0,CLEAR,, NO UNUSUAL CONDITIONS,, ,A,DAYLIGHT,37.36165,-121.90373,,,,,A,NO PEDESTRIANS INVOLVED,8/15/2017 12:00:00 AM,A,21658(a),False,1.0,I-880 N/B,,,8/23/2017 12:02:15 PM,A,S,200.0,US101,F,,D,8/23/2017 12:03:15 PM,8/23/2017 12:03:15 PM,,True,2,,,,,,,
529317,9340-2017-16155,1,False,9340,8/12/2017 6:40:00 PM,1840,087,1368,4313,San Jose,43,True,True,C,REAR END,,Saturday,NotApplicable,False,,,False,True,False,Santa Clara Superior,C,OTHER MOTOR VEHICLE,,0,0,CLEAR,, NO UNUSUAL CONDITIONS,, ,A,DAYLIGHT,37.34661,-121.90378,,,,,A,NO PEDESTRIANS INVOLVED,8/12/2017 12:00:00 AM,A,22106,False,1.0,SR-87 N/B,,,8/23/2017 11:26:34 AM,A,S,117.0,TAYLOR STREET,F,,D,8/23/2017 11:27:08 AM,8/23/2017 11:27:08 AM,,True,2,,,,,,,
529291,9340-2017-16287,1,False,9340,8/19/2017 8:40:00 AM,840,281,1368,4313,San Jose,43,True,True,E,HIT OBJECT,,Saturday,Yes,False,,,False,True,True,Santa Clara Superior,I,FIXED OBJECT,CENTER MEDIAN,0,0,CLEAR,, NO UNUSUAL CONDITIONS,, ,A,DAYLIGHT,37.32351,-121.894734,,,,,A,NO PEDESTRIANS INVOLVED,8/19/2017 12:00:00 AM,A,23152(a),True,1.0,I-280 S/B,,,8/23/2017 11:14:31 AM,A,N,40.0,US101,F,SEE PAGE #4,D,8/23/2017 11:15:13 AM,8/23/2017 11:15:13 AM,,True,2,,,,,,,
529212,9340-2017-16224,1,False,9340,8/16/2017 3:25:00 PM,1525,110,1368,4313,San Jose,43,True,True,C,REAR END,,Wednesday,NotApplicable,False,,,False,True,False,Santa Clara Superior,C,OTHER MOTOR VEHICLE,,0,0,CLEAR,, NO UNUSUAL CONDITIONS,, ,A,DAYLIGHT,37.33482,-121.84894,,,,,A,NO PEDESTRIANS INVOLVED,8/16/2017 12:00:00 AM,A,22350,False,1.0,US-101 S/B (TO E/B STORY RD),,,8/23/2017 10:26:29 AM,A,S,100.0,Story Rd,F,,D,8/23/2017 10:27:03 AM,8/23/2017 10:27:03 AM,,True,2,,,,,,,
529104,9340-2017-16228,1,False,9340,8/16/2017 10:30:00 PM,2230,088,1368,4313,San Jose,43,True,True,E,HIT OBJECT,,Wednesday,NotApplicable,False,,,False,True,True,Santa Clara Superior,I,FIXED OBJECT,Guard Rail,0,0,CLEAR,, NO UNUSUAL CONDITIONS,, ,C,DARK-STREET LIGHTS,37.323,-121.94136,,,,,A,NO PEDESTRIANS INVOLVED,8/16/2017 12:00:00 AM,A,22107,False,1.0,SR 17 s/b (from stevens cr. blvd.),,,8/23/2017 9:24:41 AM,A,S,150.0,Stevens Creek Blvd,F,,D,8/23/2017 9:25:12 AM,8/23/2017 9:25:12 AM,,True,2,,,,,,,
529076,9340-2017-16208,1,False,9340,8/15/2017 4:21:00 PM,1621,281,1368,4313,San Jose,43,True,True,C,REAR END,,Tuesday,NotApplicable,True,F,,False,True,False,Santa Clara Superior,C,OTHER MOTOR VEHICLE,,1,0,CLEAR,, NO UNUSUAL CONDITIONS,, ,A,DAYLIGHT,37.32074,-121.90033,,,,,A,NO PEDESTRIANS INVOLVED,8/15/2017 12:00:00 AM,A,22350,False,1.0,I-280 S/B,,,8/23/2017 9:05:55 AM,A,N,2500.0,SR-87,F,,D,8/23/2017 9:06:45 AM,8/23/2017 9:06:45 AM,,True,2,,,,,,,
528936,9340-2017-16196,1,False,9340,8/15/2017 5:10:00 AM,510,120,1368,4313,San Jose,43,True,True,C,REAR END,,Tuesday,Yes,False,,,False,True,True,Santa Clara Superior,C,OTHER MOTOR VEHICLE,,2,0,CLEAR,, NO UNUSUAL CONDITIONS,, ,C,DARK-STREET LIGHTS,37.363388,-121.892822,,,,,A,NO PEDESTRIANS INVOLVED,8/15/2017 12:00:00 AM,A,22350,False,1.0,US-101 N/B,,,8/23/2017 7:25:15 AM,A,N,100.0,Oakland Rd,F,,D,8/23/2017 7:26:10 AM,8/23/2017 7:26:10 AM,,True,2,,,,,,,
528890,9340-2017-16201,1,False,9340,8/15/2017 2:17:00 PM,1417,110,1368,4313,San Jose,43,True,True,C,REAR END,,Tuesday,NotApplicable,False,M,,False,True,False,Santa Clara Superior,C,OTHER MOTOR VEHICLE,,0,0,CLEAR,, NO UNUSUAL CONDITIONS,, ,A,DAYLIGHT,37.29596,-121.81091,,,,,A,NO PEDESTRIANS INVOLVED,8/15/2017 12:00:00 AM,A,22350,False,1.0,US101 S/B,,,8/23/2017 6:34:33 AM,A,N,500.0,Capitol Expy,F,,D,8/23/2017 6:35:03 AM,8/23/2017 6:35:03 AM,,True,2,,,,,,,
528887,9340-2017-16202,1,False,9340,8/15/2017 5:55:00 PM,1755,083,1368,4313,San Jose,43,True,True,C,REAR END,,Tuesday,NotApplicable,False,,,False,True,True,Santa Clara Superior,C,OTHER MOTOR VEHICLE,,0,0,CLEAR,, NO UNUSUAL CONDITIONS,, ,A,DAYLIGHT,37.256166,-121.87153,,,,,A,NO PEDESTRIANS INVOLVED,8/15/2017 12:00:00 AM,A,22350,False,1.0,SR-85 N/B,,,8/23/2017 6:31:00 AM,A,S,100.0,Almaden Expressway,F,,D,8/23/2017 6:31:31 AM,8/23/2017 6:31:31 AM,,True,2,,,,,,,
528871,9340-2017-16206,1,False,9340,8/15/2017 3:23:00 PM,1523,172,1368,4313,San Jose,43,True,True,E,HIT OBJECT,,Tuesday,NotApplicable,False,,,False,True,True,Santa Clara Superior,I,FIXED OBJECT,Wood/Metal Guardrail,0,0,CLEAR,, NO UNUSUAL CONDITIONS,, ,A,DAYLIGHT,37.31221,-121.94062,,,,,A,NO PEDESTRIANS INVOLVED,8/15/2017 12:00:00 AM,A,22107,False,1.0,SR-17 S/B,,,8/23/2017 5:51:43 AM,A,S,1400.0,I-280,F,,D,8/23/2017 5:52:12 AM,8/23/2017 5:52:12 AM,,True,2,,,,,,,
528628,9340-2017-16176,1,False,9340,8/14/2017 8:45:00 AM,845,083,1368,4313,San Jose,43,True,True,C,REAR END,,Monday,NotApplicable,False,,,False,True,True,Santa Clara Superior,C,OTHER MOTOR VEHICLE,,0,0,CLEAR,, NO UNUSUAL CONDITIONS,, ,A,DAYLIGHT,37.2505,-121.8964,,,,,A,NO PEDESTRIANS INVOLVED,8/14/2017 12:00:00 AM,A,22350,False,1.0,SR-85 N/B,,,8/22/2017 3:02:25 PM,A,S,275.0,Meridian Ave,F,,D,8/22/2017 3:03:03 PM,8/22/2017 3:03:03 PM,,True,2,,,,,,,
528617,9340-2017-16118,1,False,9340,8/10/2017 4:00:00 PM,1600,681,1368,4313,San Jose,43,True,True,C,REAR END,,Thursday,Yes,False,F,,False,True,True,Santa Clara Superior,C,OTHER MOTOR VEHICLE,,2,0,CLEAR,, NO UNUSUAL CONDITIONS,, ,A,DAYLIGHT,37.366684,-121.84563,,,,,A,NO PEDESTRIANS INVOLVED,8/10/2017 12:00:00 AM,A,22350,False,1.0,I-680 S/B,,,8/22/2017 2:54:04 PM,A,S,600.0,McKee Rd,F,,D,8/22/2017 2:54:46 PM,8/22/2017 2:54:46 PM,,True,2,,,,,,,
528528,9340-2017-16099,1,False,9340,8/10/2017 8:50:00 AM,850,085,1368,4313,San Jose,43,True,True,B,SIDE SWIPE,,Thursday,NotApplicable,True,,,False,True,False,Santa Clara Superior,C,OTHER MOTOR VEHICLE,,0,0,CLOUDY,, NO UNUSUAL CONDITIONS,, ,A,DAYLIGHT,37.26656,-121.982231,,,,,A,NO PEDESTRIANS INVOLVED,8/10/2017 12:00:00 AM,A,21658(a),False,2.0,SR-85 N/B,,,8/22/2017 1:52:39 PM,A,S,1.0,Saratoga Avenue,M,,D,8/22/2017 1:53:11 PM,8/22/2017 1:53:11 PM,,True,2,,,,,,,
528515,9340-2017-16179,2,False,9340,8/14/2017 10:25:00 AM,1025,530,1368,4313,San Jose,43,True,True,C,REAR END,,Monday,NotApplicable,False,,,False,True,True,Santa Clara Superior,C,OTHER MOTOR VEHICLE,,0,0,CLEAR,, NO UNUSUAL CONDITIONS,, ,A,DAYLIGHT,37.399563,-121.94091,,,,,A,NO PEDESTRIANS INVOLVED,8/14/2017 12:00:00 AM,A,22350,False,1.0,Montague Expy,,,11/7/2018 12:54:40 PM,A,E,500.0,Lick Mill Blvd,F,,D,8/22/2017 1:42:21 PM,11/7/2018 12:54:51 PM,,True,2,,,,,,,
528504,9340-2017-16181,1,False,9340,8/14/2017 10:18:00 AM,1018,240,1368,4313,San Jose,43,True,True,C,REAR END,,Monday,NotApplicable,False,,,False,True,False,Santa Clara Superior,C,OTHER MOTOR VEHICLE,,0,0,CLEAR,, NO UNUSUAL CONDITIONS,, ,A,DAYLIGHT,37.419604,-121.944717,,,,,A,NO PEDESTRIANS INVOLVED,8/14/2017 12:00:00 AM,A,22350,False,1.0,SR-237 W/B,,,8/22/2017 1:33:20 PM,A,W,250.0,Zanker Rd,F,,D,8/22/2017 1:33:50 PM,8/22/2017 1:33:50 PM,,True,2,,,,,,,
528485,9340-2017-16188,1,False,9340,8/14/2017 4:55:00 PM,1655,281,1368,4313,San Jose,43,True,True,C,REAR END,,Monday,NotApplicable,False,,,False,True,False,Santa Clara Superior,C,OTHER MOTOR VEHICLE,,0,0,CLEAR,, NO UNUSUAL CONDITIONS,, ,A,DAYLIGHT,37.32331,-121.8936,,,,,A,NO PEDESTRIANS INVOLVED,8/14/2017 12:00:00 AM,A,22350,False,1.0,I-280 S/B,,,8/22/2017 1:20:15 PM,A,S,1350.0,Bird Ave,F,,D,8/22/2017 1:20:50 PM,8/22/2017 1:20:50 PM,,True,2,,,,,,,
528447,9725-2017-03815,1,False,9725,8/17/2017 6:00:00 AM,600,015,1368,4313,San Jose,43,True,True,C,REAR END,,Thursday,NotApplicable,False,M,,False,True,True,Santa Clara Superior,C,OTHER MOTOR VEHICLE,,1,0,CLEAR,, NO UNUSUAL CONDITIONS,, ,C,DARK-STREET LIGHTS,37.25645,-121.79459,,,,,A,NO PEDESTRIANS INVOLVED,8/17/2017 12:00:00 AM,A,22350,False,1.0,US-101 N/B,,,8/22/2017 12:56:52 PM,A,S,600.0,Blossom Hill Rd,F,,D,8/22/2017 12:57:48 PM,8/22/2017 12:57:48 PM,,True,2,,,,,,,
528403,9340-2017-16178,1,False,9340,8/14/2017 6:50:00 AM,650,240,1368,4313,San Jose,43,True,True,C,REAR END,,Monday,NotApplicable,False,M,,False,True,False,Santa Clara Superior,C,OTHER MOTOR VEHICLE,,0,0,CLEAR,, NO UNUSUAL CONDITIONS,, ,A,DAYLIGHT,37.419571,-121.944146,,,,,A,NO PEDESTRIANS INVOLVED,8/14/2017 12:00:00 AM,A,22350,False,2.0,SR-237 W/B,,,8/22/2017 12:31:02 PM,A,W,200.0,Zanker Rd,F,,D,8/22/2017 12:33:04 PM,8/22/2017 12:33:04 PM,,True,2,,,,,,,
528388,9340-2017-16190,1,False,9340,8/14/2017 4:30:00 PM,1630,088,1368,4313,San Jose,43,True,True,E,HIT OBJECT,,Monday,NotApplicable,False,,,False,True,True,Santa Clara Superior,I,FIXED OBJECT,Guardrail,0,0,CLEAR,, NO UNUSUAL CONDITIONS,, ,A,DAYLIGHT,37.334608,-121.93583,,,,,A,NO PEDESTRIANS INVOLVED,8/14/2017 12:00:00 AM,A,22107,False,1.0,I-880 N/B,,,8/22/2017 12:22:03 PM,A,N,150.0,Bascom Ave,F,,D,8/22/2017 12:22:33 PM,8/22/2017 12:22:33 PM,,True,2,,,,,,,
528385,9340-2017-16174,1,False,9340,8/14/2017 9:20:00 AM,920,681,1368,4313,San Jose,43,True,True,C,REAR END,,Monday,NotApplicable,False,,,False,True,True,Santa Clara Superior,C,OTHER MOTOR VEHICLE,,0,0,CLEAR,, NO UNUSUAL CONDITIONS,, ,A,DAYLIGHT,37.251151,-121.525576,,,,,A,NO PEDESTRIANS INVOLVED,8/14/2017 12:00:00 AM,A,22350,False,1.0,I-680 S/B,,,8/22/2017 12:19:55 PM,A,N,2000.0,Montague Expy,F,,A,8/22/2017 12:20:32 PM,8/22/2017 12:20:32 PM,,True,2,,,,,,,
528352,9340-2017-16189,2,False,9340,8/14/2017 4:10:00 PM,1610,088,1368,4313,San Jose,43,True,True,B,SIDE SWIPE,,Monday,NotApplicable,False,,,False,True,False,Santa Clara Superior,C,OTHER MOTOR VEHICLE,,0,0,CLEAR,, NO UNUSUAL CONDITIONS,, ,A,DAYLIGHT,37.354639,-121.909368,,,,,A,NO PEDESTRIANS INVOLVED,8/14/2017 12:00:00 AM,A,22107,False,1.0,I-880 S/B,,,11/30/2017 10:27:56 AM,A,S,940.0,N. First Street,F,,D,8/22/2017 11:55:54 AM,11/30/2017 10:28:16 AM,,True,2,,,,,,,
528334,9340-2017-16158,1,False,9340,8/12/2017 10:40:00 AM,1040,087,1368,4313,San Jose,43,True,True,B,SIDE SWIPE,,Saturday,NotApplicable,False,M,,False,True,False,Santa Clara Superior,C,OTHER MOTOR VEHICLE,,0,0,CLEAR,, NO UNUSUAL CONDITIONS,, ,A,DAYLIGHT,37.174592,-121.522415,,,,,A,NO PEDESTRIANS INVOLVED,8/12/2017 12:00:00 AM,A,22107,False,1.0,SR-87 N/B,,,8/22/2017 11:40:46 AM,A,N,500.0,Curtner Ave,F,,D,8/22/2017 11:41:20 AM,8/22/2017 11:41:20 AM,,True,2,,,,,,,
528325,9340-2017-16184,1,False,9340,8/14/2017 2:40:00 PM,1440,281,1368,4313,San Jose,43,True,True,E,HIT OBJECT,,Monday,NotApplicable,False,,,False,True,True,Santa Clara Superior,I,FIXED OBJECT,guardrail,0,0,CLEAR,, NO UNUSUAL CONDITIONS,, ,A,DAYLIGHT,37.98098,-121.909809,,,,,A,NO PEDESTRIANS INVOLVED,8/14/2017 12:00:00 AM,A,22107,False,1.0,I-280 NB TO SR-17,,,8/22/2017 11:31:50 AM,A,N,300.0,Macarthur Ave,F,,D,8/22/2017 11:32:20 AM,8/22/2017 11:32:20 AM,,True,2,,,,,,,
528314,9340-2017-16195,1,False,9340,8/14/2017 10:30:00 PM,2230,010,1368,4313,San Jose,43,True,True,E,HIT OBJECT,,Monday,NotApplicable,False,,,False,False,True,Santa Clara Superior,I,FIXED OBJECT,Dirt hillside,1,0,CLEAR,, NO UNUSUAL CONDITIONS,, ,D,DARK-NO STREET LIGHTS,37.4001,-121.8465,,,,,A,NO PEDESTRIANS INVOLVED,8/14/2017 12:00:00 AM,A,22107,False,1.0,Sierra Road W/B,,,8/22/2017 11:14:51 AM,A,E,1.0,Skyview Dr,M,,D,8/22/2017 11:15:35 AM,8/22/2017 11:15:35 AM,True,,2,,,,,,,
528225,9340-2017-16191,1,False,9340,8/14/2017 4:20:00 PM,1620,120,1368,4313,San Jose,43,True,True,C,REAR END,,Monday,NotApplicable,False,,,False,True,False,Santa Clara Superior,C,OTHER MOTOR VEHICLE,,0,0,CLEAR,, NO UNUSUAL CONDITIONS,, ,A,DAYLIGHT,,,,,,,A,NO PEDESTRIANS INVOLVED,8/14/2017 12:00:00 AM,A,22350,False,1.0,US101 S/B,,,8/22/2017 10:15:43 AM,A,S,500.0,Brokaw Rd,F,,D,8/22/2017 10:16:14 AM,8/22/2017 10:16:14 AM,,True,2,,,,,,,
528171,9340-2017-16180,1,False,9340,8/14/2017 8:00:00 AM,800,087,1368,4313,San Jose,43,True,True,C,REAR END,,Monday,NotApplicable,False,,,False,True,True,Santa Clara Superior,C,OTHER MOTOR VEHICLE,,0,0,CLEAR,, NO UNUSUAL CONDITIONS,, ,A,DAYLIGHT,37.295,-121.8729,,,,,A,NO PEDESTRIANS INVOLVED,8/14/2017 12:00:00 AM,A,22350,False,1.0,sr-87 northbound,,,8/22/2017 9:45:52 AM,A,N,100.0,Curtner Ave,F,,D,8/22/2017 9:46:23 AM,8/22/2017 9:46:23 AM,,True,2,,,,,,,
528108,9340-2017-16166,1,False,9340,8/13/2017 5:40:00 PM,1740,120,1368,4313,San Jose,43,True,True,C,REAR END,,Sunday,NotApplicable,False,,,False,True,True,Santa Clara Superior,C,OTHER MOTOR VEHICLE,,1,0,CLEAR,, NO UNUSUAL CONDITIONS,, ,A,DAYLIGHT,37.363701,-121.897797,,,,,A,NO PEDESTRIANS INVOLVED,8/13/2017 12:00:00 AM,A,22350 VC,False,1.0,US-101 NORTHBOUND,,,8/22/2017 9:11:15 AM,A,S,80.0,10TH STREET,F,,D,8/22/2017 9:11:56 AM,8/22/2017 9:11:56 AM,,True,2,,,,,,,