Collision Id,	Report Number,	Report Version,	Is Preliminary,	NCIC Code,Crash Date Time,	Crash Time Description,	Beat,City Id,	City Code,	City Name,County Code,	City Is Active,	City Is Incorporated,	Collision Type Code,Collision Type Description,	Collision Type Other Desc,	Day Of Week,	DispatchNotified,	HasPhotographs,	HitRun,	IsAttachmentsMailed,	IsDeleted,	IsHighwayRelated,	IsTowAway,	JudicialDistrict,	MotorVehicleInvolvedWithCode,	MotorVehicleInvolvedWithDesc,MotorVehicleInvolvedWithOtherDesc,	NumberInjured,	NumberKilled,Weather 1, Weather 2, Road Condition 1, Road Condition 2, Special Condition,LightingCode, LightingDescription,Latitude,Longitude,MilepostDirection,MilepostDistance,MilepostMarker,MilepostUnitOfMeasure,	PedestrianActionCode,PedestrianActionDesc,PreparedDate,	Primary Collision Factor Code,Primary Collision Factor Violation,PrimaryCollisionFactorIsCited,	PrimaryCollisionPartyNumber,	PrimaryRoad,	ReportingDistrict,	ReportingDistrictCode,ReviewedDate,	RoadwaySurfaceCode,SecondaryDirection,	SecondaryDistance,	SecondaryRoad,	SecondaryUnitOfMeasure,	SketchDesc,	TrafficControlDeviceCode,CreatedDate,	ModifiedDate,IsCountyRoad,IsFreeway,CHP555Version,	IsAdditonalObjectStruck,NotificationDate,	NotificationTimeDescription,	HasDigitalMediaFiles,	EvidenceNumber,	IsLocationReferToNarrative,	IsAOIOneSameAsLocation
547099,9340-2017-16662,1,False,9340,9/7/2017 6:20:00 AM,620,281,1368,4313,San Jose,43,True,True,C,REAR END,,Thursday,NotApplicable,False,,,False,True,False,Santa Clara Superior,C,OTHER MOTOR VEHICLE,,0,0,CLOUDY,, NO UNUSUAL CONDITIONS,, ,A,DAYLIGHT,37.3167,-121.9061,,,,,A,NO PEDESTRIANS INVOLVED,9/7/2017 12:00:00 AM,A,22350,False,1.0,I-280 NORTHBOUND,,,9/13/2017 3:08:02 PM,A,S,1550.0,Race St,F,,D,9/13/2017 3:08:37 PM,9/13/2017 3:08:37 PM,,True,2,,,,,,,
547088,9340-2017-16657,1,False,9340,9/7/2017 10:35:00 AM,1035,088,1368,4313,San Jose,43,True,True,H,OTHER,LOAD,Thursday,NotApplicable,False,,,False,True,False,Santa Clara Superior,C,OTHER MOTOR VEHICLE,,0,0,CLEAR,, NO UNUSUAL CONDITIONS,, ,A,DAYLIGHT,37.33449,-121.936089,,,,,A,NO PEDESTRIANS INVOLVED,9/7/2017 12:00:00 AM,A,24002(a),False,1.0,I-880 N/B,,,9/13/2017 3:01:36 PM,A,N,20.0,BASCOM AVE.,F,,D,9/13/2017 3:03:04 PM,9/13/2017 3:03:04 PM,,True,2,,,,,,,
547074,9340-2017-16661,1,False,9340,9/7/2017 8:20:00 AM,820,087,1368,4313,San Jose,43,True,True,C,REAR END,,Thursday,NotApplicable,False,,,False,True,True,Santa Clara Superior,C,OTHER MOTOR VEHICLE,,0,0,CLOUDY,, NO UNUSUAL CONDITIONS,, ,A,DAYLIGHT,37.3422,-121.9008,,,,,A,NO PEDESTRIANS INVOLVED,9/7/2017 12:00:00 AM,A,22350,False,1.0,SR-87 NORTHBOUND,,,9/13/2017 2:56:32 PM,A,S,2000.0,Taylor St,F,,D,9/13/2017 2:57:05 PM,9/13/2017 2:57:05 PM,,True,2,,,,,,,
546981,9725-2017-03973,1,False,9725,9/9/2017 8:30:00 AM,830,015,1368,4313,San Jose,43,True,True,C,REAR END,,Saturday,NotApplicable,False,,,False,True,False,San Jose Superior,C,OTHER MOTOR VEHICLE,,0,0,CLOUDY,, NO UNUSUAL CONDITIONS,, ,A,DAYLIGHT,37.2503,-121.7835,,,,,A,NO PEDESTRIANS INVOLVED,9/9/2017 12:00:00 AM,A,21658(a),False,1.0,US-101 NORTHBOUND,,,9/13/2017 2:05:49 PM,A,S,0.5,blossom hill road,M,,D,9/13/2017 2:06:18 PM,9/13/2017 2:06:18 PM,,True,2,,,,,,,
546978,9340-2017-16612,1,False,9340,9/5/2017 9:50:00 AM,950,281,1368,4313,San Jose,43,True,True,B,SIDE SWIPE,,Tuesday,NotApplicable,False,,,False,True,False,Santa Clara Superior,C,OTHER MOTOR VEHICLE,,0,0,CLEAR,, NO UNUSUAL CONDITIONS,, ,A,DAYLIGHT,37.3354,-121.8584,,,,,A,NO PEDESTRIANS INVOLVED,9/5/2017 12:00:00 AM,A,22107,False,,I-280 S/B,,,9/13/2017 2:05:02 PM,A,N,600.0,McLaughlin Ave,F,,D,9/13/2017 2:05:38 PM,9/13/2017 2:05:38 PM,,True,2,,,,,,,
546957,9340-2017-16650,1,False,9340,9/6/2017 5:45:00 PM,1745,083,1368,4313,San Jose,43,True,True,C,REAR END,,Wednesday,NotApplicable,False,,,False,True,False,Santa Clara Superior,C,OTHER MOTOR VEHICLE,,0,0,CLEAR,, NO UNUSUAL CONDITIONS,, ,A,DAYLIGHT,37.25528,-121.95123,,,,,A,NO PEDESTRIANS INVOLVED,9/6/2017 12:00:00 AM,A,22350,False,1.0,SR-85 S/B,,,9/13/2017 1:52:04 PM,A,S,850.0,Santa Teresa Blvd,F,,D,9/13/2017 1:52:37 PM,9/13/2017 1:52:37 PM,,True,2,,,,,,,
546931,9340-2017-16656,1,False,9340,9/7/2017 5:44:00 AM,544,088,1368,4313,San Jose,43,True,True,B,SIDE SWIPE,,Thursday,NotApplicable,False,,,False,True,True,Santa Clara Superior,C,OTHER MOTOR VEHICLE,,0,0,CLOUDY,, NO UNUSUAL CONDITIONS,, ,D,DARK-NO STREET LIGHTS,37.332726,-121.938678,,,,,A,NO PEDESTRIANS INVOLVED,9/7/2017 12:00:00 AM,A,21658(a),False,1.0,I-880 S/B,,,9/13/2017 1:33:24 PM,A,S,0.2,BASCOM AVE.,M,,D,9/13/2017 1:34:00 PM,9/13/2017 1:34:00 PM,,True,2,,,,,,,
546919,9340-2017-14931,2,False,9340,6/11/2017 8:40:00 PM,2040,281,1368,4313,San Jose,43,True,True,C,REAR END,,Sunday,Yes,True,,,False,True,True,Santa Clara Superior,C,OTHER MOTOR VEHICLE,,1,1,CLEAR,, NO UNUSUAL CONDITIONS,, Fatal,D,DARK-NO STREET LIGHTS,37.97987,-121.789089,,,,,A,NO PEDESTRIANS INVOLVED,6/11/2017 12:00:00 AM,A,23152(a),False,1.0,I-280 N/B,,,2/1/2018 8:56:33 AM,A,S,2719.0,Race St,F,,D,9/13/2017 1:27:07 PM,2/1/2018 8:56:44 AM,,True,2,,,,,,,
546903,9340-2017-16670,1,False,9340,9/7/2017 3:30:00 PM,1530,089,1368,4313,San Jose,43,True,True,B,SIDE SWIPE,,Thursday,NotApplicable,False,,,False,True,False,Santa Clara Superior,C,OTHER MOTOR VEHICLE,,0,0,CLEAR,, NO UNUSUAL CONDITIONS,, ,A,DAYLIGHT,37.343696,-121.924706,,,,,A,NO PEDESTRIANS INVOLVED,9/7/2017 12:00:00 AM,A,21658(a),False,1.0,I-880 N/B ,,,9/13/2017 1:17:10 PM,A,N,500.0,The Alameda,F,,D,9/13/2017 1:17:42 PM,9/13/2017 1:17:42 PM,,True,2,,,,,,,
546875,9340-2017-16643,1,False,9340,9/6/2017 3:45:00 PM,1545,120,1368,4313,San Jose,43,True,True,C,REAR END,,Wednesday,Yes,False,,,False,True,True,Santa Clara Superior,C,OTHER MOTOR VEHICLE,,1,0,CLEAR,, NO UNUSUAL CONDITIONS,, ,A,DAYLIGHT,37.37726,-121.94529,,,,,A,NO PEDESTRIANS INVOLVED,9/6/2017 12:00:00 AM,A,22350,False,1.0,US101 S/B,,,9/13/2017 1:00:08 PM,A,N,1000.0,dela cruz road,F,,D,9/13/2017 1:01:51 PM,9/13/2017 1:01:51 PM,,True,2,,,,,,,
546815,9340-2017-16669,1,False,9340,9/7/2017 5:50:00 PM,1750,282,1368,4313,San Jose,43,True,True,C,REAR END,,Thursday,NotApplicable,False,,,False,True,False,Santa Clara Superior,C,OTHER MOTOR VEHICLE,,0,0,CLEAR,, NO UNUSUAL CONDITIONS,, ,A,DAYLIGHT,37.31639,-121.95613,,,,,A,NO PEDESTRIANS INVOLVED,9/7/2017 12:00:00 AM,A,22350,False,1.0,I-280 S/B,,,9/13/2017 12:20:01 PM,A,N,1000.0,WINCHESTER BLVD.,F,,D,9/13/2017 12:20:32 PM,9/13/2017 12:20:32 PM,,True,2,,,,,,,
546725,9340-2017-16659,1,False,9340,9/7/2017 9:20:00 AM,920,083,1368,4313,San Jose,43,True,True,E,HIT OBJECT,,Thursday,NotApplicable,False,,,False,True,True,Santa Clara Superior,I,FIXED OBJECT,Metal Wooden Guardrail,1,0,CLOUDY,, NO UNUSUAL CONDITIONS,, ,A,DAYLIGHT,37.255254,-121.951126,,,,,A,NO PEDESTRIANS INVOLVED,9/7/2017 12:00:00 AM,A,22107,False,1.0,SR-85 N/B from Bascom Avenue,,,9/13/2017 10:59:18 AM,A,N,80.0,Bascom Ave,F,,D,9/13/2017 10:59:52 AM,9/13/2017 10:59:52 AM,,True,2,,,,,,,
546711,9340-2017-16646,1,False,9340,9/6/2017 6:47:00 PM,1847,282,1368,4313,San Jose,43,True,True,C,REAR END,,Wednesday,NotApplicable,False,,,False,True,True,Santa Clara Superior,C,OTHER MOTOR VEHICLE,,0,0,CLEAR,, NO UNUSUAL CONDITIONS,, ,A,DAYLIGHT,37.31642,-121.97259,,,,,A,NO PEDESTRIANS INVOLVED,9/6/2017 12:00:00 AM,A,22350,False,1.0,I-280 S/B,,,9/13/2017 10:48:33 AM,A,S,900.0,Saratoga Ave,F,,D,9/13/2017 10:49:03 AM,9/13/2017 10:49:03 AM,,True,2,,,,,,,
546706,9340-2017-16653,1,False,9340,9/6/2017 3:45:00 PM,1545,110,1368,4313,San Jose,43,True,True,C,REAR END,,Wednesday,NotApplicable,False,,,False,True,True,Santa Clara Superior,C,OTHER MOTOR VEHICLE,,2,0,CLEAR,, NO UNUSUAL CONDITIONS,, ,A,DAYLIGHT,37.34469,-121.85714,,,,,A,NO PEDESTRIANS INVOLVED,9/6/2017 12:00:00 AM,A,22350,False,1.0,US-101 S/B,,,9/13/2017 10:39:18 AM,A,S,2200.0,Alum Rock Ave,F,,D,9/13/2017 10:43:48 AM,9/13/2017 10:43:48 AM,,True,2,,,,,,,
546691,9340-2017-16651,1,False,9340,9/6/2017 3:20:00 PM,1520,120,1368,4313,San Jose,43,True,True,E,HIT OBJECT,,Wednesday,NotApplicable,False,M,,False,True,True,Santa Clara Superior,I,FIXED OBJECT,CONCRETE BLOCK,0,0,CLOUDY,, NO UNUSUAL CONDITIONS,, ,A,DAYLIGHT,37.36498,-121.90267,,,,,A,NO PEDESTRIANS INVOLVED,9/6/2017 12:00:00 AM,A,22107,False,1.0,US-101 N/B TO I-880 S/B,,,9/13/2017 10:30:03 AM,A,N,500.0,I-880,M,,D,9/13/2017 10:30:33 AM,9/13/2017 10:30:33 AM,,True,2,,,,,,,
546676,9340-2017-16637,1,False,9340,9/6/2017 10:10:00 AM,1010,083,1368,4313,San Jose,43,True,True,C,REAR END,,Wednesday,NotApplicable,False,,,False,True,False,Santa Clara Superior,C,OTHER MOTOR VEHICLE,,3,0,CLEAR,, NO UNUSUAL CONDITIONS,, ,A,DAYLIGHT,37.25062,-121.92675,,,,,A,NO PEDESTRIANS INVOLVED,9/6/2017 12:00:00 AM,A,22350,False,1.0,SR-85 N/B,,,9/13/2017 10:20:43 AM,A,S,1300.0,Union Ave,F,,D,9/13/2017 10:21:22 AM,9/13/2017 10:21:22 AM,,True,2,,,,,,,
546643,9340-2017-16654,1,False,9340,9/6/2017 3:05:00 PM,1505,110,1368,4313,San Jose,43,True,True,C,REAR END,,Wednesday,Yes,False,,,False,True,True,Santa Clara Superior,C,OTHER MOTOR VEHICLE,,1,0,CLEAR,, NO UNUSUAL CONDITIONS,, ,A,DAYLIGHT,37.30896,-121.82247,,,,,A,NO PEDESTRIANS INVOLVED,9/6/2017 12:00:00 AM,A,22350,False,1.0,US-101 S/B,,,9/13/2017 9:55:16 AM,A,S,3000.0,Tully Rd,F,,D,9/13/2017 9:56:02 AM,9/13/2017 9:56:02 AM,,True,2,,,,,,,
546575,9340-2017-16543,1,False,9340,8/31/2017 3:50:00 PM,1550,087,1368,4313,San Jose,43,True,True,B,SIDE SWIPE,,Thursday,Yes,False,M,,False,True,True,Santa Clara Superior,C,OTHER MOTOR VEHICLE,,1,0,CLEAR,, NO UNUSUAL CONDITIONS,, ,A,DAYLIGHT,37.333045,-121.896552,,,,,A,NO PEDESTRIANS INVOLVED,8/31/2017 12:00:00 AM,A,22350,False,1.0,SR-87 N/B,,,9/13/2017 9:05:54 AM,A,S,10.0,Santa Clara Ave,F,,A,9/13/2017 9:06:35 AM,9/13/2017 9:06:35 AM,,True,2,,,,,,,
546568,9340-2017-16561,1,False,9340,9/1/2017 1:30:00 AM,130,120,1368,4313,San Jose,43,True,True,B,SIDE SWIPE,,Friday,Yes,False,,,False,True,False,Santa Clara Superior,C,OTHER MOTOR VEHICLE,,1,0,CLEAR,, NO UNUSUAL CONDITIONS,, ,C,DARK-STREET LIGHTS,37.395585,-122.047787,,,,,A,NO PEDESTRIANS INVOLVED,9/1/2017 12:00:00 AM,A,21658(a),False,1.0,US-101 N/B,,,9/13/2017 8:55:29 AM,A,N,50.0,13th St,F,,D,9/13/2017 9:01:00 AM,9/13/2017 9:01:00 AM,,True,2,,,,,,,
546529,9340-2017-16649,1,False,9340,9/6/2017 5:30:00 PM,1730,089,1368,4313,San Jose,43,True,True,C,REAR END,,Wednesday,NotApplicable,False,M,,False,True,True,Santa Clara Superior,C,OTHER MOTOR VEHICLE,,0,0,CLEAR,, NO UNUSUAL CONDITIONS,, ,B,DUSK-DAWN,37.27997,-121.552117,,,,,A,NO PEDESTRIANS INVOLVED,9/6/2017 12:00:00 AM,A,22350,False,1.0,I-880 N/B,,,9/13/2017 8:37:08 AM,A,S,600.0,Dixon Landing Rd,F,,D,9/13/2017 8:37:42 AM,9/13/2017 8:37:42 AM,,True,2,,,,,,,
546198,9340-2017-16548,1,False,9340,8/31/2017 8:25:00 PM,2025,087,1368,4313,San Jose,43,True,True,E,HIT OBJECT,,Thursday,NotApplicable,False,M,,False,True,True,Santa Clara Superior,I,FIXED OBJECT,jersey wall,0,0,CLEAR,, NO UNUSUAL CONDITIONS,, ,C,DARK-STREET LIGHTS,37.312253,-121.885525,,,,,A,NO PEDESTRIANS INVOLVED,8/31/2017 12:00:00 AM,A,22107,False,1.0,SR-87 S/B,,,9/12/2017 3:53:28 PM,A,N,500.0,Almaden Expressway,F,,D,9/12/2017 3:54:00 PM,9/12/2017 3:54:00 PM,,True,2,,,,,,,
546189,9340-2017-16648,1,False,9340,9/6/2017 6:30:00 PM,1830,120,1368,4313,San Jose,43,True,True,C,REAR END,,Wednesday,NotApplicable,False,,,False,True,False,Santa Clara Superior,C,OTHER MOTOR VEHICLE,,0,0,CLEAR,, NO UNUSUAL CONDITIONS,, ,A,DAYLIGHT,37.377109,-121.94374,,,,,A,NO PEDESTRIANS INVOLVED,9/6/2017 12:00:00 AM,A,22350,False,1.0,US101 S/B,,,9/12/2017 3:45:06 PM,A,N,1000.0,delacruz rd,F,,D,9/12/2017 3:46:06 PM,9/12/2017 3:46:06 PM,,True,2,,,,,,,
545996,9340-2017-16636,1,False,9340,9/6/2017 8:30:00 AM,830,089,1368,4313,San Jose,43,True,True,C,REAR END,,Wednesday,NotApplicable,False,,,False,True,False,Santa Clara Superior,C,OTHER MOTOR VEHICLE,,0,0,CLEAR,, NO UNUSUAL CONDITIONS,, ,A,DAYLIGHT,37.37454,-121.90268,,,,,A,NO PEDESTRIANS INVOLVED,9/6/2017 12:00:00 AM,A,22350,False,1.0,I-880 S/B,,,9/12/2017 2:00:59 PM,A,N,0.5,Old Bayshore Hwy,M,,D,9/12/2017 2:01:45 PM,9/12/2017 2:01:45 PM,,True,2,,,,,,,
545978,9340-2017-16655,1,False,9340,9/6/2017 4:10:00 PM,1610,110,1368,4313,San Jose,43,True,True,C,REAR END,,Wednesday,NotApplicable,False,,,False,True,True,Santa Clara Superior,C,OTHER MOTOR VEHICLE,,0,0,CLEAR,, NO UNUSUAL CONDITIONS,, ,A,DAYLIGHT,37.98098,-121.908098,,,,,A,NO PEDESTRIANS INVOLVED,9/6/2017 12:00:00 AM,A,22350,False,1.0,US101 S/B,,,9/12/2017 1:51:56 PM,A,S,400.0,Tully Rd,F,,D,9/12/2017 1:52:28 PM,9/12/2017 1:52:28 PM,,True,2,,,,,,,
545950,9340-2017-16527,1,False,9340,8/30/2017 8:55:00 PM,2055,087,1368,4313,San Jose,43,True,True,C,REAR END,,Wednesday,NotApplicable,False,,,False,True,True,Santa Clara Superior,C,OTHER MOTOR VEHICLE,,0,0,CLEAR,, NO UNUSUAL CONDITIONS,, ,D,DARK-NO STREET LIGHTS,37.327757,-121.895274,,,,,A,NO PEDESTRIANS INVOLVED,8/30/2017 12:00:00 AM,A,22350,False,1.0,SR-87 S/B,,,9/12/2017 1:33:58 PM,A,N,350.0,I-280,F,,D,9/12/2017 1:34:45 PM,9/12/2017 1:34:45 PM,,True,2,,,,,,,
545946,9340-2017-16556,1,False,9340,8/31/2017 4:00:00 PM,1600,088,1368,4313,San Jose,43,True,True,E,HIT OBJECT,,Thursday,NotApplicable,False,M,,False,True,True,Santa Clara Superior,I,FIXED OBJECT,CENTER DIVIDER WALL,0,0,CLEAR,, NO UNUSUAL CONDITIONS,, ,A,DAYLIGHT,37.341217,-121.927633,,,,,A,NO PEDESTRIANS INVOLVED,8/31/2017 12:00:00 AM,A,21658(a),False,1.0,I-880 N/B,,,9/12/2017 1:32:07 PM,A,S,650.0,The Alameda,F,,D,9/12/2017 1:32:48 PM,9/12/2017 1:32:48 PM,,True,2,,,,,,,
545941,9340-2017-16533,1,False,9340,8/31/2017 9:20:00 AM,920,240,1368,4313,San Jose,43,True,True,C,REAR END,,Thursday,NotApplicable,False,,,False,True,True,Santa Clara Superior,C,OTHER MOTOR VEHICLE,,0,0,CLEAR,, NO UNUSUAL CONDITIONS,, ,A,DAYLIGHT,37.419361,-121.954463,,,,,A,NO PEDESTRIANS INVOLVED,8/31/2017 12:00:00 AM,A,22350,False,1.0,SR-237 E/B,,,9/12/2017 1:30:17 PM,A,E,100.0,1st Street,F,,D,9/12/2017 1:30:58 PM,9/12/2017 1:30:58 PM,,True,2,,,,,,,
545939,9340-2017-16601,1,False,9340,9/4/2017 2:55:00 PM,1455,083,1368,4313,San Jose,43,True,True,C,REAR END,,Monday,NotApplicable,False,,,False,True,False,Santa Clara Superior,C,OTHER MOTOR VEHICLE,,0,0,CLEAR,, NO UNUSUAL CONDITIONS,, ,A,DAYLIGHT,37.25531,-121.86278,,,,,A,NO PEDESTRIANS INVOLVED,9/4/2017 12:00:00 AM,D,,,,SR-85 S/B,,,9/12/2017 1:28:51 PM,A,N,200.0,Santa Teresa Blvd,F,,D,9/12/2017 1:29:26 PM,9/12/2017 1:29:26 PM,,True,2,,,,,,,
545918,9725-2017-03912,1,False,9725,9/1/2017 4:41:00 AM,441,015,1368,4313,San Jose,43,True,True,E,HIT OBJECT,,Friday,NotApplicable,False,,,False,True,False,San Benito Superior,J,OTHER OBJECT,METAL DEBRIS,0,0,CLEAR,, NO UNUSUAL CONDITIONS,, ,D,DARK-NO STREET LIGHTS,37.2454,-121.7752,,,,,A,NO PEDESTRIANS INVOLVED,9/1/2017 12:00:00 AM,C,,,,US 101 SOUTHBOUND,,,9/12/2017 1:12:41 PM,A,S,800.0,Bernal Road,F,,D,9/12/2017 1:13:12 PM,9/12/2017 1:13:12 PM,,True,2,,,,,,,
545906,9340-2017-16620,1,False,9340,9/5/2017 1:55:00 PM,1355,281,1368,4313,San Jose,43,True,True,C,REAR END,,Tuesday,NotApplicable,False,,,False,True,False,Santa Clara Superior,C,OTHER MOTOR VEHICLE,,0,0,CLEAR,, NO UNUSUAL CONDITIONS,, ,A,DAYLIGHT,37.3226,-121.8958,,,,,A,NO PEDESTRIANS INVOLVED,9/5/2017 12:00:00 AM,A,22350,False,1.0,I-280 S/B TO SR-87 S/B,,,9/12/2017 1:07:21 PM,A,N,100.0,SR-87,F,,D,9/12/2017 1:07:49 PM,9/12/2017 1:07:49 PM,,True,2,,,,,,,
545898,9340-2017-16615,1,False,9340,9/5/2017 9:00:00 AM,900,120,1368,4313,San Jose,43,True,True,C,REAR END,,Tuesday,NotApplicable,False,,,False,True,False,Santa Clara Superior,C,OTHER MOTOR VEHICLE,,1,0,CLEAR,, NO UNUSUAL CONDITIONS,, ,A,DAYLIGHT,37.36354,-121.89462,,,,,A,NO PEDESTRIANS INVOLVED,9/5/2017 12:00:00 AM,A,22350,False,1.0,US101 N/B,,,9/12/2017 1:01:08 PM,A,S,1000.0,I-880,F,,D,9/12/2017 1:01:42 PM,9/12/2017 1:01:42 PM,,True,2,,,,,,,
545891,9340-2017-16630,1,False,9340,9/5/2017 9:25:00 PM,2125,281,1368,4313,San Jose,43,True,True,C,REAR END,,Tuesday,NotApplicable,False,M,,False,True,True,Santa Clara Superior,C,OTHER MOTOR VEHICLE,,0,0,CLEAR,, NO UNUSUAL CONDITIONS,, ,D,DARK-NO STREET LIGHTS,37.32764,-121.87788,,,,,A,NO PEDESTRIANS INVOLVED,9/5/2017 12:00:00 AM,A,22350,False,2.0,I-280 S/B,,,9/12/2017 12:58:59 PM,A,N,500.0,7th St,F,,D,9/12/2017 12:59:32 PM,9/12/2017 12:59:32 PM,,True,2,,,,,,,
545888,9340-2017-16608,1,False,9340,9/5/2017 5:50:00 AM,550,110,1368,4313,San Jose,43,True,True,C,REAR END,,Tuesday,NotApplicable,False,M,,False,True,False,Santa Clara Superior,C,OTHER MOTOR VEHICLE,,0,0,CLEAR,, NO UNUSUAL CONDITIONS,, ,B,DUSK-DAWN,37.35024,-121.86169,,,,,A,NO PEDESTRIANS INVOLVED,9/5/2017 12:00:00 AM,A,22350,False,1.0,US101 N/B,,,9/12/2017 12:58:21 PM,A,N,200.0,Alum Rock Rd,F,,D,9/12/2017 12:58:52 PM,9/12/2017 12:58:52 PM,,True,2,,,,,,,
545795,9340-2017-16619,1,False,9340,9/5/2017 7:25:00 PM,1925,281,1368,4313,San Jose,43,True,True,C,REAR END,,Tuesday,NotApplicable,False,,,False,True,False,Santa Clara Superior,C,OTHER MOTOR VEHICLE,,0,0,CLEAR,, NO UNUSUAL CONDITIONS,, ,D,DARK-NO STREET LIGHTS,37.3214,-121.8993,,,,,A,NO PEDESTRIANS INVOLVED,9/5/2017 12:00:00 AM,A,22350,False,1.0,I-280 S/B,,,9/12/2017 12:08:29 PM,A,N,800.0,SR-87,F,,D,9/12/2017 12:09:01 PM,9/12/2017 12:09:01 PM,,True,2,,,,,,,
545775,9340-2017-16611,1,False,9340,9/5/2017 7:40:00 AM,740,087,1368,4313,San Jose,43,True,True,C,REAR END,,Tuesday,NotApplicable,False,,,False,True,False,Santa Clara Superior,C,OTHER MOTOR VEHICLE,,0,0,CLEAR,, NO UNUSUAL CONDITIONS,, ,A,DAYLIGHT,37.2903,-121.871,,,,,A,NO PEDESTRIANS INVOLVED,9/5/2017 12:00:00 AM,A,22350,False,1.0,SR-87 N/B,,,9/12/2017 11:51:37 AM,A,S,1000.0,Curtner Ave,F,,D,9/12/2017 11:52:15 AM,9/12/2017 11:52:15 AM,,True,2,,,,,,,
545767,9340-2017-16623,1,False,9340,9/5/2017 3:20:00 PM,1520,281,1368,4313,San Jose,43,True,True,B,SIDE SWIPE,,Tuesday,NotApplicable,False,,,False,True,False,Santa Clara Superior,C,OTHER MOTOR VEHICLE,,0,0,CLEAR,, NO UNUSUAL CONDITIONS,, ,A,DAYLIGHT,37.31674,-121.93111,,,,,A,NO PEDESTRIANS INVOLVED,9/5/2017 12:00:00 AM,A,22107,False,1.0,I-280 S/B,,,9/12/2017 11:22:15 AM,A,S,200.0,Bascom Ave,F,,D,9/12/2017 11:46:18 AM,9/12/2017 11:46:18 AM,,True,2,,,,,,,
545647,9340-2017-16627,1,False,9340,9/5/2017 10:04:00 PM,2204,282,1368,4313,San Jose,43,True,True,E,HIT OBJECT,,Tuesday,NotApplicable,False,,,False,True,True,Santa Clara Superior,I,FIXED OBJECT,CONCRETE WALL,0,0,CLEAR,, NO UNUSUAL CONDITIONS,, ,C,DARK-STREET LIGHTS,37.318826,-121.901998,,,,,A,NO PEDESTRIANS INVOLVED,9/5/2017 12:00:00 AM,A,22107,False,1.0,I-280 S/B,,,9/12/2017 10:35:38 AM,A,N,1000.0,Meridian Ave,F,,D,9/12/2017 10:36:13 AM,9/12/2017 10:36:13 AM,,True,2,,,,,,,
545587,9340-2017-16610,1,False,9340,9/5/2017 8:15:00 AM,815,110,1368,4313,San Jose,43,True,True,B,SIDE SWIPE,,Tuesday,NotApplicable,False,M,,False,True,False,Santa Clara Superior,C,OTHER MOTOR VEHICLE,,1,0,CLEAR,, NO UNUSUAL CONDITIONS,, ,A,DAYLIGHT,37.27895,-121.80689,,,,,A,NO PEDESTRIANS INVOLVED,9/5/2017 12:00:00 AM,A,21658(a),False,1.0,US101 S/B,,,9/12/2017 10:01:28 AM,A,S,0.2,Hellyer Ave,M,,D,9/12/2017 10:02:02 AM,9/12/2017 10:02:02 AM,,True,2,,,,,,,
545572,9340-2017-16616,1,False,9340,9/5/2017 5:12:00 PM,1712,681,1368,4313,San Jose,43,True,True,C,REAR END,,Tuesday,NotApplicable,False,,,False,True,False,Santa Clara Superior,C,OTHER MOTOR VEHICLE,,0,0,CLEAR,, NO UNUSUAL CONDITIONS,, ,A,DAYLIGHT,37.3641,-121.8437,,,,,A,NO PEDESTRIANS INVOLVED,9/5/2017 12:00:00 AM,A,22350,False,1.0,I-680 S/B,,,9/12/2017 9:54:06 AM,A,N,2000.0,Capitol Expy,F,,D,9/12/2017 9:54:36 AM,9/12/2017 9:54:36 AM,,True,2,,,,,,,
545571,9340-2017-16626,1,False,9340,9/5/2017 10:25:00 PM,2225,281,1368,4313,San Jose,43,True,True,C,REAR END,,Tuesday,NotApplicable,False,,,False,True,False,Santa Clara Superior,C,OTHER MOTOR VEHICLE,,0,0,CLEAR,, OBSTRUCTION ON ROADWAY*,REDUCED ROADWAY WIDTH, ,D,DARK-NO STREET LIGHTS,37.318826,-121.901998,,,,,A,NO PEDESTRIANS INVOLVED,9/5/2017 12:00:00 AM,A,22350,False,2.0,I-280 S/B,,,9/12/2017 9:54:00 AM,A,N,1000.0,Meridian Ave,F,,A,9/12/2017 9:54:31 AM,9/12/2017 9:54:31 AM,,True,2,,,,,,,
545565,9340-2017-16621,1,False,9340,9/5/2017 3:03:00 PM,1503,089,1368,4313,San Jose,43,True,True,C,REAR END,,Tuesday,NotApplicable,False,,,False,True,False,Santa Clara Superior,C,OTHER MOTOR VEHICLE,,0,0,CLEAR,, NO UNUSUAL CONDITIONS,, ,A,DAYLIGHT,37.3563,-121.909,,,,,A,NO PEDESTRIANS INVOLVED,9/5/2017 12:00:00 AM,A,22350,False,1.0,I-880 N/B,,,9/12/2017 9:51:04 AM,A,S,100.0,NORTH FIRST ST,F,,D,9/12/2017 9:51:33 AM,9/12/2017 9:51:33 AM,,True,2,,,,,,,