Collision Id,	Report Number,	Report Version,	Is Preliminary,	NCIC Code,Crash Date Time,	Crash Time Description,	Beat,City Id,	City Code,	City Name,County Code,	City Is Active,	City Is Incorporated,	Collision Type Code,Collision Type Description,	Collision Type Other Desc,	Day Of Week,	DispatchNotified,	HasPhotographs,	HitRun,	IsAttachmentsMailed,	IsDeleted,	IsHighwayRelated,	IsTowAway,	JudicialDistrict,	MotorVehicleInvolvedWithCode,	MotorVehicleInvolvedWithDesc,MotorVehicleInvolvedWithOtherDesc,	NumberInjured,	NumberKilled,Weather 1, Weather 2, Road Condition 1, Road Condition 2, Special Condition,LightingCode, LightingDescription,Latitude,Longitude,MilepostDirection,MilepostDistance,MilepostMarker,MilepostUnitOfMeasure,	PedestrianActionCode,PedestrianActionDesc,PreparedDate,	Primary Collision Factor Code,Primary Collision Factor Violation,PrimaryCollisionFactorIsCited,	PrimaryCollisionPartyNumber,	PrimaryRoad,	ReportingDistrict,	ReportingDistrictCode,ReviewedDate,	RoadwaySurfaceCode,SecondaryDirection,	SecondaryDistance,	SecondaryRoad,	SecondaryUnitOfMeasure,	SketchDesc,	TrafficControlDeviceCode,CreatedDate,	ModifiedDate,IsCountyRoad,IsFreeway,CHP555Version,	IsAdditonalObjectStruck,NotificationDate,	NotificationTimeDescription,	HasDigitalMediaFiles,	EvidenceNumber,	IsLocationReferToNarrative,	IsAOIOneSameAsLocation
541270,9340-2017-16459,1,False,9340,8/28/2017 9:00:00 AM,900,120,1368,4313,San Jose,43,True,True,C,REAR END,,Monday,NotApplicable,False,,,False,True,True,Santa Clara Superior,C,OTHER MOTOR VEHICLE,,0,0,CLEAR,, NO UNUSUAL CONDITIONS,, ,A,DAYLIGHT,37.21809,-121.53766,,,,,A,NO PEDESTRIANS INVOLVED,8/28/2017 12:00:00 AM,A,22350,False,1.0,US101 N/B,,,9/6/2017 6:15:35 AM,A,S,1550.0,I-880,F,,D,9/6/2017 6:16:40 AM,9/6/2017 6:16:40 AM,,True,2,,,,,,,
541267,9340-2017-16458,1,False,9340,8/28/2017 7:30:00 AM,730,110,1368,4313,San Jose,43,True,True,C,REAR END,,Monday,Yes,False,,,False,True,True,Santa Clara Superior,C,OTHER MOTOR VEHICLE,,1,0,CLEAR,, NO UNUSUAL CONDITIONS,, ,A,DAYLIGHT,37.16837,-121.48458,,,,,A,NO PEDESTRIANS INVOLVED,8/28/2017 12:00:00 AM,A,22350,False,1.0,US101 N/B,,,9/6/2017 6:10:48 AM,A,S,425.0,Hellyer Ave,F,,D,9/6/2017 6:11:29 AM,9/6/2017 6:11:29 AM,,True,2,,,,,,,
541259,9340-2017-16464,1,False,9340,8/28/2017 8:25:00 AM,825,281,1368,4313,San Jose,43,True,True,B,SIDE SWIPE,,Monday,NotApplicable,False,,,False,True,False,Santa Clara Superior,C,OTHER MOTOR VEHICLE,,0,0,CLEAR,, NO UNUSUAL CONDITIONS,, ,A,DAYLIGHT,37.314941,-121.909305,,,,,A,NO PEDESTRIANS INVOLVED,8/28/2017 12:00:00 AM,A,21658(a),False,1.0,I-280 S/B,,,9/6/2017 5:56:43 AM,A,S,1000.0,Race St,F,,D,9/6/2017 5:57:13 AM,9/6/2017 5:57:13 AM,,True,2,,,,,,,
541256,9340-2017-16582,1,False,9340,8/28/2017 7:45:00 AM,745,281,1368,4313,San Jose,43,True,True,C,REAR END,,Monday,NotApplicable,False,,,False,True,False,Santa Clara Superior,C,OTHER MOTOR VEHICLE,,1,0,CLEAR,, NO UNUSUAL CONDITIONS,, ,A,DAYLIGHT,37.3351,-121.8596,,,,,A,NO PEDESTRIANS INVOLVED,8/28/2017 12:00:00 AM,A,22350,False,1.0,I-280 NORTHBOUND,,,9/6/2017 5:53:47 AM,A,N,750.0,McLaughlin Ave,F,,D,9/6/2017 5:54:20 AM,9/6/2017 5:54:20 AM,,True,2,,,,,,,
541253,9340-2017-16583,1,False,9340,8/28/2017 8:00:00 AM,800,281,1368,4313,San Jose,43,True,True,C,REAR END,,Monday,NotApplicable,False,,,False,True,True,Santa Clara Superior,C,OTHER MOTOR VEHICLE,,1,0,CLEAR,, NO UNUSUAL CONDITIONS,, ,A,DAYLIGHT,37.3286,-121.8737,,,,,A,NO PEDESTRIANS INVOLVED,8/28/2017 12:00:00 AM,A,22350,False,1.0,I-280 NORTHBOUND FROM 10TH ST,,,9/6/2017 5:50:16 AM,A,N,430.0,10th St,F,,D,9/6/2017 5:50:51 AM,9/6/2017 5:50:51 AM,,True,2,,,,,,,
540823,9340-2017-16454,1,False,9340,8/28/2017 6:20:00 AM,620,087,1368,4313,San Jose,43,True,True,B,SIDE SWIPE,,Monday,NotApplicable,False,M,,False,True,False,Santa Clara Superior,C,OTHER MOTOR VEHICLE,,0,0,CLEAR,, NO UNUSUAL CONDITIONS,, ,B,DUSK-DAWN,37.30295,-121.87724,,,,,A,NO PEDESTRIANS INVOLVED,8/28/2017 12:00:00 AM,A,22107,False,1.0,SR-87 N/B from Almaden Expy,,,9/5/2017 1:35:26 PM,A,N,200.0,Almaden Expy,F,,D,9/5/2017 1:36:50 PM,9/5/2017 1:36:50 PM,,True,2,,,,,,,
540816,9340-2017-16474,1,False,9340,8/28/2017 6:40:00 PM,1840,681,1368,4313,San Jose,43,True,True,B,SIDE SWIPE,,Monday,NotApplicable,False,M,,False,True,False,Santa Clara Superior,C,OTHER MOTOR VEHICLE,,0,0,CLEAR,, NO UNUSUAL CONDITIONS,, ,A,DAYLIGHT,34.34937,-121.83887,,,,,A,NO PEDESTRIANS INVOLVED,8/28/2017 12:00:00 AM,A,21658(a),False,1.0,I-680 N/B,,,9/5/2017 1:33:36 PM,A,S,1030.0,S. Jackson Ave,F,,D,9/5/2017 1:34:25 PM,9/5/2017 1:34:25 PM,,True,2,,,,,,,
540762,9340-2017-16466,1,False,9340,8/28/2017 9:10:00 AM,910,088,1368,4313,San Jose,43,True,True,C,REAR END,,Monday,NotApplicable,False,,,False,True,False,Santa Clara Superior,C,OTHER MOTOR VEHICLE,,0,0,CLEAR,, NO UNUSUAL CONDITIONS,, ,A,DAYLIGHT,37.3258,-121.9408,,,,,A,NO PEDESTRIANS INVOLVED,8/28/2017 12:00:00 AM,A,22350,False,1.0,I-880 S/B,,,9/5/2017 1:07:40 PM,A,N,600.0,Stevens Creek Blvd,F,,D,9/5/2017 1:08:10 PM,9/5/2017 1:08:10 PM,,True,2,,,,,,,
540742,9340-2017-16426,1,False,9340,8/25/2017 8:37:00 PM,2037,240,1368,4313,San Jose,43,True,True,E,HIT OBJECT,,Friday,Yes,False,,,False,True,True,Santa Clara Superior,I,FIXED OBJECT,GUARD RAIL,0,0,CLEAR,, NO UNUSUAL CONDITIONS,, ,D,DARK-NO STREET LIGHTS,37.41918,-121.945654,,,,,A,NO PEDESTRIANS INVOLVED,8/25/2017 12:00:00 AM,A,23152(a),True,1.0,SR-237 E/B,,,9/5/2017 12:58:30 PM,A,W,1750.0,ZANKER RD O/C,F,,D,9/5/2017 12:59:09 PM,9/5/2017 12:59:09 PM,,True,2,,,,,,,
540693,9340-2017-16479,1,False,9340,8/28/2017 3:25:00 PM,1525,089,1368,4313,San Jose,43,True,True,C,REAR END,,Monday,NotApplicable,False,M,,False,True,False,Santa Clara Superior,C,OTHER MOTOR VEHICLE,,0,0,CLEAR,, NO UNUSUAL CONDITIONS,, ,A,DAYLIGHT,37.384843,-121.905201,,,,,A,NO PEDESTRIANS INVOLVED,8/28/2017 12:00:00 AM,A,22350,False,1.0,I-880 S/B,,,9/5/2017 12:35:57 PM,A,N,900.0,Brokaw Rd,F,,D,9/5/2017 12:36:27 PM,9/5/2017 12:36:27 PM,,True,2,,,,,,,
540684,9340-2017-16470,1,False,9340,8/28/2017 6:35:00 PM,1835,230,1368,4313,San Jose,43,True,True,C,REAR END,,Monday,NotApplicable,False,M,,False,True,False,Santa Clara Superior,C,OTHER MOTOR VEHICLE,,0,0,CLEAR,, NO UNUSUAL CONDITIONS,, ,A,DAYLIGHT,37.41899,-121.96229,,,,,A,NO PEDESTRIANS INVOLVED,8/28/2017 12:00:00 AM,A,22350,False,1.0,SR-237 E/B,,,9/5/2017 12:27:57 PM,A,W,800.0,N. First St.,F,,D,9/5/2017 12:28:26 PM,9/5/2017 12:28:26 PM,,True,2,,,,,,,
540668,9340-2017-16478,1,False,9340,8/28/2017 5:45:00 PM,1745,281,1368,4313,San Jose,43,True,True,C,REAR END,,Monday,NotApplicable,False,,,False,True,True,Santa Clara Superior,C,OTHER MOTOR VEHICLE,,0,0,CLEAR,, NO UNUSUAL CONDITIONS,, ,A,DAYLIGHT,37.897897,-121.689798,,,,,A,NO PEDESTRIANS INVOLVED,8/28/2017 12:00:00 AM,A,22350,False,1.0,I-280 S/B,,,9/5/2017 12:18:51 PM,A,N,150.0,Bascom Ave,F,,D,9/5/2017 12:19:59 PM,9/5/2017 12:19:59 PM,,True,2,,,,,,,
540666,9340-2017-16465,1,False,9340,8/28/2017 8:14:00 AM,814,083,1368,4313,San Jose,43,True,True,E,HIT OBJECT,,Monday,Yes,False,,,False,True,True,Santa Clara Superior,I,FIXED OBJECT,CONCRETE K-RAIL,1,0,CLEAR,, NO UNUSUAL CONDITIONS,, ,A,DAYLIGHT,37.2435,-121.8164,,,,,A,NO PEDESTRIANS INVOLVED,8/28/2017 12:00:00 AM,A,22107,False,1.0,SR-85 N/B,,,9/5/2017 12:17:18 PM,A,N,1800.0,Cottle Rd,F,,D,9/5/2017 12:18:02 PM,9/5/2017 12:18:02 PM,,True,2,,,,,,,
540651,9340-2017-16449,1,False,9340,8/27/2017 10:30:00 PM,2230,110,1368,4313,San Jose,43,True,True,C,REAR END,,Sunday,NotApplicable,False,,,False,True,True,Santa Clara Superior,C,OTHER MOTOR VEHICLE,,0,0,CLEAR,, NO UNUSUAL CONDITIONS,, ,D,DARK-NO STREET LIGHTS,37.32932,-121.84152,,,,,A,NO PEDESTRIANS INVOLVED,8/27/2017 12:00:00 AM,A,22350,False,1.0,US101 N/B,,,9/5/2017 12:10:48 PM,A,S,2000.0,I-680,F,,D,9/5/2017 12:11:27 PM,9/5/2017 12:11:27 PM,,True,2,,,,,,,
540551,9340-2017-16453,1,False,9340,8/27/2017 9:00:00 PM,2100,085,1368,4313,San Jose,43,True,True,B,SIDE SWIPE,,Sunday,NotApplicable,False,M,,False,True,False,Santa Clara Superior,C,OTHER MOTOR VEHICLE,,0,0,CLEAR,, NO UNUSUAL CONDITIONS,, ,D,DARK-NO STREET LIGHTS,37.255,-121.86248,,,,,A,NO PEDESTRIANS INVOLVED,8/27/2017 12:00:00 AM,D,,,,S/B SR-85 TO N/B SR-87,,,9/5/2017 11:09:29 AM,A,S,500.0,Winfield Blvd,F,,D,9/5/2017 11:10:10 AM,9/5/2017 11:10:10 AM,,True,2,,,,,,,
540433,9725-2017-03911,1,False,9725,9/1/2017 2:00:00 AM,200,085,1368,4313,San Jose,43,True,True,E,HIT OBJECT,,Friday,NotApplicable,False,,,False,True,True,Santa Clara Superior,I,FIXED OBJECT,METAL AND WOOD GUARD RAIL,0,0,CLEAR,, NO UNUSUAL CONDITIONS,, ,D,DARK-NO STREET LIGHTS,36.2395,-121.7896,,,,,A,NO PEDESTRIANS INVOLVED,9/1/2017 12:00:00 AM,A,22107,False,1.0,STATE ROUTE 85,,,9/5/2017 10:17:17 AM,A,N,0.9,GREAT OAKS BLVD.,M,,D,9/5/2017 10:17:47 AM,9/5/2017 10:17:47 AM,,True,2,,,,,,,
540426,9340-2017-16432,1,False,9340,8/26/2017 5:25:00 PM,1725,110,1368,4313,San Jose,43,True,True,C,REAR END,,Saturday,NotApplicable,False,M,,False,True,True,Santa Clara Superior,C,OTHER MOTOR VEHICLE,,0,0,CLEAR,, NO UNUSUAL CONDITIONS,, ,A,DAYLIGHT,37.27519,-121.80495,,,,,A,NO PEDESTRIANS INVOLVED,8/26/2017 12:00:00 AM,A,22350,False,1.0,US-101 S/B,,,9/5/2017 10:14:18 AM,A,N,2546.0,Blossom Hill Rd,F,,D,9/5/2017 10:14:48 AM,9/5/2017 10:14:48 AM,,True,2,,,,,,,
540415,9340-2017-16433,1,False,9340,8/26/2017 1:40:00 PM,1340,110,1368,4313,San Jose,43,True,True,C,REAR END,,Saturday,NotApplicable,False,,,False,True,False,Santa Clara Superior,C,OTHER MOTOR VEHICLE,,0,0,CLEAR,, NO UNUSUAL CONDITIONS,, ,A,DAYLIGHT,37.36313,-121.89134,,,,,A,NO PEDESTRIANS INVOLVED,8/26/2017 12:00:00 AM,A,22350,False,1.0,US-101 N/B,,,9/5/2017 10:08:49 AM,A,S,20.0,OAKLAND ROAD,F,,D,9/5/2017 10:09:23 AM,9/5/2017 10:09:23 AM,,True,2,,,,,,,
540396,9340-2017-16451,1,False,9340,8/26/2017 9:20:00 AM,920,110,1368,4313,San Jose,43,True,True,B,SIDE SWIPE,,Saturday,NotApplicable,False,,,False,True,False,Santa Clara Superior,C,OTHER MOTOR VEHICLE,,1,0,CLEAR,, NO UNUSUAL CONDITIONS,, ,A,DAYLIGHT,37.344424,-121.856741,,,,,A,NO PEDESTRIANS INVOLVED,8/26/2017 12:00:00 AM,A,21658(a),False,1.0,US101 S/B,,,9/5/2017 10:00:50 AM,A,N,1500.0,I-280 N/B,F,,D,9/5/2017 10:01:25 AM,9/5/2017 10:01:25 AM,,True,2,,,,,,,
540348,9340-2017-16445,1,False,9340,8/26/2017 11:50:00 AM,1150,681,1368,4313,San Jose,43,True,True,B,SIDE SWIPE,,Saturday,NotApplicable,False,,,False,True,True,Santa Clara Superior,C,OTHER MOTOR VEHICLE,,1,0,CLEAR,, NO UNUSUAL CONDITIONS,, ,A,DAYLIGHT,37.3632,-121.84346,,,,,A,NO PEDESTRIANS INVOLVED,8/26/2017 12:00:00 AM,A,22107 VC,False,1.0,INTERSTATE 680 SOUTHBOUND,,,9/5/2017 9:33:25 AM,A,N,50.0,MADDEN AVE PED O/C,F,,D,9/5/2017 9:34:00 AM,9/5/2017 9:34:00 AM,,True,2,,,,,,,
540333,9340-2017-16434,1,False,9340,8/26/2017 5:00:00 PM,1700,110,1368,4313,San Jose,43,True,True,E,HIT OBJECT,,Saturday,NotApplicable,False,,,False,True,False,Santa Clara Superior,I,FIXED OBJECT,METERING LIGHT,0,0,CLEAR,, NO UNUSUAL CONDITIONS,, ,A,DAYLIGHT,37.2823,-121.8108,,,,,A,NO PEDESTRIANS INVOLVED,8/26/2017 12:00:00 AM,A,22106,False,1.0,US-101 SB ,,,9/5/2017 9:27:08 AM,A,N,3.0,Hellyer Ave,F,,A,9/5/2017 9:27:45 AM,9/5/2017 9:27:45 AM,,True,2,,,,,,,
540262,9340-2017-16397,1,False,9340,8/25/2017 2:00:00 AM,200,110,1368,4313,San Jose,43,True,True,C,REAR END,,Friday,Yes,False,,,False,True,True,Santa Clara Superior,C,OTHER MOTOR VEHICLE,,0,0,CLEAR,, NO UNUSUAL CONDITIONS,, ,D,DARK-NO STREET LIGHTS,37.31183,-121.825,,,,,A,NO PEDESTRIANS INVOLVED,8/25/2017 12:00:00 AM,A,23152(a),True,1.0,US101 N/B,,,9/5/2017 8:54:47 AM,A,S,500.0,Tully Rd,F,,D,9/5/2017 8:55:25 AM,9/5/2017 8:55:25 AM,,True,2,,,,,,,
540242,9340-2017-16430,1,False,9340,8/26/2017 9:45:00 AM,945,110,1368,4313,San Jose,43,True,True,C,REAR END,,Saturday,NotApplicable,False,,,False,True,True,Santa Clara Superior,C,OTHER MOTOR VEHICLE,,0,0,CLEAR,, NO UNUSUAL CONDITIONS,, ,A,DAYLIGHT,37.34387,-121.85661,,,,,A,NO PEDESTRIANS INVOLVED,8/26/2017 12:00:00 AM,A,22350,False,1.0,US101 S/B,,,9/5/2017 8:47:07 AM,A,S,850.0,San Antonio St,F,,D,9/5/2017 8:47:38 AM,9/5/2017 8:47:38 AM,,True,2,,,,,,,
540235,9340-2017-16412,1,False,9340,8/25/2017 10:35:00 AM,1035,087,1368,4313,San Jose,43,True,True,C,REAR END,,Friday,Yes,False,,,False,True,True,Santa Clara Superior,C,OTHER MOTOR VEHICLE,,1,0,CLEAR,, NO UNUSUAL CONDITIONS,, ,A,DAYLIGHT,37.3367,-121.8969,,,,,A,NO PEDESTRIANS INVOLVED,8/25/2017 12:00:00 AM,A,22350,False,1.0,SR-87 NORTHBOUND TO JULIAN STREET,,,9/5/2017 8:42:50 AM,A,S,100.0,Julian St,F,,D,9/5/2017 8:43:46 AM,9/5/2017 8:43:46 AM,,True,2,,,,,,,
540213,9340-2017-16420,1,False,9340,8/25/2017 6:55:00 PM,1855,281,1368,4313,San Jose,43,True,True,C,REAR END,,Friday,NotApplicable,False,,,False,True,True,Santa Clara Superior,C,OTHER MOTOR VEHICLE,,0,0,CLEAR,, NO UNUSUAL CONDITIONS,, ,A,DAYLIGHT,37.327429,-121.878757,,,,,A,NO PEDESTRIANS INVOLVED,8/25/2017 12:00:00 AM,A,22350,False,1.0,I-280 S/B,,,9/5/2017 8:32:37 AM,A,N,750.0,7th St,F,,D,9/5/2017 8:33:49 AM,9/5/2017 8:33:49 AM,,True,2,,,,,,,
540181,9340-2017-16427,1,False,9340,8/25/2017 2:00:00 PM,1400,681,1368,4313,San Jose,43,True,True,F,OVERTURNED,,Friday,NotApplicable,True,,,False,True,True,Santa Clara Superior,A,NON-COLLISION,,0,0,CLEAR,, NO UNUSUAL CONDITIONS,, On-Duty Emergency Vehicle,A,DAYLIGHT,37.35919,-121.83992,,,,,A,NO PEDESTRIANS INVOLVED,8/25/2017 12:00:00 AM,A,22350,False,2.0,I-680 N/B FROM ALUM ROCK AVE,,,9/5/2017 8:17:34 AM,A,S,276.0,Alum Rock Ave,F,,D,9/5/2017 8:18:13 AM,9/5/2017 8:18:13 AM,,True,2,,,,,,,
540179,9340-2017-16416,1,False,9340,8/25/2017 3:50:00 PM,1550,087,1368,4313,San Jose,43,True,True,C,REAR END,,Friday,NotApplicable,False,,,False,True,True,Santa Clara Superior,C,OTHER MOTOR VEHICLE,,0,0,CLEAR,, NO UNUSUAL CONDITIONS,, ,A,DAYLIGHT,37.3075,-121.8811,,,,,A,NO PEDESTRIANS INVOLVED,8/25/2017 12:00:00 AM,A,22350,False,1.0,SR-87 N/B,,,9/5/2017 8:16:04 AM,A,N,0.25,Almaden Expy,M,,D,9/5/2017 8:16:38 AM,9/5/2017 8:16:38 AM,,True,2,,,,,,,
540138,9340-2017-16428,1,False,9340,8/25/2017 5:15:00 PM,1715,110,1368,4313,San Jose,43,True,True,B,SIDE SWIPE,,Friday,Yes,False,,,False,True,True,Santa Clara Superior,C,OTHER MOTOR VEHICLE,,2,0,CLEAR,, NO UNUSUAL CONDITIONS,, ,A,DAYLIGHT,37.32593,-121.83857,,,,,A,NO PEDESTRIANS INVOLVED,8/25/2017 12:00:00 AM,A,21658(a),False,,US-101 N/B,,,9/5/2017 7:38:05 AM,A,N,3340.0,TULLY ROAD,F,,D,9/5/2017 7:39:52 AM,9/5/2017 7:39:52 AM,,True,2,,,,,,,
540137,9340-2017-16391,1,False,9340,8/24/2017 12:30:00 PM,1230,681,1368,4313,San Jose,43,True,True,E,HIT OBJECT,,Thursday,NotApplicable,False,,,False,True,False,Santa Clara Superior,C,OTHER MOTOR VEHICLE,,0,0,CLEAR,, NO UNUSUAL CONDITIONS,, ,A,DAYLIGHT,37.203,-121.5058,,,,,A,NO PEDESTRIANS INVOLVED,8/24/2017 12:00:00 AM,A,22107,False,1.0,SB I-680 TO SB US-101 TRANSITION RAMP,,,9/5/2017 7:38:54 AM,A,N,1500.0,US-101,F,,D,9/5/2017 7:39:30 AM,9/5/2017 7:39:30 AM,,True,2,,,,,,,
540127,9340-2017-16402,1,False,9340,8/24/2017 3:20:00 PM,1520,089,1368,4313,San Jose,43,True,True,C,REAR END,,Thursday,Yes,False,,,False,True,True,Santa Clara Superior,C,OTHER MOTOR VEHICLE,,0,0,CLEAR,, NO UNUSUAL CONDITIONS,, ,A,DAYLIGHT,37.3832,-121.9047,,,,,A,NO PEDESTRIANS INVOLVED,8/24/2017 12:00:00 AM,A,23152(a),True,1.0,I-880 S/B,,,9/5/2017 7:34:43 AM,A,N,400.0,Brokaw Rd,F,,D,9/5/2017 7:35:25 AM,9/5/2017 7:35:25 AM,,True,2,,,,,,,
539468,9340-2017-16446,1,False,9340,8/27/2017 2:45:00 PM,1445,088,1368,4313,San Jose,43,True,True,C,REAR END,,Sunday,NotApplicable,False,,,False,True,True,Santa Clara Superior,C,OTHER MOTOR VEHICLE,,0,0,CLEAR,, NO UNUSUAL CONDITIONS,, ,A,DAYLIGHT,37.36093,-121.90449,,,,,A,NO PEDESTRIANS INVOLVED,8/27/2017 12:00:00 AM,A,22350 VC,False,1.0,INTERSTATE 880 NORTHBOUND,,,9/3/2017 10:38:09 AM,A,N,400.0,FIRST STREET,F,,D,9/3/2017 10:38:44 AM,9/3/2017 10:38:44 AM,,True,2,,,,,,,
539466,9340-2017-16417,1,False,9340,8/25/2017 3:55:00 PM,1555,281,1368,4313,San Jose,43,True,True,C,REAR END,,Friday,Yes,False,,,False,True,True,Santa Clara Superior,C,OTHER MOTOR VEHICLE,,3,0,CLEAR,, NO UNUSUAL CONDITIONS,, ,A,DAYLIGHT,37.323166,-121.897036,,,,,A,NO PEDESTRIANS INVOLVED,8/25/2017 12:00:00 AM,A,22350,False,1.0,I-280 S/B,,,9/3/2017 10:34:15 AM,A,S,500.0,Bird Ave,F,,D,9/3/2017 10:34:57 AM,9/3/2017 10:34:57 AM,,True,2,,,,,,,
539465,9340-2017-16425,1,False,9340,8/25/2017 2:24:00 PM,1424,089,1368,4313,San Jose,43,True,True,D,BROADSIDE,,Friday,NotApplicable,False,M,,False,True,False,Santa Clara Superior,C,OTHER MOTOR VEHICLE,,0,0,CLEAR,, NO UNUSUAL CONDITIONS,, ,A,DAYLIGHT,37.364495,-121.901561,,,,,A,NO PEDESTRIANS INVOLVED,8/25/2017 12:00:00 AM,A,21658(a),False,1.0,I-880 N/B,,,9/3/2017 10:23:46 AM,A,S,1000.0,OLD BAYSHORE HWY U/C,F,,D,9/3/2017 10:24:36 AM,9/3/2017 10:24:36 AM,,True,2,,,,,,,
539463,9340-2017-16421,1,False,9340,8/25/2017 8:32:00 PM,2032,110,1368,4313,San Jose,43,True,True,C,REAR END,,Friday,NotApplicable,False,,,False,True,False,Santa Clara Superior,C,OTHER MOTOR VEHICLE,,1,0,CLEAR,, NO UNUSUAL CONDITIONS,, ,E,DARK-STREET LIGHTS NOT FUNCTIONING*,37.32643,-121.83949,,,,,A,NO PEDESTRIANS INVOLVED,8/25/2017 12:00:00 AM,A,22350,False,1.0,US-101 S/B,,,9/3/2017 10:18:21 AM,A,N,3693.0,TULLY ROAD,F,,D,9/3/2017 10:18:55 AM,9/3/2017 10:18:55 AM,,True,2,,,,,,,
539461,9340-2017-16424,1,False,9340,8/25/2017 5:10:00 PM,1710,089,1368,4313,San Jose,43,True,True,C,REAR END,,Friday,Yes,False,,,False,True,True,Santa Clara Superior,C,OTHER MOTOR VEHICLE,,4,0,CLEAR,, NO UNUSUAL CONDITIONS,, ,A,DAYLIGHT,37.39969,-121.908471,,,,,A,NO PEDESTRIANS INVOLVED,8/25/2017 12:00:00 AM,A,22106,False,1.0,I-880 N/B ,,,9/3/2017 10:12:59 AM,A,S,700.0,MONTAGUE EXPY O/C,F,,D,9/3/2017 10:13:54 AM,9/3/2017 10:13:54 AM,,True,2,,,,,,,
539460,9340-2017-16394,1,False,9340,8/24/2017 5:15:00 PM,1715,110,1368,4313,San Jose,43,True,True,F,OVERTURNED,,Thursday,Yes,False,,,False,True,True,Santa Clara Superior,A,NON-COLLISION,,1,0,CLEAR,, NO UNUSUAL CONDITIONS,, ,A,DAYLIGHT,37.35429,-121.86647,,,,,A,NO PEDESTRIANS INVOLVED,8/24/2017 12:00:00 AM,A,22350,False,1.0,US-101 SB,,,9/3/2017 10:09:33 AM,A,N,36.0,McKee Rd,F,,D,9/3/2017 10:10:16 AM,9/3/2017 10:10:16 AM,,True,2,,,,,,,
539295,9340-2017-16403,1,False,9340,8/25/2017 8:45:00 AM,845,281,1368,4313,San Jose,43,True,True,C,REAR END,,Friday,NotApplicable,False,M,,False,True,False,Santa Clara Superior,C,OTHER MOTOR VEHICLE,,0,0,CLEAR,, NO UNUSUAL CONDITIONS,, ,A,DAYLIGHT,37.325742,-121.884541,,,,,A,NO PEDESTRIANS INVOLVED,8/25/2017 12:00:00 AM,A,22350,False,1.0,I-280 N/B,,,9/2/2017 11:21:26 AM,A,N,500.0,1st St,F,,D,9/2/2017 11:22:00 AM,9/2/2017 11:22:00 AM,,True,2,,,,,,,
539294,9340-2017-16423,1,False,9340,8/25/2017 7:10:00 PM,1910,282,1368,4313,San Jose,43,True,True,C,REAR END,,Friday,NotApplicable,False,,,False,True,True,Santa Clara Superior,C,OTHER MOTOR VEHICLE,,0,0,CLEAR,, NO UNUSUAL CONDITIONS,, ,A,DAYLIGHT,37.317972,-121.977692,,,,,A,NO PEDESTRIANS INVOLVED,8/25/2017 12:00:00 AM,A,22350,False,1.0,I-280 S/B,,,9/2/2017 11:12:52 AM,A,N,800.0,SARATOGA AVE O/C,F,,D,9/2/2017 11:13:21 AM,9/2/2017 11:13:21 AM,,True,2,,,,,,,
539293,9340-2017-16406,1,False,9340,8/25/2017 12:25:00 PM,1225,085,1368,4313,San Jose,43,True,True,C,REAR END,,Friday,NotApplicable,False,,,False,True,True,Santa Clara Superior,C,OTHER MOTOR VEHICLE,,1,0,CLEAR,, NO UNUSUAL CONDITIONS,, ,A,DAYLIGHT,37.15782,-121.5854,,,,,A,NO PEDESTRIANS INVOLVED,8/25/2017 12:00:00 AM,A,22350,False,1.0,SR-85 N/B,,,9/2/2017 11:09:22 AM,A,N,3600.0,Winchester Blvd,F,,D,9/2/2017 11:12:13 AM,9/2/2017 11:12:13 AM,,True,2,,,,,,,
539289,9340-2017-16413,1,False,9340,8/25/2017 6:45:00 AM,645,281,1368,4313,San Jose,43,True,True,C,REAR END,,Friday,NotApplicable,False,,,False,True,True,Santa Clara Superior,C,OTHER MOTOR VEHICLE,,0,0,CLEAR,, NO UNUSUAL CONDITIONS,, ,B,DUSK-DAWN,37.3196,-121.8903,,,,,A,NO PEDESTRIANS INVOLVED,8/25/2017 12:00:00 AM,A,22350,False,1.0,SR-87 Southbound from I-280,,,9/2/2017 10:54:59 AM,A,S,1500.0,I-280,F,,D,9/2/2017 10:55:29 AM,9/2/2017 10:55:29 AM,,True,2,,,,,,,
539287,9340-2017-16485,1,False,9340,8/24/2017 8:40:00 AM,840,282,1368,4313,San Jose,43,True,True,C,REAR END,,Thursday,Yes,False,,,False,True,False,Santa Clara Superior,C,OTHER MOTOR VEHICLE,,1,0,CLEAR,, NO UNUSUAL CONDITIONS,, ,A,DAYLIGHT,37.317073,-121.926233,,,,,A,NO PEDESTRIANS INVOLVED,8/24/2017 12:00:00 AM,A,21658(a),False,1.0,I-280 N/B,,,9/2/2017 10:52:53 AM,A,S,250.0,Leland Avenue,F,,D,9/2/2017 10:53:35 AM,9/2/2017 10:53:35 AM,,True,2,,,,,,,
539285,9340-2017-16409,1,False,9340,8/24/2017 7:00:00 AM,700,282,1368,4313,San Jose,43,True,True,C,REAR END,,Thursday,NotApplicable,False,,,False,True,True,Santa Clara Superior,C,OTHER MOTOR VEHICLE,,1,0,CLEAR,, NO UNUSUAL CONDITIONS,, ,A,DAYLIGHT,37.316289,-121.959958,,,,,A,NO PEDESTRIANS INVOLVED,8/24/2017 12:00:00 AM,A,22350,False,2.0,I-280 N/B,,,9/2/2017 10:47:19 AM,A,N,200.0,Cypress Ave Ped o/c,F,,D,9/2/2017 10:48:01 AM,9/2/2017 10:48:01 AM,,True,2,,,,,,,