Collision Id,	Report Number,	Report Version,	Is Preliminary,	NCIC Code,Crash Date Time,	Crash Time Description,	Beat,City Id,	City Code,	City Name,County Code,	City Is Active,	City Is Incorporated,	Collision Type Code,Collision Type Description,	Collision Type Other Desc,	Day Of Week,	DispatchNotified,	HasPhotographs,	HitRun,	IsAttachmentsMailed,	IsDeleted,	IsHighwayRelated,	IsTowAway,	JudicialDistrict,	MotorVehicleInvolvedWithCode,	MotorVehicleInvolvedWithDesc,MotorVehicleInvolvedWithOtherDesc,	NumberInjured,	NumberKilled,Weather 1, Weather 2, Road Condition 1, Road Condition 2, Special Condition,LightingCode, LightingDescription,Latitude,Longitude,MilepostDirection,MilepostDistance,MilepostMarker,MilepostUnitOfMeasure,	PedestrianActionCode,PedestrianActionDesc,PreparedDate,	Primary Collision Factor Code,Primary Collision Factor Violation,PrimaryCollisionFactorIsCited,	PrimaryCollisionPartyNumber,	PrimaryRoad,	ReportingDistrict,	ReportingDistrictCode,ReviewedDate,	RoadwaySurfaceCode,SecondaryDirection,	SecondaryDistance,	SecondaryRoad,	SecondaryUnitOfMeasure,	SketchDesc,	TrafficControlDeviceCode,CreatedDate,	ModifiedDate,IsCountyRoad,IsFreeway,CHP555Version,	IsAdditonalObjectStruck,NotificationDate,	NotificationTimeDescription,	HasDigitalMediaFiles,	EvidenceNumber,	IsLocationReferToNarrative,	IsAOIOneSameAsLocation
562726,9340-2017-17078,1,False,9340,9/27/2017 6:55:00 AM,655,681,1368,4313,San Jose,43,True,True,C,REAR END,,Wednesday,NotApplicable,False,,,False,True,True,Santa Clara Superior,C,OTHER MOTOR VEHICLE,,1,0,CLEAR,, NO UNUSUAL CONDITIONS,, ,A,DAYLIGHT,37.34448,-121.845143,,,,,A,NO PEDESTRIANS INVOLVED,9/27/2017 12:00:00 AM,A,22350,False,1.0,I-680 S/B,,,10/4/2017 9:33:17 AM,A,N,645.0,King Rd,F,REFER TO PG. #4,D,10/4/2017 9:33:44 AM,10/4/2017 9:33:44 AM,,True,2,,,,,,,
562554,9340-2017-17167,1,False,9340,9/27/2017 2:15:00 PM,1415,281,1368,4313,San Jose,43,True,True,E,HIT OBJECT,,Wednesday,Yes,False,,,False,True,True,Santa Clara Superior,I,FIXED OBJECT,GUARDRAIL,1,0,CLEAR,, NO UNUSUAL CONDITIONS,, ,A,DAYLIGHT,37.98098,-121.908098,,,,,A,NO PEDESTRIANS INVOLVED,9/27/2017 12:00:00 AM,A,23152(a),True,1.0,I-280 S/B,,,10/4/2017 7:55:20 AM,A,N,350.0,10th St,F,,D,10/4/2017 7:56:02 AM,10/4/2017 7:56:02 AM,,True,2,,,,,,,
562550,9340-2017-17014,1,False,9340,9/23/2017 12:30:00 PM,1230,281,1368,4313,San Jose,43,True,True,B,SIDE SWIPE,,Saturday,NotApplicable,False,,,False,True,False,Santa Clara Superior,C,OTHER MOTOR VEHICLE,,0,0,CLEAR,, NO UNUSUAL CONDITIONS,, ,A,DAYLIGHT,37.3295,-121.8687,,,,,A,NO PEDESTRIANS INVOLVED,9/23/2017 12:00:00 AM,A,22107,False,1.0,I-280 NORTHBOUND,,,10/4/2017 7:52:13 AM,A,S,700.0,11th St,F,,D,10/4/2017 7:52:51 AM,10/4/2017 7:52:51 AM,,True,2,,,,,,,
562493,9340-2017-17071,1,False,9340,9/27/2017 9:40:00 AM,940,085,1368,4313,San Jose,43,True,True,C,REAR END,,Wednesday,NotApplicable,False,,,False,True,False,Santa Clara Superior,C,OTHER MOTOR VEHICLE,,0,0,CLEAR,, NO UNUSUAL CONDITIONS,, ,A,DAYLIGHT,37.259475,-121.967018,,,,,A,NO PEDESTRIANS INVOLVED,9/27/2017 12:00:00 AM,A,22350,False,2.0,SR-85 N/B,,,10/4/2017 6:56:08 AM,A,N,522.0,Winchester Blvd,F,,D,10/4/2017 6:56:39 AM,10/4/2017 6:56:39 AM,,True,2,,,,,,,
562479,9340-2017-17063,2,False,9340,9/26/2017 3:30:00 PM,1530,681,1368,4313,San Jose,43,True,True,D,BROADSIDE,,Tuesday,NotApplicable,False,,,False,True,False,Santa Clara Superior,C,OTHER MOTOR VEHICLE,,0,0,CLEAR,, NO UNUSUAL CONDITIONS,, ,A,DAYLIGHT,37.3618,-121.842546,,,,,A,NO PEDESTRIANS INVOLVED,9/26/2017 12:00:00 AM,A,21658(a),False,1.0,I-680 S/B,,,2/5/2018 2:05:05 PM,A,N,1000.0,Alum Rock Ave,F,,D,10/4/2017 6:46:59 AM,2/5/2018 2:05:18 PM,,True,2,,,,,,,
562470,9340-2017-17066,1,False,9340,9/26/2017 4:03:00 PM,1603,282,1368,4313,San Jose,43,True,True,C,REAR END,,Tuesday,NotApplicable,False,,,False,True,False,Santa Clara Superior,C,OTHER MOTOR VEHICLE,,0,0,CLEAR,, NO UNUSUAL CONDITIONS,, ,A,DAYLIGHT,37.31693,-121.972965,,,,,A,NO PEDESTRIANS INVOLVED,9/26/2017 12:00:00 AM,A,22350,False,1.0,I-280 N/B TO SARATOGA AVE,,,10/4/2017 6:38:36 AM,A,S,500.0,SARATOGA AVE O/C,F,,D,10/4/2017 6:39:10 AM,10/4/2017 6:39:10 AM,,True,2,,,,,,,
562465,9340-2017-17059,1,False,9340,9/26/2017 7:45:00 AM,745,120,1368,4313,San Jose,43,True,True,B,SIDE SWIPE,,Tuesday,NotApplicable,False,,,False,True,False,Santa Clara Superior,C,OTHER MOTOR VEHICLE,,0,0,CLEAR,, NO UNUSUAL CONDITIONS,, ,A,DAYLIGHT,37.377147,-121.942784,,,,,A,NO PEDESTRIANS INVOLVED,9/26/2017 12:00:00 AM,A,21658(a),False,1.0,US-101 N/B,,,10/4/2017 6:31:08 AM,A,N,50.0,De la Cruz Blvd,F,,D,10/4/2017 6:31:41 AM,10/4/2017 6:31:41 AM,,True,2,,,,,,,
562441,9340-2017-17053,1,False,9340,9/26/2017 9:50:00 AM,950,520,1368,4313,San Jose,43,True,True,C,REAR END,,Tuesday,NotApplicable,False,,,False,False,False,Santa Clara Superior,C,OTHER MOTOR VEHICLE,,1,0,CLEAR,, NO UNUSUAL CONDITIONS,, ,A,DAYLIGHT,37.3161,-121.96414,,,,,A,NO PEDESTRIANS INVOLVED,9/26/2017 12:00:00 AM,A,22350,False,1.0,San Tomas Expy,,,10/4/2017 5:47:06 AM,A,N,20.0,Moorpark Ave,F,,A,10/4/2017 5:47:50 AM,10/4/2017 5:47:50 AM,True,,2,,,,,,,
562029,9340-2017-17068,1,False,9340,9/26/2017 6:20:00 PM,1820,088,1368,4313,San Jose,43,True,True,C,REAR END,,Tuesday,NotApplicable,False,,,False,True,True,Santa Clara Superior,C,OTHER MOTOR VEHICLE,,0,0,CLEAR,, NO UNUSUAL CONDITIONS,, ,A,DAYLIGHT,37.363873,-121.902111,,,,,A,NO PEDESTRIANS INVOLVED,9/26/2017 12:00:00 AM,A,22350,False,1.0,I-880 S/B,,,10/3/2017 1:08:30 PM,A,S,30.0,US101 S/B,F,,D,10/3/2017 1:09:15 PM,10/3/2017 1:09:15 PM,,True,2,,,,,,,
562006,9340-2017-17098,1,False,9340,9/26/2017 9:20:00 AM,920,281,1368,4313,San Jose,43,True,True,C,REAR END,,Tuesday,NotApplicable,False,M,,False,True,False,Santa Clara Superior,C,OTHER MOTOR VEHICLE,,0,0,CLEAR,, NO UNUSUAL CONDITIONS,, Counter Report,A,DAYLIGHT,37.3339,-121.0613,,,,,A,NO PEDESTRIANS INVOLVED,9/26/2017 12:00:00 AM,A,21658(a),False,1.0,I-280 N/B,,,10/3/2017 12:54:47 PM,A,S,1500.0,10th St,F,,D,10/3/2017 12:55:29 PM,10/3/2017 12:55:29 PM,,True,2,,,,,,,
561970,9340-2017-17057,1,False,9340,9/26/2017 7:25:00 AM,725,281,1368,4313,San Jose,43,True,True,C,REAR END,,Tuesday,NotApplicable,False,M,,False,True,True,Santa Clara Superior,C,OTHER MOTOR VEHICLE,,0,0,CLEAR,, NO UNUSUAL CONDITIONS,, ,A,DAYLIGHT,37.3319,-121.8645,,,,,A,NO PEDESTRIANS INVOLVED,9/26/2017 12:00:00 AM,A,22350,False,1.0,I-280 N/B,,,10/3/2017 12:23:14 PM,A,N,2000.0,McLaughlin Ave,F,,D,10/3/2017 12:23:54 PM,10/3/2017 12:23:54 PM,,True,2,,,,,,,
561957,9340-2017-17056,1,False,9340,9/26/2017 8:20:00 AM,820,681,1368,4313,San Jose,43,True,True,B,SIDE SWIPE,,Tuesday,NotApplicable,False,,,False,True,False,Santa Clara Superior,C,OTHER MOTOR VEHICLE,,0,0,CLEAR,, NO UNUSUAL CONDITIONS,, ,A,DAYLIGHT,37.347364,-121.841562,,,,,A,NO PEDESTRIANS INVOLVED,9/26/2017 12:00:00 AM,A,21658(a),False,1.0,I-680 S/B,,,10/3/2017 12:10:04 PM,A,S,585.0,JACKSON AVE.,F,REFER TO PG. #4,D,10/3/2017 12:10:35 PM,10/3/2017 12:10:35 PM,,True,2,,,,,,,
561789,9340-2017-17055,1,False,9340,9/26/2017 9:30:00 AM,930,110,1368,4313,San Jose,43,True,True,C,REAR END,,Tuesday,NotApplicable,False,,,False,True,False,Santa Clara Superior,C,OTHER MOTOR VEHICLE,,0,0,CLEAR,, NO UNUSUAL CONDITIONS,, ,A,DAYLIGHT,37.312312,-121.825348,,,,,A,NO PEDESTRIANS INVOLVED,9/26/2017 12:00:00 AM,A,22350,False,1.0,US101 N/B,,,10/3/2017 10:04:06 AM,A,S,0.4,Tully Rd,M,,D,10/3/2017 10:05:47 AM,10/3/2017 10:05:47 AM,,True,2,,,,,,,
561775,9340-2017-17048,1,False,9340,9/25/2017 4:00:00 PM,1600,681,1368,4313,San Jose,43,True,True,B,SIDE SWIPE,,Monday,NotApplicable,False,,,False,True,False,Santa Clara Superior,C,OTHER MOTOR VEHICLE,,0,0,CLEAR,, NO UNUSUAL CONDITIONS,, ,A,DAYLIGHT,37.36818,-121.8469,,,,,A,NO PEDESTRIANS INVOLVED,9/25/2017 12:00:00 AM,A,21658(a),False,1.0,I-680 S/B,,,10/3/2017 9:52:10 AM,A,S,200.0,McKee Rd,F,,D,10/3/2017 9:52:43 AM,10/3/2017 9:52:43 AM,,True,2,,,,,,,
561735,9340-2017-17016,1,False,9340,9/24/2017 6:40:00 AM,640,110,1368,4313,San Jose,43,True,True,B,SIDE SWIPE,,Sunday,NotApplicable,False,,,False,True,False,Santa Clara Superior,C,OTHER MOTOR VEHICLE,,0,0,CLEAR,, NO UNUSUAL CONDITIONS,, ,A,DAYLIGHT,37.3436,-121.8555,,,,,A,NO PEDESTRIANS INVOLVED,9/24/2017 12:00:00 AM,A,22107,False,1.0,US-101 NORTHBOUND,,,10/3/2017 9:08:47 AM,A,N,1750.0,I-280,F,,D,10/3/2017 9:09:22 AM,10/3/2017 9:09:22 AM,,True,2,,,,,,,
561600,9340-2017-17037,1,False,9340,9/25/2017 9:00:00 AM,900,120,1368,4313,San Jose,43,True,True,F,OVERTURNED,,Monday,Yes,False,,,False,True,True,Santa Clara Superior,A,NON-COLLISION,,1,0,CLEAR,, NO UNUSUAL CONDITIONS,, ,A,DAYLIGHT,37.23021,-121.58216,,,,,A,NO PEDESTRIANS INVOLVED,9/25/2017 12:00:00 AM,A,22107,False,1.0,US101 S/B,,,10/3/2017 7:22:27 AM,A,N,1972.0,Montague Expy,F,,D,10/3/2017 7:23:13 AM,10/3/2017 7:23:13 AM,,True,2,,,,,,,
561596,9340-2017-17018,2,False,9340,9/24/2017 12:27:00 PM,1227,087,1368,4313,San Jose,43,True,True,C,REAR END,,Sunday,Yes,False,,,False,True,True,Santa Clara Superior,C,OTHER MOTOR VEHICLE,,1,0,CLEAR,, HOLES- DEEPRUT*,, ,A,DAYLIGHT,37.31909,-121.89027,,,,,A,NO PEDESTRIANS INVOLVED,9/24/2017 12:00:00 AM,A,22350,False,1.0,SR-87 S/B,,,2/17/2018 12:56:44 PM,A,S,280.0,West Virginia St,F,,D,10/3/2017 7:17:51 AM,2/17/2018 12:56:58 PM,,True,2,,,,,,,
561595,9340-2017-17001,2,False,9340,9/22/2017 11:19:00 PM,2319,172,1368,4313,San Jose,43,True,True,B,SIDE SWIPE,,Friday,Yes,False,,,False,True,False,Santa Clara Superior,C,OTHER MOTOR VEHICLE,,0,0,CLEAR,, NO UNUSUAL CONDITIONS,, ,D,DARK-NO STREET LIGHTS,37.276923,-121.945819,,,,,A,NO PEDESTRIANS INVOLVED,9/22/2017 12:00:00 AM,A,22107,False,,SR-17 N/B,,,1/24/2018 12:40:09 PM,A,N,1000.0,Camden Ave,F,,D,10/3/2017 7:17:26 AM,1/24/2018 12:40:20 PM,,True,2,,,,,,,
561582,9340-2017-16988,1,False,9340,9/23/2017 5:35:00 AM,535,083,1368,4313,San Jose,43,True,True,C,REAR END,,Saturday,Yes,False,,,False,True,True,Santa Clara Superior,C,OTHER MOTOR VEHICLE,,3,0,CLEAR,, NO UNUSUAL CONDITIONS,, ,C,DARK-STREET LIGHTS,37.24711,-121.82977,,,,,A,NO PEDESTRIANS INVOLVED,9/23/2017 12:00:00 AM,A,22350,False,1.0,SR-85 S/B,,,10/3/2017 7:02:52 AM,A,S,2310.0,Blossom Hill Rd,F,,D,10/3/2017 7:03:38 AM,10/3/2017 7:03:38 AM,,True,2,,,,,,,
561297,9340-2017-17050,1,False,9340,9/25/2017 9:05:00 PM,2105,083,1368,4313,San Jose,43,True,True,B,SIDE SWIPE,,Monday,NotApplicable,False,M,,False,True,False,Santa Clara Superior,C,OTHER MOTOR VEHICLE,,0,0,CLEAR,, NO UNUSUAL CONDITIONS,, ,D,DARK-NO STREET LIGHTS,37.243,-121.8032,,,,,A,NO PEDESTRIANS INVOLVED,9/25/2017 12:00:00 AM,A,22107,False,1.0, SR-85 N/B from Cottle E/B,,,10/2/2017 2:03:01 PM,A,S,200.0,Cottle Rd,F,,D,10/2/2017 2:03:40 PM,10/2/2017 2:03:40 PM,,True,2,,,,,,,
561199,9340-2017-17044,1,False,9340,9/25/2017 4:15:00 PM,1615,087,1368,4313,San Jose,43,True,True,C,REAR END,,Monday,NotApplicable,False,,,False,True,True,Santa Clara Superior,C,OTHER MOTOR VEHICLE,,0,0,CLEAR,, NO UNUSUAL CONDITIONS,, ,A,DAYLIGHT,37.909809,-121.909809,,,,,A,NO PEDESTRIANS INVOLVED,9/25/2017 12:00:00 AM,A,22350,False,1.0,SR-87 TO I-280,,,10/2/2017 12:56:00 PM,A,S,750.0,I-280,F,,D,10/2/2017 12:57:25 PM,10/2/2017 12:57:25 PM,,True,2,,,,,,,
561180,9340-2017-17040,1,False,9340,9/25/2017 9:40:00 AM,940,110,1368,4313,San Jose,43,True,True,B,SIDE SWIPE,,Monday,NotApplicable,False,,,False,True,False,Santa Clara Superior,C,OTHER MOTOR VEHICLE,,0,0,CLEAR,, NO UNUSUAL CONDITIONS,, ,A,DAYLIGHT,37.355056,-121.866801,,,,,A,NO PEDESTRIANS INVOLVED,9/25/2017 12:00:00 AM,D,,,,US101 N/B,,,10/2/2017 12:43:36 PM,A,N,100.0,McKee Rd,F,,D,10/2/2017 12:44:17 PM,10/2/2017 12:44:17 PM,,True,2,,,,,,,
561175,9340-2017-17038,1,False,9340,9/25/2017 8:10:00 AM,810,110,1368,4313,San Jose,43,True,True,C,REAR END,,Monday,NotApplicable,False,,,False,True,False,Santa Clara Superior,C,OTHER MOTOR VEHICLE,,0,0,CLEAR,, NO UNUSUAL CONDITIONS,, ,A,DAYLIGHT,37.286627,-121.809173,,,,,A,NO PEDESTRIANS INVOLVED,9/25/2017 12:00:00 AM,A,22350,False,1.0,US101 N/B,,,10/2/2017 12:38:46 PM,A,N,1000.0,Hellyer Ave,F,,D,10/2/2017 12:39:17 PM,10/2/2017 12:39:17 PM,,True,2,,,,,,,
561146,9340-2017-17026,1,False,9340,9/24/2017 9:00:00 PM,2100,110,1368,4313,San Jose,43,True,True,C,REAR END,,Sunday,Yes,False,,,False,True,True,Santa Clara Superior,C,OTHER MOTOR VEHICLE,,2,0,CLEAR,, NO UNUSUAL CONDITIONS,, ,C,DARK-STREET LIGHTS,37.32548,-121.83794,,,,,A,NO PEDESTRIANS INVOLVED,9/24/2017 12:00:00 AM,A,22350,False,1.0,US101 N/B,,,10/2/2017 12:05:11 PM,A,N,1500.0,Tully Rd,F,,D,10/2/2017 12:05:55 PM,10/2/2017 12:05:55 PM,,True,2,,,,,,,
560946,9340-2017-16983,1,False,9340,9/22/2017 3:50:00 PM,1550,281,1368,4313,San Jose,43,True,True,C,REAR END,,Friday,NotApplicable,False,,,False,True,False,Santa Clara Superior,C,OTHER MOTOR VEHICLE,,0,0,CLEAR,, NO UNUSUAL CONDITIONS,, ,A,DAYLIGHT,37.31496,-121.64524,,,,,A,NO PEDESTRIANS INVOLVED,9/22/2017 12:00:00 AM,A,22350,False,1.0,I-280 S/B,,,10/2/2017 9:54:50 AM,A,N,200.0,Meridian Ave,F,,D,10/2/2017 9:55:20 AM,10/2/2017 9:55:20 AM,,True,2,,,,,,,
560938,9340-2017-16987,1,False,9340,9/23/2017 5:34:00 AM,534,083,1368,4313,San Jose,43,True,True,E,HIT OBJECT,,Saturday,NotApplicable,False,,,False,True,True,Santa Clara Superior,I,FIXED OBJECT,CONCRETE BARRIER,0,0,CLEAR,, NO UNUSUAL CONDITIONS,, ,C,DARK-STREET LIGHTS,37.24741,-121.83024,,,,,A,NO PEDESTRIANS INVOLVED,9/23/2017 12:00:00 AM,A,22107,False,1.0,SR-85 S/B,,,10/2/2017 9:49:42 AM,A,S,2280.0,Blossom Hill Rd,F,,D,10/2/2017 9:50:15 AM,10/2/2017 9:50:15 AM,,True,2,,,,,,,
560936,9340-2017-16990,1,False,9340,9/22/2017 2:45:00 PM,1445,110,1368,4313,San Jose,43,True,True,B,SIDE SWIPE,,Friday,Yes,False,,,False,True,True,Santa Clara Superior,C,OTHER MOTOR VEHICLE,,1,0,CLEAR,, NO UNUSUAL CONDITIONS,, ,A,DAYLIGHT,37.3628,-121.8899,,,,,A,NO PEDESTRIANS INVOLVED,9/22/2017 12:00:00 AM,A,22350,False,1.0,US101 S/B,,,10/2/2017 9:46:07 AM,A,S,416.0,Oakland Rd,F,,D,10/2/2017 9:46:59 AM,10/2/2017 9:46:59 AM,,True,2,,,,,,,
560918,9340-2017-17041,1,False,9340,9/25/2017 6:35:00 AM,635,281,1368,4313,San Jose,43,True,True,C,REAR END,,Monday,NotApplicable,False,,,False,True,False,Santa Clara Superior,C,OTHER MOTOR VEHICLE,,0,0,CLEAR,, NO UNUSUAL CONDITIONS,, ,A,DAYLIGHT,37.3173,-121.9043,,,,,A,NO PEDESTRIANS INVOLVED,9/25/2017 12:00:00 AM,A,22350,False,1.0,I-280 N/B,,,10/2/2017 9:34:28 AM,A,N,2100.0,Bird Ave,F,,D,10/2/2017 9:35:03 AM,10/2/2017 9:35:03 AM,,True,2,,,,,,,
560849,9340-2017-16982,1,False,9340,9/22/2017 5:10:00 PM,1710,281,1368,4313,San Jose,43,True,True,C,REAR END,,Friday,NotApplicable,False,,,False,True,True,Santa Clara Superior,C,OTHER MOTOR VEHICLE,,0,0,CLEAR,, NO UNUSUAL CONDITIONS,, ,A,DAYLIGHT,37.71342,-121.11893,,,,,A,NO PEDESTRIANS INVOLVED,9/22/2017 12:00:00 AM,A,22350,False,1.0,I-280 S/B,,,10/2/2017 8:57:41 AM,A,N,100.0,10TH STREET,F,,D,10/2/2017 8:58:10 AM,10/2/2017 8:58:10 AM,,True,2,,,,,,,
560823,9340-2017-17009,1,False,9340,9/23/2017 10:50:00 PM,2250,110,1368,4313,San Jose,43,True,True,B,SIDE SWIPE,,Saturday,Yes,False,,,False,True,True,Santa Clara Superior,C,OTHER MOTOR VEHICLE,,2,0,CLEAR,, NO UNUSUAL CONDITIONS,, ,D,DARK-NO STREET LIGHTS,37.32478,-121.83743,,,,,A,NO PEDESTRIANS INVOLVED,9/23/2017 12:00:00 AM,A,23152(a),True,1.0,US101 N/B,,,10/2/2017 8:44:45 AM,A,S,0.5,Story Rd,M,,D,10/2/2017 8:45:28 AM,10/2/2017 8:45:28 AM,,True,2,,,,,,,
560821,9340-2017-16991,1,False,9340,9/22/2017 4:30:00 PM,1630,110,1368,4313,San Jose,43,True,True,B,SIDE SWIPE,,Friday,Yes,False,,,False,True,True,Santa Clara Superior,C,OTHER MOTOR VEHICLE,,1,0,CLEAR,, NO UNUSUAL CONDITIONS,, ,A,DAYLIGHT,37.3625,-121.8872,,,,,A,NO PEDESTRIANS INVOLVED,9/22/2017 12:00:00 AM,A,21658(a),False,1.0,US101 S/B,,,10/2/2017 8:43:45 AM,A,S,1214.0,Oakland Rd,F,,D,10/2/2017 8:44:28 AM,10/2/2017 8:44:28 AM,,True,2,,,,,,,
560818,9340-2017-17015,1,False,9340,9/23/2017 4:00:00 PM,1600,281,1368,4313,San Jose,43,True,True,C,REAR END,,Saturday,NotApplicable,False,,,False,True,False,Santa Clara Superior,C,OTHER MOTOR VEHICLE,,0,0,CLEAR,, NO UNUSUAL CONDITIONS,, ,A,DAYLIGHT,37.32257,-121.89631,,,,,A,NO PEDESTRIANS INVOLVED,9/23/2017 12:00:00 AM,A,22350,False,1.0,I-280 S/B,,,10/2/2017 8:40:52 AM,A,N,1000.0,Bird Ave,F,,D,10/2/2017 8:41:28 AM,10/2/2017 8:41:28 AM,,True,2,,,,,,,
560756,9340-2017-16941,1,False,9340,9/21/2017 6:30:00 AM,630,120,1368,4313,San Jose,43,True,True,C,REAR END,,Thursday,NotApplicable,False,M,,False,True,False,Santa Clara Superior,C,OTHER MOTOR VEHICLE,,0,0,CLEAR,, NO UNUSUAL CONDITIONS,, ,B,DUSK-DAWN,37.376597,-121.940701,,,,,A,NO PEDESTRIANS INVOLVED,9/21/2017 12:00:00 AM,A,22350 VC,False,1.0,US-101 NORTHBOUND,,,10/2/2017 7:57:29 AM,A,S,100.0,DE LA CRUZ BOULEVARD,F,,D,10/2/2017 7:58:09 AM,10/2/2017 7:58:09 AM,,True,2,,,,,,,
560745,9340-2017-17012,1,False,9340,9/23/2017 8:15:00 PM,2015,520,1368,4313,San Jose,43,True,True,B,SIDE SWIPE,,Saturday,NotApplicable,False,M,,False,False,False,Santa Clara Superior,C,OTHER MOTOR VEHICLE,,0,0,CLEAR,, NO UNUSUAL CONDITIONS,, ,A,DAYLIGHT,37.327501,-121.9663,,,,,A,NO PEDESTRIANS INVOLVED,9/24/2017 12:00:00 AM,A,22107,False,1.0,San Tomas Expy,,,10/2/2017 7:50:12 AM,A,,,Saratoga Ave,,,A,10/2/2017 7:50:41 AM,10/2/2017 7:50:41 AM,True,,2,,,,,,,
560731,9725-2017-04087,1,False,9725,9/25/2017 3:20:00 PM,1520,015,1368,4313,San Jose,43,True,True,E,HIT OBJECT,,Monday,NotApplicable,False,,,False,True,True,San Jose Superior,I,FIXED OBJECT,Metering Light,0,0,CLEAR,, NO UNUSUAL CONDITIONS,, ,A,DAYLIGHT,37.255725,-121.794608,,,,,A,NO PEDESTRIANS INVOLVED,9/25/2017 12:00:00 AM,A,22107,False,1.0,US-101 S/B From Blossom Hill Road e/b,,,10/2/2017 7:39:55 AM,A,S,200.0,Blossom Hill Rd,F,,A,10/2/2017 7:40:25 AM,10/2/2017 7:40:25 AM,,True,2,,,,,,,
560712,9340-2017-17024,1,False,9340,9/24/2017 1:50:00 AM,150,120,1368,4313,San Jose,43,True,True,C,REAR END,,Sunday,Yes,False,,,False,True,True,Santa Clara Superior,C,OTHER MOTOR VEHICLE,,2,0,CLEAR,, NO UNUSUAL CONDITIONS,, ,D,DARK-NO STREET LIGHTS,37.37469,-121.9323,,,,,A,NO PEDESTRIANS INVOLVED,9/24/2017 12:00:00 AM,A,23152(a),True,1.0,US101 S/B,,,10/2/2017 7:28:43 AM,A,N,1900.0,SR-87,F,,D,10/2/2017 7:29:50 AM,10/2/2017 7:29:50 AM,,True,2,,,,,,,
560685,9340-2017-16973,1,False,9340,9/22/2017 8:30:00 AM,830,120,1368,4313,San Jose,43,True,True,C,REAR END,,Friday,NotApplicable,False,F,,False,True,True,Santa Clara Superior,C,OTHER MOTOR VEHICLE,,1,0,CLEAR,, NO UNUSUAL CONDITIONS,, ,A,DAYLIGHT,37.375057,-121.934036,,,,,A,NO PEDESTRIANS INVOLVED,9/22/2017 12:00:00 AM,A,21658(A) VC,False,1.0,US-101 SOUTHBOUND,,,10/2/2017 7:12:27 AM,A,S,500.0,DE LA CRUZ BOULEVARD,F,,D,10/2/2017 7:13:08 AM,10/2/2017 7:13:08 AM,,True,2,,,,,,,
560631,9340-2017-16913,1,False,9340,9/20/2017 10:35:00 AM,1035,088,1368,4313,San Jose,43,True,True,B,SIDE SWIPE,,Wednesday,NotApplicable,False,,,False,True,False,Santa Clara Superior,C,OTHER MOTOR VEHICLE,,0,0,CLOUDY,, NO UNUSUAL CONDITIONS,, ,A,DAYLIGHT,37.335845,-121.934407,,,,,A,NO PEDESTRIANS INVOLVED,9/20/2017 12:00:00 AM,A,21658A,False,1.0,I-880 N/B,,,10/2/2017 6:12:47 AM,A,N,500.0,Bascom Ave,F,,D,10/2/2017 6:13:32 AM,10/2/2017 6:13:32 AM,,True,2,,,,,,,
560627,9340-2017-16932,1,False,9340,9/20/2017 5:30:00 PM,1730,087,1368,4313,San Jose,43,True,True,B,SIDE SWIPE,,Wednesday,NotApplicable,False,,,False,True,True,Santa Clara Superior,C,OTHER MOTOR VEHICLE,,1,0,CLEAR,, NO UNUSUAL CONDITIONS,, ,B,DUSK-DAWN,37.292082,-121.872216,,,,,A,NO PEDESTRIANS INVOLVED,9/20/2017 12:00:00 AM,A,21658(a),False,1.0,SR-87 S/B,,,10/2/2017 6:07:46 AM,A,S,600.0,Curtner Avenue,F,,D,10/2/2017 6:08:23 AM,10/2/2017 6:08:23 AM,,True,2,,,,,,,
560168,9340-2017-16964,1,False,9340,9/22/2017 6:40:00 AM,640,087,1368,4313,San Jose,43,True,True,E,HIT OBJECT,,Friday,Yes,False,,,False,True,True,Santa Clara Superior,I,FIXED OBJECT,wall,1,0,CLEAR,, NO UNUSUAL CONDITIONS,, ,A,DAYLIGHT,37.28423,-121.867221,,,,,A,NO PEDESTRIANS INVOLVED,9/22/2017 12:00:00 AM,A,22107,False,1.0,SR-87 N/B,,,9/29/2017 2:19:07 PM,A,N,1580.0,Capitol Expy,F,,D,9/29/2017 2:19:49 PM,9/29/2017 2:19:49 PM,,True,2,,,,,,,
560160,9340-2017-17027,1,False,9340,9/25/2017 8:55:00 AM,855,083,1368,4313,San Jose,43,True,True,C,REAR END,,Monday,NotApplicable,False,,,False,True,False,Santa Clara Superior,C,OTHER MOTOR VEHICLE,,1,0,CLEAR,, NO UNUSUAL CONDITIONS,, ,A,DAYLIGHT,37.2479,-121.8305,,,,,A,NO PEDESTRIANS INVOLVED,9/25/2017 12:00:00 AM,A,22350,False,1.0,SR-85 N/B,,,9/29/2017 2:09:19 PM,A,N,2000.0,Cottle Rd,F,,D,9/29/2017 2:15:51 PM,9/29/2017 2:15:51 PM,,True,2,,,,,,,