Collision Id,	Report Number,	Report Version,	Is Preliminary,	NCIC Code,Crash Date Time,	Crash Time Description,	Beat,City Id,	City Code,	City Name,County Code,	City Is Active,	City Is Incorporated,	Collision Type Code,Collision Type Description,	Collision Type Other Desc,	Day Of Week,	DispatchNotified,	HasPhotographs,	HitRun,	IsAttachmentsMailed,	IsDeleted,	IsHighwayRelated,	IsTowAway,	JudicialDistrict,	MotorVehicleInvolvedWithCode,	MotorVehicleInvolvedWithDesc,MotorVehicleInvolvedWithOtherDesc,	NumberInjured,	NumberKilled,Weather 1, Weather 2, Road Condition 1, Road Condition 2, Special Condition,LightingCode, LightingDescription,Latitude,Longitude,MilepostDirection,MilepostDistance,MilepostMarker,MilepostUnitOfMeasure,	PedestrianActionCode,PedestrianActionDesc,PreparedDate,	Primary Collision Factor Code,Primary Collision Factor Violation,PrimaryCollisionFactorIsCited,	PrimaryCollisionPartyNumber,	PrimaryRoad,	ReportingDistrict,	ReportingDistrictCode,ReviewedDate,	RoadwaySurfaceCode,SecondaryDirection,	SecondaryDistance,	SecondaryRoad,	SecondaryUnitOfMeasure,	SketchDesc,	TrafficControlDeviceCode,CreatedDate,	ModifiedDate,IsCountyRoad,IsFreeway,CHP555Version,	IsAdditonalObjectStruck,NotificationDate,	NotificationTimeDescription,	HasDigitalMediaFiles,	EvidenceNumber,	IsLocationReferToNarrative,	IsAOIOneSameAsLocation
572508,9340-2017-17473,1,False,9340,10/16/2017 1:10:00 PM,1310,110,1368,4313,San Jose,43,True,True,C,REAR END,,Monday,NotApplicable,False,,,False,True,True,Santa Clara Superior,C,OTHER MOTOR VEHICLE,,0,0,CLEAR,, NO UNUSUAL CONDITIONS,, ,A,DAYLIGHT,37.257649,-121.799213,,,,,A,NO PEDESTRIANS INVOLVED,10/16/2017 12:00:00 AM,C,,,, US101 S/B TRANSITION RAMP,,,10/17/2017 2:46:55 PM,A,N,35.0,BLOSSOM HILL RD.,F,,A,10/17/2017 2:47:30 PM,10/17/2017 2:47:30 PM,,True,2,,,,,,,
572504,9340-2017-17292,1,False,9340,10/6/2017 4:45:00 PM,1645,120,1368,4313,San Jose,43,True,True,C,REAR END,,Friday,NotApplicable,False,M,,False,True,False,Santa Clara Superior,C,OTHER MOTOR VEHICLE,,0,0,CLEAR,, NO UNUSUAL CONDITIONS,, ,A,DAYLIGHT,37.371763,-121.91767,,,,,A,NO PEDESTRIANS INVOLVED,10/6/2017 12:00:00 AM,A,22350,False,1.0,US101 S/B,,,10/17/2017 2:44:41 PM,A,S,100.0,Brokaw Rd,F,,D,10/17/2017 2:45:11 PM,10/17/2017 2:45:11 PM,,True,2,,,,,,,
572438,9340-2017-17413,1,False,9340,10/13/2017 8:45:00 AM,845,282,1368,4313,San Jose,43,True,True,C,REAR END,,Friday,NotApplicable,False,,,False,True,False,Santa Clara Superior,C,OTHER MOTOR VEHICLE,,0,0,CLEAR,, NO UNUSUAL CONDITIONS,, ,A,DAYLIGHT,37.19553,-121.59455,,,,,A,NO PEDESTRIANS INVOLVED,10/13/2017 12:00:00 AM,A,22350,False,1.0,I-280 N/B,,,10/17/2017 2:15:00 PM,A,S,0.6,Lawrence Expy U/C,M,,D,10/17/2017 2:15:30 PM,10/17/2017 2:15:30 PM,,True,2,,,,,,,
572433,9340-2017-17412,1,False,9340,10/13/2017 6:10:00 AM,610,110,1368,4313,San Jose,43,True,True,C,REAR END,,Friday,NotApplicable,False,,,False,True,False,Santa Clara Superior,C,OTHER MOTOR VEHICLE,,0,0,CLEAR,, NO UNUSUAL CONDITIONS,, ,B,DUSK-DAWN,37.204868,-121.513196,,,,,A,NO PEDESTRIANS INVOLVED,10/13/2017 12:00:00 AM,A,22350,False,1.0,US101 N/B,,,10/17/2017 2:13:44 PM,A,S,0.25,Alum Rock Ave,M,,D,10/17/2017 2:14:18 PM,10/17/2017 2:14:18 PM,,True,2,,,,,,,
572419,9340-2017-17400,1,False,9340,10/12/2017 8:10:00 PM,2010,085,1368,4313,San Jose,43,True,True,C,REAR END,,Thursday,NotApplicable,False,,,False,True,False,Santa Clara Superior,C,OTHER MOTOR VEHICLE,,0,0,CLEAR,, NO UNUSUAL CONDITIONS,, ,A,DAYLIGHT,37.26723,-121.98572,,,,,A,NO PEDESTRIANS INVOLVED,10/12/2017 12:00:00 AM,A,22350,False,1.0,SR-85 S/B,,,10/17/2017 2:06:52 PM,A,S,2000.0,Saratoga Ave,F,,D,10/17/2017 2:07:22 PM,10/17/2017 2:07:22 PM,,True,2,,,,,,,
572402,9340-2017-17391,1,False,9340,10/12/2017 6:20:00 AM,620,281,1368,4313,San Jose,43,True,True,B,SIDE SWIPE,,Thursday,NotApplicable,False,,,False,True,False,Santa Clara Superior,C,OTHER MOTOR VEHICLE,,0,0,CLEAR,, NO UNUSUAL CONDITIONS,, ,A,DAYLIGHT,37.32614,-121.8835,,,,,A,NO PEDESTRIANS INVOLVED,10/12/2017 12:00:00 AM,A,21658(a),False,1.0,N/B I-280,,,10/17/2017 2:01:35 PM,A,,,HWY 87,,,D,10/17/2017 2:02:07 PM,10/17/2017 2:02:07 PM,,True,2,,,,,,,
572401,9340-2017-17376,1,False,9340,10/11/2017 9:45:00 AM,945,110,1368,4313,San Jose,43,True,True,B,SIDE SWIPE,,Wednesday,NotApplicable,False,,,False,True,False,Santa Clara Superior,C,OTHER MOTOR VEHICLE,,0,0,CLEAR,, NO UNUSUAL CONDITIONS,, ,A,DAYLIGHT,37.214356,-121.525079,,,,,A,NO PEDESTRIANS INVOLVED,10/11/2017 12:00:00 AM,A,22107,False,2.0,US101 N/B,,,10/17/2017 1:59:56 PM,A,N,1425.0,Taylor St,F,,D,10/17/2017 2:00:54 PM,10/17/2017 2:00:54 PM,,True,2,,,,,,,
572384,9340-2017-17373,1,False,9340,10/11/2017 7:19:00 AM,719,088,1368,4313,San Jose,43,True,True,C,REAR END,,Wednesday,NotApplicable,False,,,False,True,True,Santa Clara Superior,C,OTHER MOTOR VEHICLE,,2,0,CLEAR,, NO UNUSUAL CONDITIONS,, ,A,DAYLIGHT,37.3332,-121.9384,,,,,A,NO PEDESTRIANS INVOLVED,10/11/2017 12:00:00 AM,A,22350,False,1.0,I-880 S/B,,,10/17/2017 1:49:54 PM,A,S,1200.0,Bascom Ave,F,,D,10/17/2017 1:50:30 PM,10/17/2017 1:50:30 PM,,True,2,,,,,,,
572256,9725-2017-04209,1,False,9725,10/13/2017 2:40:00 PM,1440,085,1368,4313,San Jose,43,True,True,C,REAR END,,Friday,NotApplicable,False,,,False,True,True,Santa Clara Superior,C,OTHER MOTOR VEHICLE,,0,0,CLEAR,, NO UNUSUAL CONDITIONS,, ,A,DAYLIGHT,37.2408,-121.7782,,,,,A,NO PEDESTRIANS INVOLVED,10/13/2017 12:00:00 AM,A,22350,False,1.0,SR-85 S/B,,,10/17/2017 12:41:32 PM,A,N,50.0,BERNAL ROAD,F,,D,10/17/2017 12:42:12 PM,10/17/2017 12:42:12 PM,,True,2,,,,,,,
571990,9340-2017-17453,2,False,9340,10/12/2017 3:20:00 PM,1520,087,1368,4313,San Jose,43,True,True,C,REAR END,,Thursday,NotApplicable,False,,,False,True,True,Santa Clara Superior,C,OTHER MOTOR VEHICLE,,1,0,CLEAR,, NO UNUSUAL CONDITIONS,, ,A,DAYLIGHT,37.989788,-121.879879,,,,,A,NO PEDESTRIANS INVOLVED,10/12/2017 12:00:00 AM,A,21658(a),False,1.0,SR-87 S/B,,,10/29/2018 11:08:47 AM,A,S,350.0,I-280,F,,D,10/17/2017 9:59:36 AM,10/29/2018 11:08:58 AM,,True,2,,,,,,,
571908,9340-2017-17371,1,False,9340,10/11/2017 6:25:00 AM,625,120,1368,4313,San Jose,43,True,True,C,REAR END,,Wednesday,NotApplicable,False,M,,False,True,False,Santa Clara Superior,C,OTHER MOTOR VEHICLE,,0,0,CLOUDY,, NO UNUSUAL CONDITIONS,, ,C,DARK-STREET LIGHTS,37.373642,-121.926971,,,,,A,NO PEDESTRIANS INVOLVED,10/11/2017 12:00:00 AM,A,21658(a),False,1.0,US101 N/B,,,10/17/2017 9:30:38 AM,A,S,105.0,SR-87 N/B,F,,D,10/17/2017 9:31:25 AM,10/17/2017 9:31:25 AM,,True,2,,,,,,,
571818,9340-2017-17408,1,False,9340,10/12/2017 10:35:00 PM,2235,087,1368,4313,San Jose,43,True,True,C,REAR END,,Thursday,NotApplicable,False,,,False,True,False,Santa Clara Superior,C,OTHER MOTOR VEHICLE,,0,0,CLEAR,, NO UNUSUAL CONDITIONS,, ,D,DARK-NO STREET LIGHTS,37.34611,-121.90337,,,,,A,NO PEDESTRIANS INVOLVED,10/12/2017 12:00:00 AM,A,22350,False,1.0,SR-87 N/B,,,10/17/2017 8:54:42 AM,A,S,500.0,Taylor Ave,F,,D,10/17/2017 8:55:17 AM,10/17/2017 8:55:17 AM,,True,2,,,,,,,
571795,9340-2017-17349,1,False,9340,10/10/2017 7:45:00 AM,745,110,1368,4313,San Jose,43,True,True,C,REAR END,,Tuesday,NotApplicable,False,,,False,True,True,Santa Clara Superior,C,OTHER MOTOR VEHICLE,,0,0,CLEAR,, NO UNUSUAL CONDITIONS,, ,A,DAYLIGHT,37.29028,-121.809882,,,,,A,NO PEDESTRIANS INVOLVED,10/10/2017 12:00:00 AM,A,22350,False,1.0,US101 S/B,,,10/17/2017 8:42:42 AM,A,S,1320.0,Yerba Buena O/C,F,,D,10/17/2017 8:43:21 AM,10/17/2017 8:43:21 AM,,True,2,,,,,,,
571773,9340-2017-17330,1,False,9340,10/9/2017 7:00:00 AM,700,083,1368,4313,San Jose,43,True,True,C,REAR END,,Monday,NotApplicable,False,,,False,True,False,Santa Clara Superior,C,OTHER MOTOR VEHICLE,,0,0,CLEAR,, NO UNUSUAL CONDITIONS,, ,A,DAYLIGHT,37.256,-121.8684,,,,,A,NO PEDESTRIANS INVOLVED,10/9/2017 12:00:00 AM,A,22350,False,1.0,SR-85 N/B,,,10/17/2017 8:30:21 AM,A,S,1000.0,Almaden Ave,F,,D,10/17/2017 8:30:52 AM,10/17/2017 8:30:52 AM,,True,2,,,,,,,
571642,9725-2017-04163,1,False,9725,10/7/2017 11:10:00 PM,2310,085,1368,4313,San Jose,43,True,True,E,HIT OBJECT,,Saturday,Yes,False,,,False,True,True,San Jose Superior,I,FIXED OBJECT,TREE,2,0,CLEAR,, NO UNUSUAL CONDITIONS,, ,D,DARK-NO STREET LIGHTS,37.23982,-121.78612,,,,,A,NO PEDESTRIANS INVOLVED,10/7/2017 12:00:00 AM,A,22107,False,1.0,SR-85 N/B,,,10/17/2017 6:29:56 AM,A,N,0.25,GREAT OAKS BLVD,M,,D,10/17/2017 6:30:39 AM,10/17/2017 6:30:39 AM,,True,2,,,,,,,
571625,9340-2017-17281,1,False,9340,10/5/2017 7:45:00 AM,745,282,1368,4313,San Jose,43,True,True,B,SIDE SWIPE,,Thursday,NotApplicable,False,,,False,True,False,Santa Clara Superior,C,OTHER MOTOR VEHICLE,,0,0,CLEAR,, NO UNUSUAL CONDITIONS,, ,A,DAYLIGHT,37.32196,-121.99746,,,,,A,NO PEDESTRIANS INVOLVED,10/5/2017 12:00:00 AM,A,22107,False,1.0,I-280 N/B,,,10/17/2017 6:10:23 AM,A,S,500.0,Stevens Creek Blvd. ,F,,D,10/17/2017 6:10:57 AM,10/17/2017 6:10:57 AM,,True,2,,,,,,,
571519,9725-2017-04125,1,False,9725,10/2/2017 11:45:00 AM,1145,015,1368,4313,San Jose,43,True,True,C,REAR END,,Monday,Yes,False,,,False,True,True,San Jose Superior,C,OTHER MOTOR VEHICLE,,2,0,CLEAR,, NO UNUSUAL CONDITIONS,, ,A,DAYLIGHT,37.2507,-121.7852,,,,,A,NO PEDESTRIANS INVOLVED,10/2/2017 12:00:00 AM,A,23152(a),True,1.0,US-101 SOUTHBOUND,,,10/16/2017 4:23:06 PM,A,S,0.8,Blossom Hill Rd,M,,D,10/16/2017 4:24:52 PM,10/16/2017 4:24:52 PM,,True,2,,,,,,,
571500,9340-2017-17347,1,False,9340,10/10/2017 7:10:00 AM,710,240,1368,4313,San Jose,43,True,True,C,REAR END,,Tuesday,NotApplicable,False,,,False,True,False,Santa Clara Superior,C,OTHER MOTOR VEHICLE,,0,0,CLEAR,, NO UNUSUAL CONDITIONS,, ,A,DAYLIGHT,37.420222,-121.940377,,,,,A,NO PEDESTRIANS INVOLVED,10/10/2017 12:00:00 AM,A,22350,False,3.0,SR-237 W/B,,,10/16/2017 3:54:41 PM,A,W,120.0,ZANKER RD.,F,,D,10/16/2017 3:55:13 PM,10/16/2017 3:55:13 PM,,True,2,,,,,,,
571450,9340-2017-17469,1,False,9340,10/15/2017 12:07:00 PM,1207,281,1368,4313,San Jose,43,True,True,E,HIT OBJECT,,Sunday,NotApplicable,False,,,False,True,True,Santa Clara Superior,I,FIXED OBJECT,concrete wall,1,0,CLEAR,, NO UNUSUAL CONDITIONS,, ,A,DAYLIGHT,37.192046,-121.56248,,,,,A,NO PEDESTRIANS INVOLVED,10/15/2017 12:00:00 AM,A,22107,False,1.0,I-280 n/b to SR 17 s/b,,,10/16/2017 3:03:53 PM,A,N,1100.0,Macarthur Ave,F,SEE PAGE # 4,D,10/16/2017 3:04:36 PM,10/16/2017 3:04:36 PM,,True,2,,,,,,,
571449,9340-2017-17291,1,False,9340,10/6/2017 1:10:00 PM,1310,901,1368,4313,San Jose,43,True,True,C,REAR END,,Friday,NotApplicable,False,,,False,False,False,Santa Clara Superior,C,OTHER MOTOR VEHICLE,,0,0,CLEAR,, NO UNUSUAL CONDITIONS,, ,A,DAYLIGHT,37.31177,-121.93173,,,,,A,NO PEDESTRIANS INVOLVED,10/6/2017 12:00:00 AM,A,22350,False,1.0,S BASCOM AVENUE,,,10/16/2017 3:03:45 PM,A,N,350.0,Fruitdale Ave,F,,D,10/16/2017 3:04:26 PM,10/16/2017 3:04:26 PM,True,,2,,,,,,,
571440,9340-2017-17470,1,False,9340,10/16/2017 5:15:00 AM,515,681,1368,4313,San Jose,43,True,True,C,REAR END,,Monday,Yes,False,,,False,True,True,Santa Clara Superior,C,OTHER MOTOR VEHICLE,,0,0,CLEAR,, NO UNUSUAL CONDITIONS,, ,B,DUSK-DAWN,37.347364,-121.841562,,,,,A,NO PEDESTRIANS INVOLVED,10/16/2017 12:00:00 AM,A,22350,False,1.0,I-680 S/B,,,10/16/2017 2:58:39 PM,A,N,550.0,KING RD.,F,REFER TO PG. #5,D,10/16/2017 2:59:17 PM,10/16/2017 2:59:17 PM,,True,2,,,,,,,
571390,9340-2017-17455,1,False,9340,10/15/2017 12:15:00 PM,1215,110,1368,4313,San Jose,43,True,True,C,REAR END,,Sunday,NotApplicable,False,,,False,True,False,Santa Clara Superior,C,OTHER MOTOR VEHICLE,,0,0,CLEAR,, NO UNUSUAL CONDITIONS,, ,A,DAYLIGHT,37.325,-121.83761,,,,,A,NO PEDESTRIANS INVOLVED,10/15/2017 12:00:00 AM,A,21658(a),False,1.0,US101 N/B,,,10/16/2017 2:25:50 PM,A,N,2920.0,Tully Rd,F,,D,10/16/2017 2:26:20 PM,10/16/2017 2:26:20 PM,,True,2,,,,,,,
571385,9340-2017-17452,1,False,9340,10/15/2017 7:30:00 AM,730,282,1368,4313,San Jose,43,True,True,B,SIDE SWIPE,,Sunday,NotApplicable,False,M,,False,True,False,Santa Clara Superior,C,OTHER MOTOR VEHICLE,,0,0,CLEAR,, NO UNUSUAL CONDITIONS,, ,A,DAYLIGHT,37.3162,-121.9514,,,,,A,NO PEDESTRIANS INVOLVED,10/15/2017 12:00:00 AM,A,22107,False,1.0,I-280 SOUTHBOUND TO WINCHESTER BLVD,,,10/16/2017 2:22:34 PM,A,N,350.0,Winchester Blvd,F,,D,10/16/2017 2:23:03 PM,10/16/2017 2:23:03 PM,,True,2,,,,,,,
571373,9340-2017-17030,1,False,9340,9/25/2017 9:00:00 AM,900,281,1368,4313,San Jose,43,True,True,C,REAR END,,Monday,Yes,False,,,False,True,True,Santa Clara Superior,C,OTHER MOTOR VEHICLE,,0,0,CLEAR,, NO UNUSUAL CONDITIONS,, ,A,DAYLIGHT,37.3173,-121.94,,,,,A,NO PEDESTRIANS INVOLVED,9/25/2017 12:00:00 AM,A,22350,False,1.0,I-280 NORTHBOUND,,,10/16/2017 2:18:30 PM,A,S,25.0,I-880,F,,D,10/16/2017 2:19:07 PM,10/16/2017 2:19:07 PM,,True,2,,,,,,,
571331,9340-2017-17433,1,False,9340,10/13/2017 4:30:00 PM,1630,681,1368,4313,San Jose,43,True,True,C,REAR END,,Friday,NotApplicable,False,,,False,True,True,Santa Clara Superior,C,OTHER MOTOR VEHICLE,,0,0,CLEAR,, NO UNUSUAL CONDITIONS,, ,A,DAYLIGHT,37.362237,-121.842778,,,,,A,NO PEDESTRIANS INVOLVED,10/13/2017 12:00:00 AM,A,22350,False,1.0,I-680 S/B,,,10/16/2017 1:56:06 PM,A,N,2000.0,Alum Rock Ave,F,,D,10/16/2017 1:56:41 PM,10/16/2017 1:56:41 PM,,True,2,,,,,,,
571279,9340-2017-17409,1,False,9340,10/12/2017 10:00:00 PM,2200,120,1368,4313,San Jose,43,True,True,E,HIT OBJECT,,Thursday,Yes,False,,,False,True,True,Santa Clara Superior,I,FIXED OBJECT,CONCRETE WALL ,1,0,CLEAR,, NO UNUSUAL CONDITIONS,, ,C,DARK-STREET LIGHTS,37.36293,-121.8916,,,,,A,NO PEDESTRIANS INVOLVED,10/12/2017 12:00:00 AM,A,22107,False,1.0,US101 S/B,,,10/16/2017 1:22:40 PM,A,N,5.0,13th St,F,,D,10/16/2017 1:23:28 PM,10/16/2017 1:23:28 PM,,True,2,,,,,,,
571222,9340-2017-17377,1,False,9340,10/11/2017 12:30:00 PM,1230,110,1368,4313,San Jose,43,True,True,E,HIT OBJECT,,Wednesday,NotApplicable,False,,,False,True,True,Santa Clara Superior,I,FIXED OBJECT,GAURDRAIL,0,0,CLEAR,, NO UNUSUAL CONDITIONS,, ,A,DAYLIGHT,37.31891,-121.83019,,,,,A,NO PEDESTRIANS INVOLVED,10/11/2017 12:00:00 AM,A,22107,False,1.0,US101 N/B,,,10/16/2017 12:43:27 PM,A,S,265.0,Tully Rd,F,,D,10/16/2017 12:44:02 PM,10/16/2017 12:44:02 PM,,True,2,,,,,,,
570951,9340-2017-17352,1,False,9340,10/10/2017 8:00:00 AM,800,110,1368,4313,San Jose,43,True,True,C,REAR END,,Tuesday,NotApplicable,False,,,False,True,False,Santa Clara Superior,C,OTHER MOTOR VEHICLE,,0,0,CLEAR,, NO UNUSUAL CONDITIONS,, ,A,DAYLIGHT,37.29954,-121.81366,,,,,A,NO PEDESTRIANS INVOLVED,10/10/2017 12:00:00 AM,A,22350,False,1.0,US101 S/B,,,10/16/2017 10:12:04 AM,A,S,600.0,Capitol Expy,F,,D,10/16/2017 10:12:33 AM,10/16/2017 10:12:33 AM,,True,2,,,,,,,
570914,9340-2017-17337,1,False,9340,10/9/2017 3:40:00 PM,1540,681,1368,4313,San Jose,43,True,True,B,SIDE SWIPE,,Monday,NotApplicable,False,,,False,True,False,Santa Clara Superior,C,OTHER MOTOR VEHICLE,,0,0,CLEAR,, NO UNUSUAL CONDITIONS,, ,A,DAYLIGHT,37.3568,-121.8395,,,,,A,NO PEDESTRIANS INVOLVED,10/9/2017 12:00:00 AM,A,21658(a),False,1.0,I-680 S/B,,,10/16/2017 9:46:44 AM,A,N,500.0,Capitol Expy,F,,D,10/16/2017 9:47:23 AM,10/16/2017 9:47:23 AM,,True,2,,,,,,,
570788,9340-2017-17415,1,False,9340,10/13/2017 3:50:00 PM,1550,088,1368,4313,San Jose,43,True,True,C,REAR END,,Friday,NotApplicable,False,,,False,True,True,Santa Clara Superior,C,OTHER MOTOR VEHICLE,,0,0,CLEAR,, NO UNUSUAL CONDITIONS,, ,A,DAYLIGHT,37.35923,-121.90611,,,,,A,NO PEDESTRIANS INVOLVED,10/13/2017 12:00:00 AM,A,22350,False,1.0,I-880 N/B,,,10/16/2017 8:04:44 AM,A,N,400.0,N 1st St.,F,,D,10/16/2017 8:05:14 AM,10/16/2017 8:05:14 AM,,True,2,,,,,,,
570742,9340-2017-17316,1,False,9340,10/8/2017 5:50:00 AM,550,681,1368,4313,San Jose,43,True,True,F,OVERTURNED,,Sunday,Yes,False,,,False,True,True,Santa Clara Superior,I,FIXED OBJECT,DIRT EMBANKMENT,0,0,CLEAR,, NO UNUSUAL CONDITIONS,, ,C,DARK-STREET LIGHTS,37.35608,-121.83839,,,,,A,NO PEDESTRIANS INVOLVED,10/8/2017 12:00:00 AM,A,23152(a),True,1.0,I-680 NB FROM CAPITOL EXPY,,,10/16/2017 7:02:33 AM,A,N,155.0,Capitol Expy,F,,D,10/16/2017 7:03:11 AM,10/16/2017 7:03:11 AM,,True,2,,,,,,,
570740,9340-2017-17454,1,False,9340,10/15/2017 12:15:00 PM,1215,110,1368,4313,San Jose,43,True,True,C,REAR END,,Sunday,NotApplicable,False,,,False,True,True,Santa Clara Superior,C,OTHER MOTOR VEHICLE,,0,0,CLEAR,, NO UNUSUAL CONDITIONS,, ,A,DAYLIGHT,37.363049,-121.890579,,,,,A,NO PEDESTRIANS INVOLVED,10/15/2017 12:00:00 AM,A,22350 VC,False,1.0,US-101 NORTHBOUND,,,10/16/2017 7:00:45 AM,A,S,200.0,OAKLAND ROAD,F,,D,10/16/2017 7:01:20 AM,10/16/2017 7:01:20 AM,,True,2,,,,,,,
570733,9340-2017-17436,1,False,9340,10/7/2017 7:50:00 AM,750,281,1368,4313,San Jose,43,True,True,B,SIDE SWIPE,,Saturday,NotApplicable,False,M,,False,True,False,Santa Clara Superior,C,OTHER MOTOR VEHICLE,,0,0,CLEAR,, NO UNUSUAL CONDITIONS,, ,A,DAYLIGHT,37.3181,-121.9378,,,,,A,NO PEDESTRIANS INVOLVED,10/7/2017 12:00:00 AM,A,21750,False,1.0,I-280 norhtbound to I-880 northbound,,,10/16/2017 6:45:54 AM,A,N,550.0,Macarthur Ave,F,,D,10/16/2017 6:46:24 AM,10/16/2017 6:46:24 AM,,True,2,,,,,,,
570730,9340-2017-17302,1,False,9340,10/6/2017 7:45:00 PM,1945,281,1368,4313,San Jose,43,True,True,B,SIDE SWIPE,,Friday,NotApplicable,False,M,,False,True,False,Santa Clara Superior,C,OTHER MOTOR VEHICLE,,0,0,CLEAR,, NO UNUSUAL CONDITIONS,, ,D,DARK-NO STREET LIGHTS,37.327934,-121.873544,,,,,A,NO PEDESTRIANS INVOLVED,10/6/2017 12:00:00 AM,A,21658(a),False,1.0,I-280 S/B,,,10/16/2017 6:41:17 AM,A,N,500.0,10TH STREET,F,,D,10/16/2017 6:42:01 AM,10/16/2017 6:42:01 AM,,True,2,,,,,,,
570726,9340-2017-17336,1,False,9340,10/9/2017 5:05:00 PM,1705,620,1368,4313,San Jose,43,True,True,C,REAR END,,Monday,NotApplicable,False,,,False,False,False,Santa Clara Superior,C,OTHER MOTOR VEHICLE,,0,0,CLEAR,, NO UNUSUAL CONDITIONS,, ,A,DAYLIGHT,37.3158,-121.9955,,,,,A,NO PEDESTRIANS INVOLVED,10/9/2017 12:00:00 AM,A,22350,True,1.0,Lawrence Expy,,,10/16/2017 6:34:40 AM,A,S,9.0,Mitty Way,F,,D,10/16/2017 6:35:13 AM,10/16/2017 6:35:13 AM,True,,2,,,,,,,
570713,9340-2017-17367,1,False,9340,10/10/2017 8:20:00 AM,820,120,1368,4313,San Jose,43,True,True,B,SIDE SWIPE,,Tuesday,NotApplicable,False,,,False,True,False,Santa Clara Superior,C,OTHER MOTOR VEHICLE,,0,0,CLEAR,, NO UNUSUAL CONDITIONS,, ,A,DAYLIGHT,37.31756,-121.21756,,,,,A,NO PEDESTRIANS INVOLVED,10/10/2017 12:00:00 AM,A,21658A,False,1.0,US-101 N/B,,,10/16/2017 6:04:06 AM,A,N,1000.0,I-880,F,,D,10/16/2017 6:04:43 AM,10/16/2017 6:04:43 AM,,True,2,,,,,,,
570692,9340-2017-17326,1,False,9340,10/8/2017 9:04:00 PM,2104,281,1368,4313,San Jose,43,True,True,C,REAR END,,Sunday,NotApplicable,False,,,False,True,True,Santa Clara Superior,C,OTHER MOTOR VEHICLE,,0,0,CLEAR,, NO UNUSUAL CONDITIONS,, ,C,DARK-STREET LIGHTS,37.31463,-121.91235,,,,,A,NO PEDESTRIANS INVOLVED,10/8/2017 12:00:00 AM,A,23152(a),False,1.0,I-280 S/B ,,,10/16/2017 2:12:05 AM,A,S,900.0,Meridian Ave,F,,D,10/16/2017 2:12:48 AM,10/16/2017 2:12:48 AM,,True,2,,,,,,,
570579,9340-2017-17325,1,False,9340,10/8/2017 11:00:00 PM,2300,281,1368,4313,San Jose,43,True,True,B,SIDE SWIPE,,Sunday,Yes,False,M,,False,False,True,Santa Clara Superior,A,NON-COLLISION,,0,0,CLEAR,, NO UNUSUAL CONDITIONS,, ,C,DARK-STREET LIGHTS,37.32227,-121.93024,,,,,A,NO PEDESTRIANS INVOLVED,10/8/2017 12:00:00 AM,A,23152(a),True,1.0,Vaughn Ave,,,10/15/2017 8:08:46 AM,A,S,385.0,San Carlos St,F,,D,10/15/2017 8:09:24 AM,10/15/2017 8:09:24 AM,True,,2,,,,,,,
570341,9340-2017-17212,1,False,9340,10/3/2017 6:26:00 PM,1826,171,1368,4313,San Jose,43,True,True,C,REAR END,,Tuesday,NotApplicable,False,M,,False,True,False,Santa Clara Superior,C,OTHER MOTOR VEHICLE,,0,0,CLEAR,, NO UNUSUAL CONDITIONS,, ,B,DUSK-DAWN,37.200722,-121.992328,,,,,A,NO PEDESTRIANS INVOLVED,10/3/2017 12:00:00 AM,A,22350,False,1.0,SR-17 N/B,,,10/13/2017 4:03:21 PM,A,N,2100.0,Bear Creek Rd,F,,D,10/13/2017 4:03:55 PM,10/13/2017 4:03:55 PM,,True,2,,,,,,,
570331,9340-2017-17385,1,False,9340,10/12/2017 1:30:00 AM,130,110,1368,4313,San Jose,43,True,True,E,HIT OBJECT,,Thursday,Yes,False,,,False,True,True,Santa Clara Superior,I,FIXED OBJECT,CONCRETE DIVIDER,1,0,CLEAR,, NO UNUSUAL CONDITIONS,, ,D,DARK-NO STREET LIGHTS,37.338799,-121.849546,,,,,A,NO PEDESTRIANS INVOLVED,10/12/2017 12:00:00 AM,A,22107,False,1.0,US101 N/B TO I-680 N/B,,,10/13/2017 3:45:38 PM,A,S,1000.0,Story Rd,F,,D,10/13/2017 3:46:27 PM,10/13/2017 3:46:27 PM,,True,2,,,,,,,
570308,9340-2017-17265,1,False,9340,10/5/2017 5:45:00 PM,1745,087,1368,4313,San Jose,43,True,True,C,REAR END,,Thursday,NotApplicable,False,M,,False,True,False,Santa Clara Superior,C,OTHER MOTOR VEHICLE,,0,0,CLEAR,, NO UNUSUAL CONDITIONS,, ,A,DAYLIGHT,37.297423,-121.873994,,,,,A,NO PEDESTRIANS INVOLVED,10/5/2017 12:00:00 AM,A,22350,False,1.0,SR-87 N/B,,,10/13/2017 3:24:24 PM,A,N,300.0,Curtner Avenue,F,,D,10/13/2017 3:25:05 PM,10/13/2017 3:25:05 PM,,True,2,,,,,,,