Collision Id,	Report Number,	Report Version,	Is Preliminary,	NCIC Code,Crash Date Time,	Crash Time Description,	Beat,City Id,	City Code,	City Name,County Code,	City Is Active,	City Is Incorporated,	Collision Type Code,Collision Type Description,	Collision Type Other Desc,	Day Of Week,	DispatchNotified,	HasPhotographs,	HitRun,	IsAttachmentsMailed,	IsDeleted,	IsHighwayRelated,	IsTowAway,	JudicialDistrict,	MotorVehicleInvolvedWithCode,	MotorVehicleInvolvedWithDesc,MotorVehicleInvolvedWithOtherDesc,	NumberInjured,	NumberKilled,Weather 1, Weather 2, Road Condition 1, Road Condition 2, Special Condition,LightingCode, LightingDescription,Latitude,Longitude,MilepostDirection,MilepostDistance,MilepostMarker,MilepostUnitOfMeasure,	PedestrianActionCode,PedestrianActionDesc,PreparedDate,	Primary Collision Factor Code,Primary Collision Factor Violation,PrimaryCollisionFactorIsCited,	PrimaryCollisionPartyNumber,	PrimaryRoad,	ReportingDistrict,	ReportingDistrictCode,ReviewedDate,	RoadwaySurfaceCode,SecondaryDirection,	SecondaryDistance,	SecondaryRoad,	SecondaryUnitOfMeasure,	SketchDesc,	TrafficControlDeviceCode,CreatedDate,	ModifiedDate,IsCountyRoad,IsFreeway,CHP555Version,	IsAdditonalObjectStruck,NotificationDate,	NotificationTimeDescription,	HasDigitalMediaFiles,	EvidenceNumber,	IsLocationReferToNarrative,	IsAOIOneSameAsLocation
588882,9340-2017-17841,1,False,9340,11/2/2017 6:40:00 AM,640,281,1368,4313,San Jose,43,True,True,C,REAR END,,Thursday,NotApplicable,False,,,False,True,False,Santa Clara Superior,C,OTHER MOTOR VEHICLE,,0,0,CLEAR,, NO UNUSUAL CONDITIONS,, ,A,DAYLIGHT,37.3247,-121.8881,,,,,A,NO PEDESTRIANS INVOLVED,11/2/2017 12:00:00 AM,A,22350,False,1.0,I-280 N/B,,,11/7/2017 9:01:19 AM,A,S,100.0,Bird Ave,F,,D,11/7/2017 9:01:50 AM,11/7/2017 9:01:50 AM,,True,2,,,,,,,
588880,9340-2017-17839,1,False,9340,11/2/2017 6:30:00 AM,630,281,1368,4313,San Jose,43,True,True,C,REAR END,,Thursday,NotApplicable,False,,,False,True,False,Santa Clara Superior,C,OTHER MOTOR VEHICLE,,0,0,CLEAR,, NO UNUSUAL CONDITIONS,, ,A,DAYLIGHT,37.1901,-121.5531,,,,,A,NO PEDESTRIANS INVOLVED,11/2/2017 12:00:00 AM,A,22350,False,1.0,I-280 N/B,,,11/7/2017 9:00:18 AM,A,N,100.0,Bascom Ave,F,,D,11/7/2017 9:00:49 AM,11/7/2017 9:00:49 AM,,True,2,,,,,,,
588822,9340-2017-17852,1,False,9340,11/2/2017 3:30:00 PM,1530,089,1368,4313,San Jose,43,True,True,C,REAR END,,Thursday,NotApplicable,False,,,False,True,True,Santa Clara Superior,C,OTHER MOTOR VEHICLE,,0,0,CLEAR,, NO UNUSUAL CONDITIONS,, ,A,DAYLIGHT,37.158931,-121.158743,,,,,A,NO PEDESTRIANS INVOLVED,11/2/2017 12:00:00 AM,A,22350,False,1.0,I-880 S/B,,,11/7/2017 8:31:36 AM,A,N,1500.0,Old Bayshore Hwy,F,,D,11/7/2017 8:32:06 AM,11/7/2017 8:32:06 AM,,True,2,,,,,,,
588806,9340-2017-17823,1,False,9340,11/1/2017 4:15:00 PM,1615,110,1368,4313,San Jose,43,True,True,C,REAR END,,Wednesday,NotApplicable,False,,,False,True,False,Santa Clara Superior,C,OTHER MOTOR VEHICLE,,1,0,CLEAR,, NO UNUSUAL CONDITIONS,, ,A,DAYLIGHT,37.354459,-121.865543,,,,,A,NO PEDESTRIANS INVOLVED,11/1/2017 12:00:00 AM,A,22350,False,1.0,US101 N/B TO MCKEE ROAD,,,11/7/2017 8:26:20 AM,A,S,5.0,McKee Rd,F,,D,11/7/2017 8:26:53 AM,11/7/2017 8:26:53 AM,,True,2,,,,,,,
588795,9340-2017-17826,1,False,9340,11/1/2017 5:30:00 PM,1730,281,1368,4313,San Jose,43,True,True,C,REAR END,,Wednesday,NotApplicable,False,,,False,True,False,Santa Clara Superior,C,OTHER MOTOR VEHICLE,,0,0,CLEAR,, NO UNUSUAL CONDITIONS,, On-Duty Emergency Vehicle,A,DAYLIGHT,37.317304,-121.935051,,,,,A,NO PEDESTRIANS INVOLVED,11/1/2017 12:00:00 AM,A,22350,False,1.0,I-280 S/B,,,11/7/2017 8:20:42 AM,A,N,0.2,Bascom Ave,M,,D,11/7/2017 8:21:24 AM,11/7/2017 8:21:24 AM,,True,2,,,,,,,
588790,9340-2017-17811,1,False,9340,11/1/2017 5:45:00 AM,545,083,1368,4313,San Jose,43,True,True,E,HIT OBJECT,,Wednesday,NotApplicable,False,,,False,True,True,Santa Clara Superior,I,FIXED OBJECT,concrete wall,0,0,CLEAR,, NO UNUSUAL CONDITIONS,, ,C,DARK-STREET LIGHTS,37.243011,-121.812354,,,,,A,NO PEDESTRIANS INVOLVED,11/1/2017 12:00:00 AM,A,22107,False,1.0,SR-85 S/B,,,11/7/2017 8:18:38 AM,A,N,2500.0,Cottle Rd,F,,D,11/7/2017 8:19:07 AM,11/7/2017 8:19:07 AM,,True,2,,,,,,,
588787,9340-2017-17824,1,False,9340,11/1/2017 3:01:00 PM,1501,681,1368,4313,San Jose,43,True,True,C,REAR END,,Wednesday,NotApplicable,False,,,False,True,True,,C,OTHER MOTOR VEHICLE,,1,0,CLEAR,, NO UNUSUAL CONDITIONS,, ,A,DAYLIGHT,37.407037,-121.878231,,,,,A,NO PEDESTRIANS INVOLVED,11/1/2017 12:00:00 AM,A,22107,False,1.0,I-680 S/B,,,11/7/2017 8:17:12 AM,A,N,800.0,Hostetter Rd,F,,D,11/7/2017 8:17:55 AM,11/7/2017 8:17:55 AM,,True,2,,,,,,,
588746,9340-2017-17781,1,False,9340,10/31/2017 8:30:00 AM,830,110,1368,4313,San Jose,43,True,True,C,REAR END,,Tuesday,NotApplicable,False,,,False,True,False,Santa Clara Superior,C,OTHER MOTOR VEHICLE,,0,0,CLEAR,, NO UNUSUAL CONDITIONS,, ,A,DAYLIGHT,37.211546,-121.515789,,,,,A,NO PEDESTRIANS INVOLVED,10/31/2017 12:00:00 AM,A,22350,False,1.0,US101 N/B,,,11/7/2017 7:50:01 AM,A,S,52.0,Alum Rock Ave o/c edge,F,,D,11/7/2017 7:50:35 AM,11/7/2017 7:50:35 AM,,True,2,,,,,,,
588723,9340-2017-17780,1,False,9340,10/31/2017 7:15:00 AM,715,110,1368,4313,San Jose,43,True,True,B,SIDE SWIPE,,Tuesday,NotApplicable,False,,,False,True,True,Santa Clara Superior,C,OTHER MOTOR VEHICLE,,1,0,CLEAR,, NO UNUSUAL CONDITIONS,, ,A,DAYLIGHT,37.1535,-121.4755,,,,,A,NO PEDESTRIANS INVOLVED,10/31/2017 12:00:00 AM,A,21658(a),False,2.0,US101 N/B,,,11/7/2017 7:37:26 AM,A,N,1056.0,Blossom Hill Rd,F,,D,11/7/2017 7:38:00 AM,11/7/2017 7:38:00 AM,,True,2,,,,,,,
588721,9340-2017-17820,1,False,9340,11/1/2017 3:00:00 PM,1500,089,1368,4313,San Jose,43,True,True,C,REAR END,,Wednesday,NotApplicable,False,,,False,True,False,Santa Clara Superior,C,OTHER MOTOR VEHICLE,,0,0,CLEAR,, NO UNUSUAL CONDITIONS,, ,A,DAYLIGHT,37.375534,-121.903001,,,,,A,NO PEDESTRIANS INVOLVED,11/1/2017 12:00:00 AM,A,22350,False,1.0,I-880 S/B,,,11/7/2017 7:37:08 AM,A,S,150.0,Brokaw Rd,F,,D,11/7/2017 7:37:38 AM,11/7/2017 7:37:38 AM,,True,2,,,,,,,
588714,9340-2017-17793,1,False,9340,10/31/2017 7:15:00 PM,1915,281,1368,4313,San Jose,43,True,True,C,REAR END,,Tuesday,NotApplicable,False,,,False,True,True,Santa Clara Superior,C,OTHER MOTOR VEHICLE,,0,0,CLEAR,, NO UNUSUAL CONDITIONS,, ,C,DARK-STREET LIGHTS,37.32119,-121.89972,,,,,A,NO PEDESTRIANS INVOLVED,10/31/2017 12:00:00 AM,A,22350,False,1.0,I-280 S/B,,,11/7/2017 7:31:02 AM,A,N,500.0,Bird Ave,F,,D,11/7/2017 7:31:36 AM,11/7/2017 7:31:36 AM,,True,2,,,,,,,
588679,9340-2017-17804,1,False,9340,10/31/2017 11:25:00 PM,2325,087,1368,4313,San Jose,43,True,True,E,HIT OBJECT,,Tuesday,Yes,False,,,False,True,True,Santa Clara Superior,I,FIXED OBJECT,ROADWAY,1,0,CLEAR,, NO UNUSUAL CONDITIONS,, ,C,DARK-STREET LIGHTS,37.320996,-121.890053,,,,,A,NO PEDESTRIANS INVOLVED,10/31/2017 12:00:00 AM,A,22350,False,1.0,SR-87 N/B TO I-280,,,11/7/2017 7:08:19 AM,A,N,500.0,VIRGINIA ST.,F,,D,11/7/2017 7:09:00 AM,11/7/2017 7:09:00 AM,,True,2,,,,,,,
588669,9340-2017-17783,1,False,9340,10/31/2017 7:00:00 AM,700,087,1368,4313,San Jose,43,True,True,B,SIDE SWIPE,,Tuesday,NotApplicable,False,,,False,True,False,Santa Clara Superior,C,OTHER MOTOR VEHICLE,,1,0,CLEAR,, NO UNUSUAL CONDITIONS,, ,D,DARK-NO STREET LIGHTS,37.368911,-121.924944,,,,,A,NO PEDESTRIANS INVOLVED,10/31/2017 12:00:00 AM,A,21658(a),False,1.0,SR-87 N/B,,,11/7/2017 7:02:58 AM,A,N,210.0,Skyport Dr,F,,D,11/7/2017 7:03:44 AM,11/7/2017 7:03:44 AM,,True,2,,,,,,,
588665,9340-2017-17784,1,False,9340,10/31/2017 6:50:00 AM,650,282,1368,4313,San Jose,43,True,True,C,REAR END,,Tuesday,NotApplicable,False,,,False,True,True,Santa Clara Superior,C,OTHER MOTOR VEHICLE,,1,0,CLEAR,, NO UNUSUAL CONDITIONS,, ,A,DAYLIGHT,37.3261,-122.0054,,,,,A,NO PEDESTRIANS INVOLVED,10/31/2017 12:00:00 AM,A,22350,False,1.0,I-280 N/B,,,11/7/2017 7:01:11 AM,A,S,900.0,Tantau Ave,F,,D,11/7/2017 7:01:45 AM,11/7/2017 7:01:45 AM,,True,2,,,,,,,
588654,9340-2017-17772,1,False,9340,10/30/2017 8:15:00 PM,2015,120,1368,4313,San Jose,43,True,True,B,SIDE SWIPE,,Monday,NotApplicable,False,M,,False,True,False,Santa Clara Superior,C,OTHER MOTOR VEHICLE,,0,0,CLEAR,, NO UNUSUAL CONDITIONS,, ,B,DUSK-DAWN,37.36307,-121.893288,,,,,A,NO PEDESTRIANS INVOLVED,10/30/2017 12:00:00 AM,A,21658(a),False,1.0,US-101 S/B,,,11/7/2017 6:55:49 AM,A,N,500.0,Oakland Rd,F,,D,11/7/2017 6:56:18 AM,11/7/2017 6:56:18 AM,,True,2,,,,,,,
588633,9340-2017-17776,1,False,9340,10/30/2017 4:00:00 PM,1600,281,1368,4313,San Jose,43,True,True,B,SIDE SWIPE,,Monday,Yes,False,,,False,True,True,Santa Clara Superior,C,OTHER MOTOR VEHICLE,,1,0,CLEAR,, NO UNUSUAL CONDITIONS,, ,A,DAYLIGHT,37.316666,-121.923262,,,,,A,NO PEDESTRIANS INVOLVED,10/30/2017 12:00:00 AM,A,21658(a),False,1.0,I-280 S/B,,,11/7/2017 6:43:13 AM,A,N,2400.0,Meridian Ave,F,,D,11/7/2017 6:43:55 AM,11/7/2017 6:43:55 AM,,True,2,,,,,,,
588371,9340-2017-17753,1,False,9340,10/30/2017 7:10:00 AM,710,120,1368,4313,San Jose,43,True,True,C,REAR END,,Monday,Yes,False,,,False,True,True,Santa Clara Superior,C,OTHER MOTOR VEHICLE,,1,0,CLEAR,, NO UNUSUAL CONDITIONS,, ,A,DAYLIGHT,37.37332,-121.92705,,,,,A,NO PEDESTRIANS INVOLVED,10/30/2017 12:00:00 AM,A,22350,False,1.0,US101 N/B,,,11/6/2017 3:41:29 PM,A,S,150.0,SR-87,F,,D,11/6/2017 3:42:11 PM,11/6/2017 3:42:11 PM,,True,2,,,,,,,
588369,9340-2017-17767,1,False,9340,10/30/2017 4:40:00 PM,1640,282,1368,4313,San Jose,43,True,True,C,REAR END,,Monday,NotApplicable,False,,,False,True,False,Santa Clara Superior,C,OTHER MOTOR VEHICLE,,0,0,CLEAR,, NO UNUSUAL CONDITIONS,, ,A,DAYLIGHT,37.3179,-121.982,,,,,A,NO PEDESTRIANS INVOLVED,10/30/2017 12:00:00 AM,A,22350,False,1.0,I-280 S/B ,,,11/6/2017 3:39:58 PM,A,N,3000.0,Saratoga Ave,F,,D,11/6/2017 3:40:30 PM,11/6/2017 3:40:30 PM,,True,2,,,,,,,
588271,9340-2017-17794,1,False,9340,10/31/2017 5:15:00 PM,1715,281,1368,4313,San Jose,43,True,True,B,SIDE SWIPE,,Tuesday,NotApplicable,False,,,False,True,False,Santa Clara Superior,C,OTHER MOTOR VEHICLE,,0,0,CLEAR,, NO UNUSUAL CONDITIONS,, ,A,DAYLIGHT,37.3255,-121.88519,,,,,A,NO PEDESTRIANS INVOLVED,10/31/2017 12:00:00 AM,A,21658(a),False,,I-280 NB,,,11/6/2017 2:34:00 PM,A,S,2000.0,SR-87,F,,D,11/6/2017 2:34:41 PM,11/6/2017 2:34:41 PM,,True,2,,,,,,,
588220,9340-2017-17768,1,False,9340,10/30/2017 6:00:00 PM,1800,282,1368,4313,San Jose,43,True,True,C,REAR END,,Monday,NotApplicable,False,,,False,True,False,Santa Clara Superior,C,OTHER MOTOR VEHICLE,,0,0,CLEAR,, NO UNUSUAL CONDITIONS,, ,B,DUSK-DAWN,37.3174,-121.9759,,,,,A,NO PEDESTRIANS INVOLVED,10/30/2017 12:00:00 AM,A,22350,False,1.0,I-280 S/B,,,11/6/2017 1:59:50 PM,A,N,1000.0,Saratoga Ave,F,,D,11/6/2017 2:00:22 PM,11/6/2017 2:00:22 PM,,True,2,,,,,,,
588155,9340-2017-17759,1,False,9340,10/30/2017 9:25:00 AM,925,089,1368,4313,San Jose,43,True,True,B,SIDE SWIPE,,Monday,NotApplicable,False,,,False,True,True,Santa Clara Superior,C,OTHER MOTOR VEHICLE,,1,0,CLOUDY,, NO UNUSUAL CONDITIONS,, ,A,DAYLIGHT,37.4489,-121.9218,,,,,A,NO PEDESTRIANS INVOLVED,10/30/2017 12:00:00 AM,A,22107,False,1.0,I-880 S/B,,,11/6/2017 1:21:47 PM,A,S,2000.0,Dixon Landing Rd,F,,D,11/6/2017 1:23:24 PM,11/6/2017 1:23:24 PM,,True,2,,,,,,,
588146,9390-2017-11689,1,False,9340,10/26/2017 9:00:00 AM,900,230,1368,4313,San Jose,43,True,True,C,REAR END,,Thursday,NotApplicable,False,M,,False,True,False,Santa Clara Superior,C,OTHER MOTOR VEHICLE,,0,0,CLEAR,, NO UNUSUAL CONDITIONS,, ,A,DAYLIGHT,37.41198,-121.98704,,,,,A,NO PEDESTRIANS INVOLVED,10/26/2017 12:00:00 AM,A,22350,False,1.0,SR-237 W/B,,,11/6/2017 1:17:30 PM,A,W,0.25,GREAT AMERICA PKWY.,M,,D,11/6/2017 1:18:09 PM,11/6/2017 1:18:09 PM,,True,2,,,,,,,
588044,9340-2017-17764,2,False,9340,10/30/2017 8:20:00 AM,820,070,1368,4313,San Jose,43,True,True,D,BROADSIDE,,Monday,Yes,False,,,False,False,True,Santa Clara Superior,C,OTHER MOTOR VEHICLE,,0,0,CLOUDY,, NO UNUSUAL CONDITIONS,, ,A,DAYLIGHT,37.3198,-121.9319,,,,,A,NO PEDESTRIANS INVOLVED,10/30/2017 12:00:00 AM,A,21453(a),False,1.0,Bascom Ave,,,1/24/2018 6:41:05 AM,A,,,Scott St,,,D,11/6/2017 12:18:52 PM,1/24/2018 6:41:16 AM,,,2,,,,,,,
588020,9340-2017-17746,1,False,9340,10/30/2017 3:30:00 AM,330,089,1368,4313,San Jose,43,True,True,C,REAR END,,Monday,NotApplicable,False,,,False,True,True,Santa Clara Superior,C,OTHER MOTOR VEHICLE,,1,0,RAINING,, NO UNUSUAL CONDITIONS,, ,D,DARK-NO STREET LIGHTS,37.388941,-121.906112,,,,,A,NO PEDESTRIANS INVOLVED,10/30/2017 12:00:00 AM,A,22350,False,1.0,I-880 S/B,,,11/6/2017 12:05:06 PM,A,N,1200.0,Brokaw Rd,F,,D,11/6/2017 12:05:46 PM,11/6/2017 12:05:46 PM,,True,2,,,,,,,
587980,9340-2017-17730,1,False,9340,10/29/2017 1:30:00 AM,130,087,1368,4313,San Jose,43,True,True,B,SIDE SWIPE,,Sunday,NotApplicable,False,,,False,True,True,Santa Clara Superior,C,OTHER MOTOR VEHICLE,,0,0,CLEAR,, NO UNUSUAL CONDITIONS,, ,C,DARK-STREET LIGHTS,37.277921,-121.864329,,,,,A,NO PEDESTRIANS INVOLVED,10/29/2017 12:00:00 AM,A,21658(a),False,1.0,SR-87 S/B,,,11/6/2017 11:28:36 AM,A,N,600.0,Capitol Expy,F,,D,11/6/2017 11:29:06 AM,11/6/2017 11:29:06 AM,,True,2,,,,,,,
587875,9340-2017-17734,1,False,9340,10/29/2017 12:00:00 PM,1200,110,1368,4313,San Jose,43,True,True,B,SIDE SWIPE,,Sunday,NotApplicable,False,M,,False,True,False,Santa Clara Superior,C,OTHER MOTOR VEHICLE,,0,0,CLOUDY,, NO UNUSUAL CONDITIONS,, ,A,DAYLIGHT,37.3401,-121.8541,,,,,A,NO PEDESTRIANS INVOLVED,10/29/2017 12:00:00 AM,A,21750,False,1.0,US-101 SB TO STORY RD,,,11/6/2017 10:34:55 AM,A,N,100.0,Story Rd,F,,D,11/6/2017 10:35:53 AM,11/6/2017 10:35:53 AM,,True,2,,,,,,,
587850,9340-2017-17744,1,False,9340,10/29/2017 3:10:00 AM,310,087,1368,4313,San Jose,43,True,True,B,SIDE SWIPE,,Sunday,NotApplicable,False,,,False,True,True,Santa Clara Superior,I,FIXED OBJECT,SOUNDWALL,0,0,CLEAR,, NO UNUSUAL CONDITIONS,, ,C,DARK-STREET LIGHTS,37.3475,-121.9051,,,,,A,NO PEDESTRIANS INVOLVED,10/29/2017 12:00:00 AM,A,23152(a),True,1.0,SR-87 N/B FROM TAYLOR ST,,,11/6/2017 10:22:57 AM,A,N,200.0,Taylor St,F,,D,11/6/2017 10:23:45 AM,11/6/2017 10:23:45 AM,,True,2,,,,,,,
587844,9340-2017-17724,1,False,9340,10/29/2017 2:40:00 AM,240,281,1368,4313,San Jose,43,True,True,D,BROADSIDE,,Sunday,NotApplicable,False,,,False,True,True,Santa Clara Superior,C,OTHER MOTOR VEHICLE,,0,0,CLEAR,, NO UNUSUAL CONDITIONS,, ,D,DARK-NO STREET LIGHTS,37.338498,-121.854896,,,,,A,NO PEDESTRIANS INVOLVED,10/29/2017 12:00:00 AM,A,22107,False,1.0,US101 N/B TO I-280 N/B,,,11/6/2017 10:20:41 AM,A,S,1000.0,McLaughlin Ave,F,,D,11/6/2017 10:21:21 AM,11/6/2017 10:21:21 AM,,True,2,,,,,,,
587842,9340-2017-17782,1,False,9340,10/30/2017 4:46:00 PM,1646,281,1368,4313,San Jose,43,True,True,C,REAR END,,Monday,NotApplicable,False,,,False,True,True,Santa Clara Superior,C,OTHER MOTOR VEHICLE,,2,0,CLEAR,, NO UNUSUAL CONDITIONS,, ,A,DAYLIGHT,37.322666,-121.894342,,,,,A,NO PEDESTRIANS INVOLVED,10/30/2017 12:00:00 AM,A,22350,True,1.0, I-280 S/B TO SR-87,,,11/6/2017 10:20:12 AM,A,S,1220.0,Bird Ave,F,,D,11/6/2017 10:20:57 AM,11/6/2017 10:20:57 AM,,True,2,,,,,,,
587824,9340-2017-17721,1,False,9340,10/28/2017 7:10:00 PM,1910,240,1368,4313,San Jose,43,True,True,C,REAR END,,Saturday,NotApplicable,False,,,False,True,True,Santa Clara Superior,C,OTHER MOTOR VEHICLE,,0,0,CLEAR,, NO UNUSUAL CONDITIONS,, ,D,DARK-NO STREET LIGHTS,37.4221,-121.9332,,,,,A,NO PEDESTRIANS INVOLVED,10/28/2017 12:00:00 AM,A,22350,False,1.0,SR-237 W/B,,,11/6/2017 10:09:40 AM,A,E,1000.0,Zanker Rd,F,,D,11/6/2017 10:10:11 AM,11/6/2017 10:10:11 AM,,True,2,,,,,,,
587773,9340-2017-17728,1,False,9340,10/28/2017 9:50:00 PM,2150,281,1368,4313,San Jose,43,True,True,B,SIDE SWIPE,,Saturday,Yes,False,,,False,True,True,Santa Clara Superior,C,OTHER MOTOR VEHICLE,,1,0,CLEAR,, NO UNUSUAL CONDITIONS,, ,D,DARK-NO STREET LIGHTS,37.31718,-121.93376,,,,,A,NO PEDESTRIANS INVOLVED,10/28/2017 12:00:00 AM,A,21658(a),False,1.0,I-280 S/B,,,11/6/2017 9:48:04 AM,A,N,800.0,Bascom Ave,F,,D,11/6/2017 9:48:50 AM,11/6/2017 9:48:50 AM,,True,2,,,,,,,
587767,9725-2017-04340,1,False,9725,10/30/2017 3:20:00 AM,320,015,1368,4313,San Jose,43,True,True,E,HIT OBJECT,,Monday,NotApplicable,False,,,False,True,False,Santa Clara Superior,J,OTHER OBJECT,METAL OBJECT,0,0,CLOUDY,, NO UNUSUAL CONDITIONS,, ,D,DARK-NO STREET LIGHTS,37.244064,-121.772464,,,,,A,NO PEDESTRIANS INVOLVED,10/30/2017 12:00:00 AM,C,,,,US-101 N/B,,,11/6/2017 9:46:03 AM,A,S,30.0,Bernal Rd,F,,D,11/6/2017 9:46:33 AM,11/6/2017 9:46:33 AM,,True,2,,,,,,,
587754,9340-2017-17712,1,False,9340,10/28/2017 2:35:00 AM,235,088,1368,4313,San Jose,43,True,True,E,HIT OBJECT,,Saturday,Yes,False,,,False,True,True,Santa Clara Superior,I,FIXED OBJECT,RAISED CONCRETE CENTER ME,0,0,CLEAR,, NO UNUSUAL CONDITIONS,, ,C,DARK-STREET LIGHTS,37.20175,-121.56109,,,,,A,NO PEDESTRIANS INVOLVED,10/28/2017 12:00:00 AM,A,23152(a),True,1.0,I-880 N/B TO BASCOM AVE EB,,,11/6/2017 9:35:27 AM,A,S,75.0,Bascom Ave,F,,D,11/6/2017 9:36:04 AM,11/6/2017 9:36:04 AM,,True,2,,,,,,,
587749,9340-2017-17599,2,False,9340,10/22/2017 11:25:00 AM,1125,088,1368,4313,San Jose,43,True,True,B,SIDE SWIPE,,Sunday,NotApplicable,False,,,False,True,True,Santa Clara Superior,C,OTHER MOTOR VEHICLE,,3,0,CLEAR,, NO UNUSUAL CONDITIONS,, ,A,DAYLIGHT,37.357147,-121.908455,,,,,A,NO PEDESTRIANS INVOLVED,10/22/2017 12:00:00 AM,A,21658(a),False,1.0,INTERSTATE 880 SOUTHBOUND,,,11/9/2017 9:35:10 AM,A,S,500.0,FIRST STREET,F,,D,11/6/2017 9:33:13 AM,11/9/2017 9:35:12 AM,,True,2,,,,,,,
587728,9340-2017-17693,1,False,9340,10/27/2017 10:20:00 AM,1020,083,1368,4313,San Jose,43,True,True,C,REAR END,,Friday,NotApplicable,False,,,False,True,False,Santa Clara Superior,C,OTHER MOTOR VEHICLE,,0,0,CLEAR,, NO UNUSUAL CONDITIONS,, ,A,DAYLIGHT,37.2433,-121.8066,,,,,A,NO PEDESTRIANS INVOLVED,10/27/2017 12:00:00 AM,A,22350,False,1.0,SR-85 N/B,,,11/6/2017 9:21:50 AM,A,N,500.0,Cottle Rd.,F,,D,11/6/2017 9:22:24 AM,11/6/2017 9:22:24 AM,,True,2,,,,,,,
587665,9345-2017-02906,1,False,9340,10/26/2017 2:50:00 PM,1450,230,1368,4313,San Jose,43,True,True,B,SIDE SWIPE,,Thursday,NotApplicable,False,,,False,True,False,Santa Clara,C,OTHER MOTOR VEHICLE,,0,0,CLEAR,, NO UNUSUAL CONDITIONS,, ,A,DAYLIGHT,37.413284,-121.982941,,,,,A,NO PEDESTRIANS INVOLVED,10/26/2017 12:00:00 AM,A,22107,False,1.0,State Route 237 Eastbound,,,11/6/2017 8:43:44 AM,A,W,600.0,Great America Parkway,F,,D,11/6/2017 8:44:22 AM,11/6/2017 8:44:22 AM,,True,2,,,,,,,
587632,9340-2017-17675,1,False,9340,10/25/2017 5:40:00 PM,1740,087,1368,4313,San Jose,43,True,True,B,SIDE SWIPE,,Wednesday,NotApplicable,False,,,False,True,False,Santa Clara Superior,C,OTHER MOTOR VEHICLE,,1,0,CLEAR,, NO UNUSUAL CONDITIONS,, ,A,DAYLIGHT,37.808998,-121.098089,,,,,A,NO PEDESTRIANS INVOLVED,10/25/2017 12:00:00 AM,D,,,,SR-87 S/B,,,11/6/2017 8:25:43 AM,A,N,150.0,Santa Clara St,F,,D,11/6/2017 8:26:18 AM,11/6/2017 8:26:18 AM,,True,2,,,,,,,
587620,9340-2017-17676,1,False,9340,10/25/2017 6:25:00 PM,1825,281,1368,4313,San Jose,43,True,True,C,REAR END,,Wednesday,NotApplicable,False,,,False,True,False,Santa Clara Superior,C,OTHER MOTOR VEHICLE,,0,0,CLEAR,, NO UNUSUAL CONDITIONS,, ,C,DARK-STREET LIGHTS,37.324873,-121.886175,,,,,A,NO PEDESTRIANS INVOLVED,10/25/2017 12:00:00 AM,A,22350,False,1.0,I-280 S/B,,,11/6/2017 8:16:07 AM,A,S,400.0,SR-87,F,,D,11/6/2017 8:16:43 AM,11/6/2017 8:16:43 AM,,True,2,,,,,,,
587383,9340-2017-17726,1,False,9340,10/28/2017 11:30:00 PM,2330,110,1368,4313,San Jose,43,True,True,E,HIT OBJECT,,Saturday,Yes,False,,,False,True,True,Santa Clara Superior,I,FIXED OBJECT,CONCRETE BARRIER WALL,0,0,CLEAR,, NO UNUSUAL CONDITIONS,, ,D,DARK-NO STREET LIGHTS,37.28828,-121.80958,,,,,A,NO PEDESTRIANS INVOLVED,10/28/2017 12:00:00 AM,A,23152(a),False,1.0,US-101 S/B,,,11/5/2017 2:21:31 PM,A,N,2360.0,Hellyer Ave,F,,D,11/5/2017 2:22:22 PM,11/5/2017 2:22:22 PM,,True,2,,,,,,,
586977,9340-2017-17828,1,False,9340,11/1/2017 5:20:00 PM,1720,087,1368,4313,San Jose,43,True,True,C,REAR END,,Wednesday,NotApplicable,False,,,False,True,False,Santa Clara Superior,C,OTHER MOTOR VEHICLE,,0,0,CLEAR,, NO UNUSUAL CONDITIONS,, ,A,DAYLIGHT,37.19268,-121.53336,,,,,A,NO PEDESTRIANS INVOLVED,11/1/2017 12:00:00 AM,A,22350,False,1.0,SR-87 S/B,,,11/3/2017 1:25:36 PM,A,N,120.0,I-280,F,,D,11/3/2017 1:26:12 PM,11/3/2017 1:26:12 PM,,True,2,,,,,,,