Collision Id,	Report Number,	Report Version,	Is Preliminary,	NCIC Code,Crash Date Time,	Crash Time Description,	Beat,City Id,	City Code,	City Name,County Code,	City Is Active,	City Is Incorporated,	Collision Type Code,Collision Type Description,	Collision Type Other Desc,	Day Of Week,	DispatchNotified,	HasPhotographs,	HitRun,	IsAttachmentsMailed,	IsDeleted,	IsHighwayRelated,	IsTowAway,	JudicialDistrict,	MotorVehicleInvolvedWithCode,	MotorVehicleInvolvedWithDesc,MotorVehicleInvolvedWithOtherDesc,	NumberInjured,	NumberKilled,Weather 1, Weather 2, Road Condition 1, Road Condition 2, Special Condition,LightingCode, LightingDescription,Latitude,Longitude,MilepostDirection,MilepostDistance,MilepostMarker,MilepostUnitOfMeasure,	PedestrianActionCode,PedestrianActionDesc,PreparedDate,	Primary Collision Factor Code,Primary Collision Factor Violation,PrimaryCollisionFactorIsCited,	PrimaryCollisionPartyNumber,	PrimaryRoad,	ReportingDistrict,	ReportingDistrictCode,ReviewedDate,	RoadwaySurfaceCode,SecondaryDirection,	SecondaryDistance,	SecondaryRoad,	SecondaryUnitOfMeasure,	SketchDesc,	TrafficControlDeviceCode,CreatedDate,	ModifiedDate,IsCountyRoad,IsFreeway,CHP555Version,	IsAdditonalObjectStruck,NotificationDate,	NotificationTimeDescription,	HasDigitalMediaFiles,	EvidenceNumber,	IsLocationReferToNarrative,	IsAOIOneSameAsLocation
621434,9340-2017-18325,1,False,9340,11/22/2017 4:40:00 PM,1640,087,1368,4313,San Jose,43,True,True,C,REAR END,,Wednesday,NotApplicable,False,M,,False,True,True,Santa Clara Superior,C,OTHER MOTOR VEHICLE,,0,0,CLEAR,, NO UNUSUAL CONDITIONS,, ,A,DAYLIGHT,37.232341,-121.892153,,,,,A,NO PEDESTRIANS INVOLVED,11/22/2017 12:00:00 AM,A,22350,False,1.0,SR-87 S/B,,,12/20/2017 9:48:33 AM,A,S,50.0,I-280,F,,D,12/20/2017 9:49:28 AM,12/20/2017 9:49:28 AM,,True,2,,,,,,,
621432,9340-2017-18835,1,False,9340,12/15/2017 7:05:00 AM,705,282,1368,4313,San Jose,43,True,True,C,REAR END,,Friday,NotApplicable,False,,,False,True,False,Santa Clara Superior,C,OTHER MOTOR VEHICLE,,1,0,CLEAR,, NO UNUSUAL CONDITIONS,, ,A,DAYLIGHT,37.318716,-121.990741,,,,,A,NO PEDESTRIANS INVOLVED,12/15/2017 12:00:00 AM,A,21658(a),False,1.0,I-280 N/B,,,12/20/2017 9:47:58 AM,A,S,1625.0,Stevens Creek Blvd,F,,D,12/20/2017 9:48:32 AM,12/20/2017 9:48:32 AM,,True,2,,,,,,,
621428,9340-2017-18851,1,False,9340,12/15/2017 6:50:00 PM,1850,089,1368,4313,San Jose,43,True,True,C,REAR END,,Friday,NotApplicable,False,,,False,True,True,Santa Clara Superior,C,OTHER MOTOR VEHICLE,,1,0,CLEAR,, NO UNUSUAL CONDITIONS,, ,D,DARK-NO STREET LIGHTS,37.4736,-121.9226,,,,,A,NO PEDESTRIANS INVOLVED,12/15/2017 12:00:00 AM,A,22350,False,1.0,I-880 N/B,,,12/20/2017 9:44:47 AM,A,S,200.0,Dixon Landing Rd,F,,D,12/20/2017 9:45:22 AM,12/20/2017 9:45:22 AM,,True,2,,,,,,,
621421,9340-2017-18852,1,False,9340,12/15/2017 4:15:00 PM,1615,083,1368,4313,San Jose,43,True,True,C,REAR END,,Friday,NotApplicable,False,,,False,True,False,Santa Clara Superior,C,OTHER MOTOR VEHICLE,,0,0,CLEAR,, NO UNUSUAL CONDITIONS,, ,B,DUSK-DAWN,37.25055,-121.92966,,,,,A,NO PEDESTRIANS INVOLVED,12/15/2017 12:00:00 AM,A,22350,False,1.0,SR-85 S/B,,,12/20/2017 9:42:14 AM,A,S,500.0,Union Ave,F,,D,12/20/2017 9:42:46 AM,12/20/2017 9:42:46 AM,,True,2,,,,,,,
621414,9340-2017-18833,1,False,9340,12/15/2017 8:15:00 AM,815,681,1368,4313,San Jose,43,True,True,C,REAR END,,Friday,NotApplicable,False,,,False,True,False,Santa Clara Superior,C,OTHER MOTOR VEHICLE,,0,0,CLEAR,, NO UNUSUAL CONDITIONS,, ,A,DAYLIGHT,37.35636,-121.84014,,,,,A,NO PEDESTRIANS INVOLVED,12/15/2017 12:00:00 AM,A,22350,False,1.0,I-680 S/B from Capitol Expressway,,,12/20/2017 9:39:53 AM,A,S,500.0,Capitol Expy,F,,D,12/20/2017 9:40:22 AM,12/20/2017 9:40:22 AM,,True,2,,,,,,,
621413,9340-2017-18845,1,False,9340,12/15/2017 6:00:00 PM,1800,088,1368,4313,San Jose,43,True,True,C,REAR END,,Friday,NotApplicable,False,M,,False,True,False,Santa Clara Superior,C,OTHER MOTOR VEHICLE,,0,0,CLEAR,, NO UNUSUAL CONDITIONS,, ,D,DARK-NO STREET LIGHTS,37.328879,-121.940736,,,,,A,NO PEDESTRIANS INVOLVED,12/15/2017 12:00:00 AM,A,22350,False,1.0,I-880 N/B,,,12/20/2017 9:39:01 AM,A,S,475.0,Hedding St,F,,D,12/20/2017 9:39:31 AM,12/20/2017 9:39:31 AM,,True,2,,,,,,,
621409,9340-2017-18849,1,False,9340,12/15/2017 7:00:00 PM,1900,083,1368,4313,San Jose,43,True,True,G,VEHICLE/PEDESTRAIN,,Friday,Yes,False,,,False,True,False,Santa Clara Superior,B,PEDESTRIAN,,1,0,CLEAR,, NO UNUSUAL CONDITIONS,, ,C,DARK-STREET LIGHTS,37.25588,-121.86764,,,,,E,IN ROAD - INCLUDES SHOULDER,12/15/2017 12:00:00 AM,A,21954(a),False,1.0,SR-85 S/B,,,12/20/2017 9:37:20 AM,A,N,550.0,Winfield Blvd,F,,D,12/20/2017 9:38:03 AM,12/20/2017 9:38:03 AM,,True,2,,,,,,,
621368,9340-2017-18839,1,False,9340,12/15/2017 1:00:00 PM,1300,120,1368,4313,San Jose,43,True,True,C,REAR END,,Friday,NotApplicable,False,,,False,True,False,Santa Clara Superior,C,OTHER MOTOR VEHICLE,,0,0,CLEAR,, NO UNUSUAL CONDITIONS,, ,A,DAYLIGHT,37.363744,-121.897544,,,,,A,NO PEDESTRIANS INVOLVED,12/15/2017 12:00:00 AM,A,22350,False,1.0,US101 N/B,,,12/20/2017 9:18:42 AM,A,S,1200.0,I-880,F,,D,12/20/2017 9:19:12 AM,12/20/2017 9:19:12 AM,,True,2,,,,,,,
621355,9340-2017-18841,1,False,9340,12/15/2017 5:10:00 PM,1710,083,1368,4313,San Jose,43,True,True,C,REAR END,,Friday,NotApplicable,False,M,,False,True,True,Santa Clara Superior,C,OTHER MOTOR VEHICLE,,0,0,CLEAR,, NO UNUSUAL CONDITIONS,, ,C,DARK-STREET LIGHTS,37.25563,-121.85804,,,,,A,NO PEDESTRIANS INVOLVED,12/15/2017 12:00:00 AM,A,22350,False,2.0,SR-85 S/B,,,12/20/2017 9:07:50 AM,A,S,500.0,Santa Teresa Blvd,F,,D,12/20/2017 9:08:19 AM,12/20/2017 9:08:19 AM,,True,2,,,,,,,
621348,9340-2017-18830,1,False,9340,12/15/2017 8:55:00 AM,855,110,1368,4313,San Jose,43,True,True,C,REAR END,,Friday,NotApplicable,False,,,False,True,True,Santa Clara Superior,C,OTHER MOTOR VEHICLE,,0,0,CLEAR,, NO UNUSUAL CONDITIONS,, ,A,DAYLIGHT,37.35025,-121.86167,,,,,A,NO PEDESTRIANS INVOLVED,12/15/2017 12:00:00 AM,A,21658(a),False,1.0,US101 N/B,,,12/20/2017 9:03:11 AM,A,S,60.0,McKee Rd,F,,D,12/20/2017 9:03:42 AM,12/20/2017 9:03:42 AM,,True,2,,,,,,,
621341,9340-2017-18836,1,False,9340,12/15/2017 9:30:00 AM,930,282,1368,4313,San Jose,43,True,True,C,REAR END,,Friday,NotApplicable,False,,,False,True,True,Santa Clara Superior,C,OTHER MOTOR VEHICLE,,0,0,CLEAR,, NO UNUSUAL CONDITIONS,, ,A,DAYLIGHT,37.334142,-122.037453,,,,,A,NO PEDESTRIANS INVOLVED,12/15/2017 12:00:00 AM,A,22350,False,1.0,I-280 S/B,,,12/20/2017 8:59:36 AM,A,N,1430.0,De Anza Ave,F,,D,12/20/2017 9:00:05 AM,12/20/2017 9:00:05 AM,,True,2,,,,,,,
621327,9340-2017-18831,1,False,9340,12/15/2017 11:50:00 AM,1150,282,1368,4313,San Jose,43,True,True,C,REAR END,,Friday,NotApplicable,False,,,False,True,False,Santa Clara Superior,C,OTHER MOTOR VEHICLE,,0,0,CLOUDY,, NO UNUSUAL CONDITIONS,, ,A,DAYLIGHT,37.316134,-121.965322,,,,,A,NO PEDESTRIANS INVOLVED,12/15/2017 12:00:00 AM,A,22350 ,False,2.0,I-280 N/B,,,12/20/2017 8:50:23 AM,A,N,400.0,San Tomas Expwy,F,,D,12/20/2017 8:50:57 AM,12/20/2017 8:50:57 AM,,True,2,,,,,,,
621281,9340-2017-18801,1,False,9340,12/14/2017 2:10:00 PM,1410,520,1368,4313,San Jose,43,True,True,D,BROADSIDE,,Thursday,Yes,False,,,False,False,True,Santa Clara Superior,C,OTHER MOTOR VEHICLE,,1,0,CLEAR,, NO UNUSUAL CONDITIONS,, ,A,DAYLIGHT,37.294235,-121.960703,,,,,A,NO PEDESTRIANS INVOLVED,12/14/2017 12:00:00 AM,A,21461(a),True,1.0,San Tomas Expy,,,12/20/2017 8:15:15 AM,A,,,Hamilton Ave,,,A,12/20/2017 8:16:32 AM,12/20/2017 8:16:32 AM,True,,2,,,,,,,
621237,9340-2017-18798,1,False,9340,12/14/2017 8:10:00 AM,810,088,1368,4313,San Jose,43,True,True,C,REAR END,,Thursday,NotApplicable,False,,,False,True,False,Santa Clara Superior,C,OTHER MOTOR VEHICLE,,0,0,CLEAR,, NO UNUSUAL CONDITIONS,, ,A,DAYLIGHT,37.332448,-121.938965,,,,,A,NO PEDESTRIANS INVOLVED,12/14/2017 12:00:00 AM,A,22350,False,1.0,I-880 N/B,,,12/20/2017 7:46:37 AM,A,S,1000.0,Bascom Ave,F,,D,12/20/2017 7:47:07 AM,12/20/2017 7:47:07 AM,,True,2,,,,,,,
621223,9340-2017-18796,1,False,9340,12/14/2017 6:10:00 AM,610,120,1368,4313,San Jose,43,True,True,B,SIDE SWIPE,,Thursday,NotApplicable,False,,,False,True,True,Santa Clara Superior,C,OTHER MOTOR VEHICLE,,0,0,CLEAR,, NO UNUSUAL CONDITIONS,, ,C,DARK-STREET LIGHTS,37.36384,-121.90148,,,,,A,NO PEDESTRIANS INVOLVED,12/14/2017 12:00:00 AM,A,21658(a),False,1.0,US-101 SB,,,12/20/2017 7:38:03 AM,A,S,50.0,I-880,F,,D,12/20/2017 7:38:49 AM,12/20/2017 7:38:49 AM,,True,2,,,,,,,
621221,9340-2017-18784,1,False,9340,12/13/2017 9:15:00 PM,2115,281,1368,4313,San Jose,43,True,True,B,SIDE SWIPE,,Wednesday,NotApplicable,False,,,False,True,False,Santa Clara Superior,C,OTHER MOTOR VEHICLE,,0,0,CLEAR,, NO UNUSUAL CONDITIONS,, ,D,DARK-NO STREET LIGHTS,37.31924,-121.90144,,,,,A,NO PEDESTRIANS INVOLVED,12/13/2017 12:00:00 AM,A,21658(a),False,,I-280 S/B,,,12/20/2017 7:36:20 AM,A,N,1000.0,Bird Ave,F,,D,12/20/2017 7:36:57 AM,12/20/2017 7:36:57 AM,,True,2,,,,,,,
621209,9340-2017-18758,1,False,9340,12/13/2017 5:30:00 AM,530,530,1368,4313,San Jose,43,True,True,C,REAR END,,Wednesday,Yes,False,,,False,False,True,Santa Clara Superior,C,OTHER MOTOR VEHICLE,,1,0,CLEAR,, NO UNUSUAL CONDITIONS,, ,A,DAYLIGHT,37.39755,-121.93689,,,,,A,NO PEDESTRIANS INVOLVED,12/13/2017 12:00:00 AM,A,22350,False,1.0,Montague Expy W/B,,,12/20/2017 7:29:43 AM,A,E,70.0,N. First St.,F,,D,12/20/2017 7:30:34 AM,12/20/2017 7:30:34 AM,True,,2,,,,,,,
621173,9340-2017-18805,1,False,9340,12/14/2017 3:20:00 PM,1520,088,1368,4313,San Jose,43,True,True,C,REAR END,,Thursday,NotApplicable,False,,,False,True,True,Santa Clara Superior,C,OTHER MOTOR VEHICLE,,0,0,CLEAR,, NO UNUSUAL CONDITIONS,, ,A,DAYLIGHT,37.34133,-121.92746,,,,,A,NO PEDESTRIANS INVOLVED,12/14/2017 12:00:00 AM,A,22350,False,1.0,I-880 N/B,,,12/20/2017 7:00:43 AM,A,S,300.0,The Alameda,F,,D,12/20/2017 7:01:23 AM,12/20/2017 7:01:23 AM,,True,2,,,,,,,
621168,9340-2017-18799,1,False,9340,12/14/2017 12:55:00 PM,1255,681,1368,4313,San Jose,43,True,True,B,SIDE SWIPE,,Thursday,Yes,False,,,False,True,True,Santa Clara Superior,C,OTHER MOTOR VEHICLE,,2,0,CLEAR,, NO UNUSUAL CONDITIONS,, ,A,DAYLIGHT,37.39042,-121.86951,,,,,A,NO PEDESTRIANS INVOLVED,12/14/2017 12:00:00 AM,A,21658(a),True,1.0,I-680 S/B,,,12/20/2017 6:56:19 AM,A,S,1000.0,Hostetter Rd,F,,D,12/20/2017 6:57:00 AM,12/20/2017 6:57:00 AM,,True,2,,,,,,,
621162,9340-2017-18794,1,False,9340,12/14/2017 12:25:00 PM,1225,110,1368,4313,San Jose,43,True,True,C,REAR END,,Thursday,Yes,False,,,False,True,True,Santa Clara Superior,C,OTHER MOTOR VEHICLE,,2,0,CLEAR,, NO UNUSUAL CONDITIONS,, ,A,DAYLIGHT,37.2289,-121.854,,,,,A,NO PEDESTRIANS INVOLVED,12/14/2017 12:00:00 AM,A,22350,False,1.0,US101 N/B TO I-280 N/B,,,12/20/2017 6:52:11 AM,A,S,1000.0,McLaughlin Ave,F,,D,12/20/2017 6:52:52 AM,12/20/2017 6:52:52 AM,,True,2,,,,,,,
621158,9340-2017-18808,1,False,9340,12/14/2017 4:30:00 PM,1630,089,1368,4313,San Jose,43,True,True,C,REAR END,,Thursday,NotApplicable,False,,,False,True,False,Santa Clara Superior,C,OTHER MOTOR VEHICLE,,0,0,CLEAR,, NO UNUSUAL CONDITIONS,, ,A,DAYLIGHT,37.23524,-121.54293,,,,,A,NO PEDESTRIANS INVOLVED,12/14/2017 12:00:00 AM,A,22350,False,1.0,I-880 S/B,,,12/20/2017 6:47:39 AM,A,S,1300.0,Montague Expy,F,,D,12/20/2017 6:48:09 AM,12/20/2017 6:48:09 AM,,True,2,,,,,,,
621124,9340-2017-18807,1,False,9340,12/14/2017 7:15:00 PM,1915,681,1368,4313,San Jose,43,True,True,B,SIDE SWIPE,,Thursday,NotApplicable,False,,,False,True,False,Santa Clara Superior,C,OTHER MOTOR VEHICLE,,0,0,CLEAR,, NO UNUSUAL CONDITIONS,, ,C,DARK-STREET LIGHTS,37.40487,-121.87761,,,,,A,NO PEDESTRIANS INVOLVED,12/14/2017 12:00:00 AM,A,21658(a),False,2.0,I-680 S/B,,,12/20/2017 6:04:05 AM,A,S,200.0,Cropley Ave,F,,D,12/20/2017 6:04:34 AM,12/20/2017 6:04:34 AM,,True,2,,,,,,,
621123,9340-2017-18802,1,False,9340,12/14/2017 2:00:00 PM,1400,089,1368,4313,San Jose,43,True,True,C,REAR END,,Thursday,NotApplicable,False,,,False,True,False,Santa Clara Superior,C,OTHER MOTOR VEHICLE,,0,0,CLEAR,, NO UNUSUAL CONDITIONS,, ,A,DAYLIGHT,37.37492,-121.90298,,,,,A,NO PEDESTRIANS INVOLVED,12/14/2017 12:00:00 AM,A,22350,False,1.0,I-880 S/B,,,12/20/2017 6:01:05 AM,A,S,500.0,Brokaw Rd,F,,D,12/20/2017 6:01:35 AM,12/20/2017 6:01:35 AM,,True,2,,,,,,,
621114,9340-2017-18816,1,False,9340,12/14/2017 4:30:00 AM,430,281,1368,4313,San Jose,43,True,True,A,HEAD-ON,,Thursday,NotApplicable,False,,,False,True,True,Santa Clara Superior,I,FIXED OBJECT,METAL GUARD RAIL,0,0,CLEAR,, NO UNUSUAL CONDITIONS,, ,C,DARK-STREET LIGHTS,37.32755,-121.87668,,,,,A,NO PEDESTRIANS INVOLVED,12/14/2017 12:00:00 AM,A,22107,False,1.0,I-280 S/B,,,12/20/2017 5:54:43 AM,A,N,400.0,7th St,F,,D,12/20/2017 5:55:12 AM,12/20/2017 5:55:12 AM,,True,2,,,,,,,
621106,9340-2017-18811,1,False,9340,12/14/2017 6:15:00 PM,1815,281,1368,4313,San Jose,43,True,True,C,REAR END,,Thursday,NotApplicable,False,M,,False,True,False,Santa Clara Superior,C,OTHER MOTOR VEHICLE,,0,0,CLEAR,, NO UNUSUAL CONDITIONS,, ,D,DARK-NO STREET LIGHTS,37.980808,-121.989789,,,,,A,NO PEDESTRIANS INVOLVED,12/14/2017 12:00:00 AM,A,22350,False,1.0,I-280 N/B,,,12/20/2017 5:50:37 AM,A,N,500.0,10th St,F,,D,12/20/2017 5:51:07 AM,12/20/2017 5:51:07 AM,,True,2,,,,,,,
621100,9340-2017-18792,1,False,9340,12/14/2017 11:20:00 AM,1120,110,1368,4313,San Jose,43,True,True,C,REAR END,,Thursday,NotApplicable,False,,,False,True,True,Santa Clara Superior,C,OTHER MOTOR VEHICLE,,0,0,CLEAR,, NO UNUSUAL CONDITIONS,, ,A,DAYLIGHT,37.3382,-121.8457,,,,,A,NO PEDESTRIANS INVOLVED,12/14/2017 12:00:00 AM,A,22350,False,1.0,US101 N/B TO STORY RD,,,12/20/2017 5:41:35 AM,A,S,400.0,Story Rd,F,,D,12/20/2017 5:42:08 AM,12/20/2017 5:42:08 AM,,True,2,,,,,,,
621091,9340-2017-18778,1,False,9340,12/9/2017 2:30:00 PM,1430,083,1368,4313,San Jose,43,True,True,C,REAR END,,Saturday,NotApplicable,False,,,False,True,False,Santa Clara Superior,C,OTHER MOTOR VEHICLE,,0,0,CLEAR,, NO UNUSUAL CONDITIONS,, ,A,DAYLIGHT,37.25269,-121.88592,,,,,A,NO PEDESTRIANS INVOLVED,12/9/2017 12:00:00 AM,A,21658(a),False,2.0,SR-85 N/B,,,12/20/2017 5:31:51 AM,A,N,1300.0,Almaden Expy,F,,D,12/20/2017 5:32:19 AM,12/20/2017 5:32:19 AM,,True,2,,,,,,,
621075,9725-2017-04109,1,False,9725,9/29/2017 11:40:00 AM,1140,015,1368,4313,San Jose,43,True,True,C,REAR END,,Friday,NotApplicable,False,M,,False,True,False,Santa Clara Superior,C,OTHER MOTOR VEHICLE,,0,0,CLEAR,, NO UNUSUAL CONDITIONS,, ,A,DAYLIGHT,37.24319,-121.77334,,,,,A,NO PEDESTRIANS INVOLVED,9/29/2017 12:00:00 AM,A,22350,False,1.0,US-101 S/B to bernal rd,,,12/20/2017 5:04:35 AM,A,N,100.0,Bernal Rd,F,,D,12/20/2017 5:05:14 AM,12/20/2017 5:05:14 AM,,True,2,,,,,,,
620739,9340-2017-18750,1,False,9340,12/13/2017 12:00:00 PM,1200,120,1368,4313,San Jose,43,True,True,E,HIT OBJECT,,Wednesday,Yes,False,,,False,True,True,Santa Clara Superior,A,NON-COLLISION,,1,0,CLEAR,, NO UNUSUAL CONDITIONS,, ,A,DAYLIGHT,37.397207,-122.012661,,,,,A,NO PEDESTRIANS INVOLVED,12/13/2017 12:00:00 AM,A,22350,False,1.0,US101 N/B,,,12/19/2017 1:29:52 PM,A,N,40.0,Fairoaks Ave,F,,D,12/19/2017 1:32:45 PM,12/19/2017 1:32:45 PM,,True,2,,,,,,,
620573,9340-2017-18822,1,False,9340,12/14/2017 10:05:00 AM,1005,085,1368,4313,San Jose,43,True,True,C,REAR END,,Thursday,NotApplicable,False,,,False,True,True,Santa Clara Superior,C,OTHER MOTOR VEHICLE,,0,0,CLEAR,, NO UNUSUAL CONDITIONS,, ,A,DAYLIGHT,37.257271,-121.95998,,,,,A,NO PEDESTRIANS INVOLVED,12/14/2017 12:00:00 AM,A,22350,False,2.0,SR-85 N/B,,,12/19/2017 10:59:20 AM,A,N,1138.0,SR-17,F,,D,12/19/2017 11:00:00 AM,12/19/2017 11:00:00 AM,,True,2,,,,,,,
620525,9340-2017-18764,1,False,9340,12/13/2017 6:50:00 PM,1850,088,1368,4313,San Jose,43,True,True,B,SIDE SWIPE,,Wednesday,NotApplicable,False,,,False,True,False,Santa Clara Superior,C,OTHER MOTOR VEHICLE,,0,0,CLEAR,, NO UNUSUAL CONDITIONS,, ,D,DARK-NO STREET LIGHTS,37.21606,-121.54517,,,,,A,NO PEDESTRIANS INVOLVED,12/13/2017 12:00:00 AM,A,22107,False,1.0,I-880 S/B,,,12/19/2017 10:34:16 AM,A,N,1500.0,Coleman Ave,F,,D,12/19/2017 10:34:48 AM,12/19/2017 10:34:48 AM,,True,2,,,,,,,
620478,9340-2017-18752,2,False,9340,12/13/2017 11:34:00 AM,1134,281,1368,4313,San Jose,43,True,True,B,SIDE SWIPE,,Wednesday,Yes,False,,,False,True,True,Santa Clara Superior,C,OTHER MOTOR VEHICLE,,1,0,CLEAR,, NO UNUSUAL CONDITIONS,, ,A,DAYLIGHT,37.3249,-121.8875,,,,,A,NO PEDESTRIANS INVOLVED,12/13/2017 12:00:00 AM,A,22107,False,1.0,I-280 N/B,,,2/17/2018 12:54:21 PM,A,S,1600.0,SR-87,F,,D,12/19/2017 10:13:14 AM,2/17/2018 12:54:42 PM,,True,2,,,,,,,
620441,9340-2017-18774,1,False,9340,12/13/2017 6:36:00 PM,1836,087,1368,4313,San Jose,43,True,True,C,REAR END,,Wednesday,NotApplicable,False,M,,False,True,False,Santa Clara Superior,C,OTHER MOTOR VEHICLE,,0,0,CLEAR,, NO UNUSUAL CONDITIONS,, ,D,DARK-NO STREET LIGHTS,37.317076,-121.999992,,,,,A,NO PEDESTRIANS INVOLVED,12/13/2017 12:00:00 AM,A,22350,False,1.0,SR-87 N/B,,,12/19/2017 9:55:07 AM,A,S,800.0,I-280,F,,D,12/19/2017 9:55:40 AM,12/19/2017 9:55:40 AM,,True,2,,,,,,,
620419,9340-2017-18660,1,False,9340,12/8/2017 5:13:00 PM,1713,083,1368,4313,San Jose,43,True,True,C,REAR END,,Friday,NotApplicable,False,,,False,True,True,Santa Clara Superior,C,OTHER MOTOR VEHICLE,,0,0,CLEAR,, NO UNUSUAL CONDITIONS,, ,D,DARK-NO STREET LIGHTS,37.2509,-121.9315,,,,,A,NO PEDESTRIANS INVOLVED,12/8/2017 12:00:00 AM,A,22350,False,1.0,SR-85 S/B,,,12/19/2017 9:47:13 AM,A,N,20.0,Union Ave,F,,D,12/19/2017 9:47:44 AM,12/19/2017 9:47:44 AM,,True,2,,,,,,,
620408,9340-2017-18767,1,False,9340,12/13/2017 3:50:00 PM,1550,087,1368,4313,San Jose,43,True,True,C,REAR END,,Wednesday,NotApplicable,False,,,False,True,False,Santa Clara Superior,C,OTHER MOTOR VEHICLE,,1,0,CLEAR,, NO UNUSUAL CONDITIONS,, ,A,DAYLIGHT,37.318422,-121.889534,,,,,A,NO PEDESTRIANS INVOLVED,12/13/2017 12:00:00 AM,A,22350,False,1.0,SR-87 N/B,,,12/19/2017 9:43:03 AM,A,S,800.0,I-280,F,,D,12/19/2017 9:43:36 AM,12/19/2017 9:43:36 AM,,True,2,,,,,,,
620399,9340-2017-18766,1,False,9340,12/13/2017 6:00:00 PM,1800,083,1368,4313,San Jose,43,True,True,B,SIDE SWIPE,,Wednesday,NotApplicable,False,,,False,True,True,Santa Clara Superior,C,OTHER MOTOR VEHICLE,,0,0,CLEAR,, NO UNUSUAL CONDITIONS,, ,C,DARK-STREET LIGHTS,37.256072,-121.869781,,,,,A,NO PEDESTRIANS INVOLVED,12/13/2017 12:00:00 AM,A,22107,False,1.0,SR-85 N/B,,,12/19/2017 9:39:56 AM,A,S,1720.0,ALMADEN EXPRESSWAY,F,,D,12/19/2017 9:40:28 AM,12/19/2017 9:40:28 AM,,True,2,,,,,,,
620350,9340-2017-18761,1,False,9340,12/13/2017 5:45:00 PM,1745,089,1368,4313,San Jose,43,True,True,B,SIDE SWIPE,,Wednesday,NotApplicable,False,M,,False,True,False,Santa Clara Superior,C,OTHER MOTOR VEHICLE,,0,0,CLEAR,, NO UNUSUAL CONDITIONS,, ,B,DUSK-DAWN,37.36823,-121.90135,,,,,A,NO PEDESTRIANS INVOLVED,12/13/2017 12:00:00 AM,A,22107,False,1.0,I-880 S/B,,,12/19/2017 9:16:30 AM,A,N,330.0,Old Bayshore Hwy,F,,D,12/19/2017 9:17:07 AM,12/19/2017 9:17:07 AM,,True,2,,,,,,,
620298,9340-2017-18698,1,False,9340,12/11/2017 1:59:00 AM,159,110,1368,4313,San Jose,43,True,True,B,SIDE SWIPE,,Monday,NotApplicable,False,,,False,True,True,Santa Clara Superior,C,OTHER MOTOR VEHICLE,,0,0,CLEAR,, NO UNUSUAL CONDITIONS,, ,D,DARK-NO STREET LIGHTS,37.35779,-121.87059,,,,,A,NO PEDESTRIANS INVOLVED,12/11/2017 12:00:00 AM,A,23152(a),False,1.0,US-101 S/B,,,12/19/2017 8:54:44 AM,A,N,1500.0,McKee Rd,F,,D,12/19/2017 8:55:26 AM,12/19/2017 8:55:26 AM,,True,2,,,,,,,
620212,9340-2017-18751,1,False,9340,12/13/2017 9:01:00 AM,901,282,1368,4313,San Jose,43,True,True,C,REAR END,,Wednesday,NotApplicable,False,,,False,True,True,Santa Clara Superior,C,OTHER MOTOR VEHICLE,,1,0,CLEAR,, NO UNUSUAL CONDITIONS,, ,A,DAYLIGHT,37.3173,-121.9735,,,,,A,NO PEDESTRIANS INVOLVED,12/13/2017 12:00:00 AM,A,22350,False,1.0,I-280 N/B,,,12/19/2017 8:07:22 AM,A,S,1000.0,Saratoga Ave,F,,D,12/19/2017 8:07:56 AM,12/19/2017 8:07:56 AM,,True,2,,,,,,,
620192,9340-2017-18769,1,False,9340,12/13/2017 5:30:00 PM,1730,110,1368,4313,San Jose,43,True,True,C,REAR END,,Wednesday,NotApplicable,False,,,False,True,True,Santa Clara Superior,C,OTHER MOTOR VEHICLE,,0,0,CLEAR,, NO UNUSUAL CONDITIONS,, ,C,DARK-STREET LIGHTS,37.34246,-121.8548,,,,,A,NO PEDESTRIANS INVOLVED,12/13/2017 12:00:00 AM,A,22350,False,1.0,US-101 S/B,,,12/19/2017 7:56:54 AM,A,S,300.0,Story Road,F,,D,12/19/2017 7:57:24 AM,12/19/2017 7:57:24 AM,,True,2,,,,,,,
620182,9340-2017-18771,1,False,9340,12/13/2017 4:30:00 PM,1630,110,1368,4313,San Jose,43,True,True,D,BROADSIDE,,Wednesday,NotApplicable,False,,,False,True,True,Santa Clara Superior,C,OTHER MOTOR VEHICLE,,0,0,CLEAR,, NO UNUSUAL CONDITIONS,, ,C,DARK-STREET LIGHTS,37.33383,-121.8465,,,,,A,NO PEDESTRIANS INVOLVED,12/13/2017 12:00:00 AM,A,22107,False,1.0,US-101 S/B,,,12/19/2017 7:52:21 AM,A,S,200.0,Story Road,F,,D,12/19/2017 7:53:21 AM,12/19/2017 7:53:21 AM,,True,2,,,,,,,