Collision Id,	Report Number,	Report Version,	Is Preliminary,	NCIC Code,Crash Date Time,	Crash Time Description,	Beat,City Id,	City Code,	City Name,County Code,	City Is Active,	City Is Incorporated,	Collision Type Code,Collision Type Description,	Collision Type Other Desc,	Day Of Week,	DispatchNotified,	HasPhotographs,	HitRun,	IsAttachmentsMailed,	IsDeleted,	IsHighwayRelated,	IsTowAway,	JudicialDistrict,	MotorVehicleInvolvedWithCode,	MotorVehicleInvolvedWithDesc,MotorVehicleInvolvedWithOtherDesc,	NumberInjured,	NumberKilled,Weather 1, Weather 2, Road Condition 1, Road Condition 2, Special Condition,LightingCode, LightingDescription,Latitude,Longitude,MilepostDirection,MilepostDistance,MilepostMarker,MilepostUnitOfMeasure,	PedestrianActionCode,PedestrianActionDesc,PreparedDate,	Primary Collision Factor Code,Primary Collision Factor Violation,PrimaryCollisionFactorIsCited,	PrimaryCollisionPartyNumber,	PrimaryRoad,	ReportingDistrict,	ReportingDistrictCode,ReviewedDate,	RoadwaySurfaceCode,SecondaryDirection,	SecondaryDistance,	SecondaryRoad,	SecondaryUnitOfMeasure,	SketchDesc,	TrafficControlDeviceCode,CreatedDate,	ModifiedDate,IsCountyRoad,IsFreeway,CHP555Version,	IsAdditonalObjectStruck,NotificationDate,	NotificationTimeDescription,	HasDigitalMediaFiles,	EvidenceNumber,	IsLocationReferToNarrative,	IsAOIOneSameAsLocation
620171,9340-2017-18791,1,False,9340,12/13/2017 8:50:00 AM,850,087,1368,4313,San Jose,43,True,True,C,REAR END,,Wednesday,NotApplicable,False,M,,False,True,False,Santa Clara Superior,C,OTHER MOTOR VEHICLE,,0,0,CLEAR,, NO UNUSUAL CONDITIONS,, ,A,DAYLIGHT,37.18289,-121.52333,,,,,A,NO PEDESTRIANS INVOLVED,12/13/2017 12:00:00 AM,A,22350,False,1.0,SR-87 N/B,,,12/19/2017 7:41:31 AM,A,S,300.0,Almaden Expy,F,,D,12/19/2017 7:42:09 AM,12/19/2017 7:42:09 AM,,True,2,,,,,,,
620170,9340-2017-18797,1,False,9340,12/13/2017 10:25:00 AM,1025,087,1368,4313,San Jose,43,True,True,E,HIT OBJECT,,Wednesday,NotApplicable,False,,,False,True,True,Santa Clara Superior,I,FIXED OBJECT,CONCRETE GUARD RAIL,0,0,CLEAR,, OBSTRUCTION ON ROADWAY*,, ,A,DAYLIGHT,37.175559,-121.522893,,,,,A,NO PEDESTRIANS INVOLVED,12/13/2017 12:00:00 AM,C,,,,SR-87 N/B,,,12/19/2017 7:41:08 AM,A,S,2000.0,Curtner Ave,F,,D,12/19/2017 7:41:42 AM,12/19/2017 7:41:42 AM,,True,2,,,,,,,
620165,9340-2017-18790,1,False,9340,12/13/2017 9:15:00 AM,915,281,1368,4313,San Jose,43,True,True,C,REAR END,,Wednesday,NotApplicable,False,,,False,True,False,Santa Clara Superior,C,OTHER MOTOR VEHICLE,,1,0,CLEAR,, NO UNUSUAL CONDITIONS,, ,A,DAYLIGHT,37.19166,-121.541868,,,,,A,NO PEDESTRIANS INVOLVED,12/13/2017 12:00:00 AM,A,22350,False,1.0,I-280 N/B,,,12/19/2017 7:37:37 AM,A,S,2000.0,RACE ST.,F,,D,12/19/2017 7:38:14 AM,12/19/2017 7:38:14 AM,,True,2,,,,,,,
620160,9340-2017-18789,1,False,9340,12/13/2017 5:50:00 AM,550,087,1368,4313,San Jose,43,True,True,B,SIDE SWIPE,,Wednesday,NotApplicable,False,M,,False,True,True,Santa Clara Superior,C,OTHER MOTOR VEHICLE,,1,0,CLEAR,, NO UNUSUAL CONDITIONS,, ,B,DUSK-DAWN,37.2226,-121.554185,,,,,A,NO PEDESTRIANS INVOLVED,12/13/2017 12:00:00 AM,A,21658(a),False,1.0,US-101 N/B FROM SR-87 N/B,,,12/19/2017 7:34:36 AM,A,S,3900.0,TRIMBLE RD.,F,,D,12/19/2017 7:35:10 AM,12/19/2017 7:35:10 AM,,True,2,,,,,,,
620159,9340-2017-18730,1,False,9340,12/12/2017 4:45:00 AM,445,282,1368,4313,San Jose,43,True,True,E,HIT OBJECT,,Tuesday,NotApplicable,False,,,False,True,False,Santa Clara Superior,I,FIXED OBJECT,TREE BRANCHES,0,0,CLEAR,, CONSTRUCTION-REPAIR ZONE,, ,D,DARK-NO STREET LIGHTS,37.3206,-121.9942,,,,,A,NO PEDESTRIANS INVOLVED,12/12/2017 12:00:00 AM,A,22350,False,1.0,I-280 N/B TO LAWRENCE OFF RAMP,,,12/19/2017 7:33:38 AM,A,S,200.0,Lawrence Expy,F,,D,12/19/2017 7:34:15 AM,12/19/2017 7:34:15 AM,,True,2,,,,,,,
620157,9340-2017-18773,1,False,9340,12/13/2017 2:20:00 PM,1420,281,1368,4313,San Jose,43,True,True,B,SIDE SWIPE,,Wednesday,NotApplicable,False,,,False,True,True,Santa Clara Superior,C,OTHER MOTOR VEHICLE,,0,0,CLEAR,, NO UNUSUAL CONDITIONS,, ,A,DAYLIGHT,37.879809,-121.098908,,,,,A,NO PEDESTRIANS INVOLVED,12/13/2017 12:00:00 AM,A,21658(a),False,1.0,I-280 S/B,,,12/19/2017 7:30:14 AM,A,N,400.0,Bird Ave,F,,D,12/19/2017 7:30:48 AM,12/19/2017 7:30:48 AM,,True,2,,,,,,,
620147,9340-2017-18748,1,False,9340,12/13/2017 8:50:00 AM,850,085,1368,4313,San Jose,43,True,True,C,REAR END,,Wednesday,NotApplicable,False,,,False,True,True,Santa Clara Superior,C,OTHER MOTOR VEHICLE,,0,0,CLEAR,, NO UNUSUAL CONDITIONS,, ,A,DAYLIGHT,37.266897,-121.984101,,,,,A,NO PEDESTRIANS INVOLVED,12/13/2017 12:00:00 AM,A,22350,False,2.0,SR-85 N/B,,,12/19/2017 7:26:13 AM,A,S,735.0,Quito Road,F,,D,12/19/2017 7:26:47 AM,12/19/2017 7:26:47 AM,,True,2,,,,,,,
620141,9340-2017-18747,1,False,9340,12/13/2017 6:20:00 AM,620,085,1368,4313,San Jose,43,True,True,C,REAR END,,Wednesday,NotApplicable,False,,,False,True,True,Santa Clara Superior,C,OTHER MOTOR VEHICLE,,0,0,CLEAR,, NO UNUSUAL CONDITIONS,, ,C,DARK-STREET LIGHTS,37.259808,-121.967766,,,,,A,NO PEDESTRIANS INVOLVED,12/13/2017 12:00:00 AM,A,22350,False,2.0,SR-85 N/B,,,12/19/2017 7:19:58 AM,A,N,987.0,Winchester Blvd,F,,D,12/19/2017 7:20:32 AM,12/19/2017 7:20:32 AM,,True,2,,,,,,,
620129,9340-2017-18760,1,False,9340,12/13/2017 5:04:00 AM,504,530,1368,4313,San Jose,43,True,True,C,REAR END,,Wednesday,Yes,False,,,False,False,False,Santa Clara Superior,C,OTHER MOTOR VEHICLE,,2,0,CLEAR,, NO UNUSUAL CONDITIONS,, ,C,DARK-STREET LIGHTS,37.23456,-121.34567,,,,,A,NO PEDESTRIANS INVOLVED,12/13/2017 12:00:00 AM,A,22350,False,1.0,MONTAGUE EXPWY E/B,,,12/19/2017 7:09:24 AM,A,W,40.0,N. FIRST ST,F,,A,12/19/2017 7:10:33 AM,12/19/2017 7:10:33 AM,True,,2,,,,,,,
620123,9340-2017-18892,1,False,9340,12/17/2017 10:50:00 PM,2250,110,1368,4313,San Jose,43,True,True,B,SIDE SWIPE,,Sunday,NotApplicable,False,,,False,True,False,Santa Clara Superior,C,OTHER MOTOR VEHICLE,,0,0,CLEAR,, NO UNUSUAL CONDITIONS,, ,C,DARK-STREET LIGHTS,37.311451,-121.825063,,,,,A,NO PEDESTRIANS INVOLVED,12/17/2017 12:00:00 AM,A,21658(a),False,1.0,US-101 S/B,,,12/19/2017 7:04:42 AM,A,N,0.75,CAPITOL EXPRESSWAY,M,,D,12/19/2017 7:05:16 AM,12/19/2017 7:05:16 AM,,True,2,,,,,,,
620110,9340-2017-18734,1,False,9340,12/12/2017 9:30:00 AM,930,120,1368,4313,San Jose,43,True,True,B,SIDE SWIPE,,Tuesday,NotApplicable,False,,,False,True,False,Santa Clara Superior,C,OTHER MOTOR VEHICLE,,0,0,CLEAR,, NO UNUSUAL CONDITIONS,, ,A,DAYLIGHT,37.2238,-121.5757,,,,,A,NO PEDESTRIANS INVOLVED,12/12/2017 12:00:00 AM,A,22107,False,1.0,N/B US-101 FROM SAN TOMAS EXPRESSWAY,,,12/19/2017 6:53:01 AM,A,N,400.0,San Tomas Expy,F,,D,12/19/2017 6:53:30 AM,12/19/2017 6:53:30 AM,,True,2,,,,,,,
620090,9340-2017-18738,1,False,9340,12/12/2017 7:05:00 PM,1905,087,1368,4313,San Jose,43,True,True,E,HIT OBJECT,,Tuesday,NotApplicable,False,,,False,True,False,Santa Clara Superior,I,FIXED OBJECT,cement median,1,0,CLEAR,, NO UNUSUAL CONDITIONS,, ,D,DARK-NO STREET LIGHTS,37.29907,-121.874773,,,,,A,NO PEDESTRIANS INVOLVED,12/12/2017 12:00:00 AM,A,22107,False,1.0,SR-87 N/B,,,12/19/2017 6:36:44 AM,A,N,760.0,Curtner Ave,F,,D,12/19/2017 6:37:26 AM,12/19/2017 6:37:26 AM,,True,2,,,,,,,
620085,9340-2017-18742,1,False,9340,12/12/2017 6:10:00 PM,1810,083,1368,4313,San Jose,43,True,True,C,REAR END,,Tuesday,NotApplicable,False,,,False,True,True,Santa Clara Superior,C,OTHER MOTOR VEHICLE,,0,0,CLEAR,, NO UNUSUAL CONDITIONS,, ,D,DARK-NO STREET LIGHTS,37.25056,-121.90019,,,,,A,NO PEDESTRIANS INVOLVED,12/12/2017 12:00:00 AM,A,22350,False,1.0,SR-85 S/B,,,12/19/2017 6:32:46 AM,A,S,3000.0,Camden Ave,F,,D,12/19/2017 6:33:19 AM,12/19/2017 6:33:19 AM,,True,2,,,,,,,
620081,9340-2017-18741,1,False,9340,12/12/2017 3:50:00 PM,1550,083,1368,4313,San Jose,43,True,True,C,REAR END,,Tuesday,NotApplicable,False,,,False,True,True,Santa Clara Superior,C,OTHER MOTOR VEHICLE,,0,0,CLEAR,, NO UNUSUAL CONDITIONS,, ,B,DUSK-DAWN,37.25393,-121.84383,,,,,A,NO PEDESTRIANS INVOLVED,12/12/2017 12:00:00 AM,A,22350,False,1.0,SR-85 S/B,,,12/19/2017 6:29:06 AM,A,N,2100.0,Blossom Hill Rd,F,,D,12/19/2017 6:30:01 AM,12/19/2017 6:30:01 AM,,True,2,,,,,,,
620073,9340-2017-18727,1,False,9340,12/12/2017 8:30:00 AM,830,230,1368,4313,San Jose,43,True,True,C,REAR END,,Tuesday,NotApplicable,False,,,False,True,True,Santa Clara Superior,C,OTHER MOTOR VEHICLE,,0,0,CLEAR,, NO UNUSUAL CONDITIONS,, ,A,DAYLIGHT,37.4189,-121.9582,,,,,A,NO PEDESTRIANS INVOLVED,12/12/2017 12:00:00 AM,A,22350,False,1.0,SR-237 E/B,,,12/19/2017 6:21:49 AM,A,W,1000.0,N 1st St,F,,D,12/19/2017 6:22:18 AM,12/19/2017 6:22:18 AM,,True,2,,,,,,,
620047,9340-2017-18488,1,False,9340,11/30/2017 4:00:00 PM,1600,120,1368,4313,San Jose,43,True,True,B,SIDE SWIPE,,Thursday,NotApplicable,False,,,False,True,False,Santa Clara Superior,C,OTHER MOTOR VEHICLE,,0,0,CLEAR,, NO UNUSUAL CONDITIONS,, ,A,DAYLIGHT,37.363177,-121.895368,,,,,A,NO PEDESTRIANS INVOLVED,11/30/2017 12:00:00 AM,A,22107,False,,US101 S/B,,,12/19/2017 5:40:33 AM,A,N,400.0,Oakland Rd,F,,D,12/19/2017 5:41:08 AM,12/19/2017 5:41:08 AM,,True,2,,,,,,,
619741,9340-2017-18714,1,False,9340,12/11/2017 5:03:00 PM,1703,282,1368,4313,San Jose,43,True,True,B,SIDE SWIPE,,Monday,NotApplicable,False,,,False,True,False,Santa Clara Superior,C,OTHER MOTOR VEHICLE,,0,0,CLEAR,, NO UNUSUAL CONDITIONS,, ,B,DUSK-DAWN,37.334352,-122.024848,,,,,A,NO PEDESTRIANS INVOLVED,12/11/2017 12:00:00 AM,A,21658(a),False,2.0,I-280 S/B,,,12/18/2017 2:05:20 PM,A,S,300.0,de Anza Blvd,F,,D,12/18/2017 2:06:10 PM,12/18/2017 2:06:10 PM,,True,2,,,,,,,
619731,9340-2017-18726,1,False,9340,12/12/2017 8:00:00 AM,800,681,1368,4313,San Jose,43,True,True,C,REAR END,,Tuesday,NotApplicable,False,,,False,True,False,Santa Clara Superior,C,OTHER MOTOR VEHICLE,,0,0,CLEAR,, NO UNUSUAL CONDITIONS,, ,A,DAYLIGHT,37.3437,-121.846,,,,,A,NO PEDESTRIANS INVOLVED,12/12/2017 12:00:00 AM,A,22350,False,1.0,I-680 S/B,,,12/18/2017 2:02:40 PM,A,N,150.0,King Rd,F,,D,12/18/2017 2:03:10 PM,12/18/2017 2:03:10 PM,,True,2,,,,,,,
619721,9340-2017-18744,1,False,9340,12/12/2017 6:45:00 PM,1845,681,1368,4313,San Jose,43,True,True,C,REAR END,,Tuesday,NotApplicable,False,,,False,True,False,Santa Clara Superior,C,OTHER MOTOR VEHICLE,,0,0,CLEAR,, NO UNUSUAL CONDITIONS,, ,C,DARK-STREET LIGHTS,37.368617,-121.846739,,,,,A,NO PEDESTRIANS INVOLVED,12/12/2017 12:00:00 AM,A,22350,False,1.0,I-680 S/B,,,12/18/2017 1:52:16 PM,A,N,200.0,McKee Rd,F,,D,12/18/2017 1:52:51 PM,12/18/2017 1:52:51 PM,,True,2,,,,,,,
619719,9340-2017-18731,1,False,9340,12/12/2017 9:45:00 AM,945,281,1368,4313,San Jose,43,True,True,C,REAR END,,Tuesday,NotApplicable,False,,,False,True,False,Santa Clara Superior,C,OTHER MOTOR VEHICLE,,0,0,CLEAR,, NO UNUSUAL CONDITIONS,, ,A,DAYLIGHT,37.3249,-121.8896,,,,,A,NO PEDESTRIANS INVOLVED,12/12/2017 12:00:00 AM,A,22350,False,1.0,I-280 N/B TO SR-87 N/B,,,12/18/2017 1:51:49 PM,A,S,800.0,SR-87,F,,D,12/18/2017 1:52:20 PM,12/18/2017 1:52:20 PM,,True,2,,,,,,,
619606,9340-2017-18622,1,False,9340,12/7/2017 2:55:00 PM,1455,088,1368,4313,San Jose,43,True,True,C,REAR END,,Thursday,NotApplicable,False,,,False,True,True,Santa Clara Superior,C,OTHER MOTOR VEHICLE,,0,0,CLEAR,, NO UNUSUAL CONDITIONS,, ,A,DAYLIGHT,37.3405,-121.92907,,,,,A,NO PEDESTRIANS INVOLVED,12/7/2017 12:00:00 AM,A,22350,False,1.0,I-880 S/B,,,12/18/2017 12:36:12 PM,A,S,600.0,The Alameda,F,,D,12/18/2017 12:36:41 PM,12/18/2017 12:36:41 PM,,True,2,,,,,,,
619552,9340-2017-18712,1,False,9340,12/11/2017 5:45:00 PM,1745,089,1368,4313,San Jose,43,True,True,C,REAR END,,Monday,NotApplicable,False,M,,False,True,False,Santa Clara Superior,A,NON-COLLISION,,1,0,CLEAR,, NO UNUSUAL CONDITIONS,, ,D,DARK-NO STREET LIGHTS,37.351848,-121.914087,,,,,A,NO PEDESTRIANS INVOLVED,12/11/2017 12:00:00 AM,A,22350,False,1.0,I-880 S/B,,,12/18/2017 11:49:32 AM,A,N,2500.0,Coleman Ave,F,,D,12/18/2017 11:50:20 AM,12/18/2017 11:50:20 AM,,True,2,,,,,,,
619417,9340-2017-18713,1,False,9340,12/11/2017 2:45:00 PM,1445,281,1368,4313,San Jose,43,True,True,E,HIT OBJECT,,Monday,NotApplicable,False,,,False,True,True,Santa Clara Superior,I,FIXED OBJECT,K-RAIL,0,0,CLEAR,, NO UNUSUAL CONDITIONS,, ,A,DAYLIGHT,37.98098,-121.098009,,,,,A,NO PEDESTRIANS INVOLVED,12/11/2017 12:00:00 AM,A,22107,False,1.0,I-280 N/B,,,12/18/2017 10:20:37 AM,A,N,200.0,7th St,F,,D,12/18/2017 10:22:12 AM,12/18/2017 10:22:12 AM,,True,2,,,,,,,
619411,9340-2017-18697,1,False,9340,12/10/2017 11:50:00 PM,2350,087,1368,4313,San Jose,43,True,True,E,HIT OBJECT,,Sunday,NotApplicable,False,M,,False,True,True,Santa Clara Superior,I,FIXED OBJECT,concrete center median,0,0,CLEAR,, NO UNUSUAL CONDITIONS,, ,D,DARK-NO STREET LIGHTS,37.3712,-121.9268,,,,,A,NO PEDESTRIANS INVOLVED,12/10/2017 12:00:00 AM,A,22107,False,1.0,SR-87 N/B,,,12/18/2017 10:17:00 AM,A,S,820.0,US-101,F,,D,12/18/2017 10:18:08 AM,12/18/2017 10:18:08 AM,,True,2,,,,,,,
619405,9340-2017-18683,1,False,9340,12/10/2017 9:10:00 AM,910,681,1368,4313,San Jose,43,True,True,F,OVERTURNED,,Sunday,Yes,False,,,False,True,True,Santa Clara Superior,A,NON-COLLISION,,1,0,CLEAR,, NO UNUSUAL CONDITIONS,, ,A,DAYLIGHT,37.347283,-121.397823,,,,,A,NO PEDESTRIANS INVOLVED,12/10/2017 12:00:00 AM,A,22107,False,1.0, I-680 S/B (TO US-101 S/B),,,12/18/2017 10:14:15 AM,A,N,1000.0,Story Rd,F,,D,12/18/2017 10:14:58 AM,12/18/2017 10:14:58 AM,,True,2,,,,,,,
619401,9340-2017-18681,1,False,9340,12/10/2017 2:40:00 AM,240,083,1368,4313,San Jose,43,True,True,F,OVERTURNED,,Sunday,Yes,False,,,False,True,True,Santa Clara Superior,I,FIXED OBJECT,ASPHALT ROADWAY,1,0,CLEAR,, NO UNUSUAL CONDITIONS,, ,C,DARK-STREET LIGHTS,37.14569,-121.54332,,,,,A,NO PEDESTRIANS INVOLVED,12/10/2017 12:00:00 AM,A,23152(a),False,1.0,SR-85 SB FROM CAMDEN AVE,,,12/18/2017 10:10:09 AM,A,S,135.0,Camden Ave,F,,D,12/18/2017 10:10:50 AM,12/18/2017 10:10:50 AM,,True,2,,,,,,,
619400,9340-2017-18685,1,False,9340,12/10/2017 12:50:00 PM,1250,088,1368,4313,San Jose,43,True,True,C,REAR END,,Sunday,NotApplicable,False,,,False,True,True,Santa Clara Superior,C,OTHER MOTOR VEHICLE,,0,0,CLEAR,, NO UNUSUAL CONDITIONS,, ,A,DAYLIGHT,37.326936,-121.940946,,,,,A,NO PEDESTRIANS INVOLVED,12/10/2017 12:00:00 AM,A,22350 VC,False,1.0,I-880 Southbound,,,12/18/2017 10:08:55 AM,A,S,20.0,Forest Ave,F,,D,12/18/2017 10:09:23 AM,12/18/2017 10:09:23 AM,,True,2,,,,,,,
619396,9340-2017-18679,1,False,9340,12/9/2017 9:35:00 PM,2135,281,1368,4313,San Jose,43,True,True,E,HIT OBJECT,,Saturday,NotApplicable,False,,,False,True,True,Santa Clara Superior,I,FIXED OBJECT,Concrete Barrier,0,0,CLEAR,, NO UNUSUAL CONDITIONS,, ,D,DARK-NO STREET LIGHTS,37.3231,-121.8949,,,,,A,NO PEDESTRIANS INVOLVED,12/9/2017 12:00:00 AM,A,22107,False,1.0,I-280 S/B,,,12/18/2017 10:07:37 AM,A,N,750.0,SR-87,F,,D,12/18/2017 10:08:08 AM,12/18/2017 10:08:08 AM,,True,2,,,,,,,
619394,9340-2017-18684,1,False,9340,12/10/2017 11:50:00 AM,1150,088,1368,4313,San Jose,43,True,True,C,REAR END,,Sunday,NotApplicable,False,,,False,True,False,Santa Clara Superior,C,OTHER MOTOR VEHICLE,,0,0,CLEAR,, NO UNUSUAL CONDITIONS,, ,A,DAYLIGHT,37.322216,-121.940701,,,,,A,NO PEDESTRIANS INVOLVED,12/10/2017 12:00:00 AM,A,22350 VC,False,1.0,I-880 Southbound,,,12/18/2017 10:05:46 AM,A,S,300.0,Stevens Creek Blvd,F,,D,12/18/2017 10:06:12 AM,12/18/2017 10:06:12 AM,,True,2,,,,,,,
619391,9340-2017-18677,1,False,9340,12/9/2017 7:40:00 PM,1940,281,1368,4313,San Jose,43,True,True,C,REAR END,,Saturday,NotApplicable,False,M,,False,True,False,Santa Clara Superior,C,OTHER MOTOR VEHICLE,,0,0,CLEAR,, NO UNUSUAL CONDITIONS,, ,D,DARK-NO STREET LIGHTS,37.33097,-121.86639,,,,,A,NO PEDESTRIANS INVOLVED,12/9/2017 12:00:00 AM,A,22350,False,1.0,I-280 N/B,,,12/18/2017 10:02:42 AM,A,S,1600.0,11th St,F,,D,12/18/2017 10:03:21 AM,12/18/2017 10:03:21 AM,,True,2,,,,,,,
619362,9340-2017-18651,1,False,9340,12/8/2017 10:15:00 AM,1015,282,1368,4313,San Jose,43,True,True,C,REAR END,,Friday,NotApplicable,False,,,False,True,True,Santa Clara Superior,C,OTHER MOTOR VEHICLE,,0,0,CLEAR,, NO UNUSUAL CONDITIONS,, ,A,DAYLIGHT,37.31832,-121.98856,,,,,A,NO PEDESTRIANS INVOLVED,12/8/2017 12:00:00 AM,A,22350,False,1.0,I-280 N/B,,,12/18/2017 9:43:47 AM,A,S,2500.0,Lawrence Expy,F,,D,12/18/2017 9:44:18 AM,12/18/2017 9:44:18 AM,,True,2,,,,,,,
619359,9340-2017-18650,1,False,9340,12/8/2017 1:15:00 PM,1315,281,1368,4313,San Jose,43,True,True,B,SIDE SWIPE,,Friday,NotApplicable,False,,,False,True,False,Santa Clara Superior,C,OTHER MOTOR VEHICLE,,0,0,CLEAR,, NO UNUSUAL CONDITIONS,, ,A,DAYLIGHT,37.3265,-121.88209,,,,,A,NO PEDESTRIANS INVOLVED,12/8/2017 12:00:00 AM,A,21658(a),False,,I-280 S/B ,,,12/18/2017 9:42:16 AM,A,S,300.0,FIRST ST ,F,,D,12/18/2017 9:42:45 AM,12/18/2017 9:42:45 AM,,True,2,,,,,,,
619296,9340-2017-18645,1,False,9340,12/8/2017 8:25:00 AM,825,901,1368,4313,San Jose,43,True,True,H,OTHER,non collision,Friday,NotApplicable,True,F,,False,False,False,Santa Clara Superior,A,NON-COLLISION,,1,0,CLEAR,, NO UNUSUAL CONDITIONS,, School Bus Collision,A,DAYLIGHT,37.251334,-121.829517,,,,,A,NO PEDESTRIANS INVOLVED,12/8/2017 12:00:00 AM,A,21658(a),False,2.0,Blossom Hill Road w/b,,,12/18/2017 9:06:32 AM,A,E,800.0,Snell Avenue,F,,D,12/18/2017 9:07:33 AM,12/18/2017 9:07:33 AM,,,2,,,,,,,
619285,9340-2017-18703,1,False,9340,12/11/2017 10:30:00 AM,1030,281,1368,4313,San Jose,43,True,True,C,REAR END,,Monday,NotApplicable,False,,,False,True,False,Santa Clara Superior,C,OTHER MOTOR VEHICLE,,1,0,CLEAR,, NO UNUSUAL CONDITIONS,, ,A,DAYLIGHT,37.3144,-121.9119,,,,,A,NO PEDESTRIANS INVOLVED,12/11/2017 12:00:00 AM,A,22350,False,1.0,I-280 S/B FROM SOUTHWEST EXPY,,,12/18/2017 9:01:36 AM,A,S,450.0,Southwest Expy,F,,D,12/18/2017 9:02:15 AM,12/18/2017 9:02:15 AM,,True,2,,,,,,,
619280,9340-2017-18705,1,False,9340,12/11/2017 6:30:00 AM,630,120,1368,4313,San Jose,43,True,True,C,REAR END,,Monday,NotApplicable,False,,,False,True,True,Santa Clara Superior,C,OTHER MOTOR VEHICLE,,0,0,CLEAR,, NO UNUSUAL CONDITIONS,, ,B,DUSK-DAWN,37.2221,-121.5517,,,,,A,NO PEDESTRIANS INVOLVED,12/11/2017 12:00:00 AM,A,22350,False,1.0,US101 N/B,,,12/18/2017 8:59:14 AM,A,N,80.0,Brokaw Rd,F,,D,12/18/2017 8:59:51 AM,12/18/2017 8:59:51 AM,,True,2,,,,,,,
619224,9340-2017-18662,1,False,9340,12/8/2017 6:25:00 PM,1825,087,1368,4313,San Jose,43,True,True,B,SIDE SWIPE,,Friday,NotApplicable,False,,,False,True,True,Santa Clara Superior,C,OTHER MOTOR VEHICLE,,1,0,CLEAR,, NO UNUSUAL CONDITIONS,, ,D,DARK-NO STREET LIGHTS,37.36385,-121.91858,,,,,A,NO PEDESTRIANS INVOLVED,12/8/2017 12:00:00 AM,A,21658(a),True,1.0,SR-87 S/B,,,12/18/2017 8:31:56 AM,A,S,180.0,Skyport Dr,F,,D,12/18/2017 8:32:40 AM,12/18/2017 8:32:40 AM,,True,2,,,,,,,
619181,9340-2017-18597,1,False,9340,12/6/2017 6:48:00 PM,1848,089,1368,4313,San Jose,43,True,True,B,SIDE SWIPE,,Wednesday,NotApplicable,False,,,False,True,False,Santa Clara Superior,C,OTHER MOTOR VEHICLE,,0,0,CLEAR,, NO UNUSUAL CONDITIONS,, ,C,DARK-STREET LIGHTS,37.214898,-121.54877,,,,,A,NO PEDESTRIANS INVOLVED,12/6/2017 12:00:00 AM,A,21658(a),False,2.0,I-880 S/B,,,12/18/2017 8:01:43 AM,A,N,0.4,1st St,M,,D,12/18/2017 8:02:18 AM,12/18/2017 8:02:18 AM,,True,2,,,,,,,
619176,9725-2017-04609,1,False,9725,12/12/2017 5:45:00 PM,1745,085,1368,4313,San Jose,43,True,True,C,REAR END,,Tuesday,NotApplicable,False,,,False,True,True,Santa Clara Superior,C,OTHER MOTOR VEHICLE,,0,0,CLEAR,, NO UNUSUAL CONDITIONS,, ,A,DAYLIGHT,37.240235,-121.793336,,,,,A,NO PEDESTRIANS INVOLVED,12/12/2017 12:00:00 AM,A,22350,False,1.0,SR-85 N/B,,,12/18/2017 7:58:06 AM,A,,,Cottle Rd,,,D,12/18/2017 7:58:36 AM,12/18/2017 7:58:36 AM,,True,2,,,,,,,
618855,9340-2017-18702,1,False,9340,12/10/2017 9:50:00 PM,2150,088,1368,4313,San Jose,43,True,True,B,SIDE SWIPE,,Sunday,Yes,False,,,False,True,True,Santa Clara Superior,I,FIXED OBJECT,SOUND WALL,1,0,CLEAR,, NO UNUSUAL CONDITIONS,, ,D,DARK-NO STREET LIGHTS,37.328172,-121.940882,,,,,A,NO PEDESTRIANS INVOLVED,12/10/2017 12:00:00 AM,A,23152(a),True,1.0,I-880 S/B,,,12/17/2017 12:13:07 AM,A,N,1500.0,Stevens Creek Blvd,F,,D,12/17/2017 12:13:56 AM,12/17/2017 12:13:56 AM,,True,2,,,,,,,
618566,9340-2017-18692,1,False,9340,12/10/2017 2:45:00 PM,1445,120,1368,4313,San Jose,43,True,True,C,REAR END,,Sunday,NotApplicable,False,,,False,True,False,Santa Clara Superior,C,OTHER MOTOR VEHICLE,,0,0,CLEAR,, NO UNUSUAL CONDITIONS,, ,A,DAYLIGHT,37.36331,-121.89423,,,,,A,NO PEDESTRIANS INVOLVED,12/10/2017 12:00:00 AM,A,22350,False,1.0,US101 N/B,,,12/15/2017 2:34:10 PM,A,N,200.0,13th St,F,,D,12/15/2017 2:34:43 PM,12/15/2017 2:34:43 PM,,True,2,,,,,,,