Collision Id,	Report Number,	Report Version,	Is Preliminary,	NCIC Code,Crash Date Time,	Crash Time Description,	Beat,City Id,	City Code,	City Name,County Code,	City Is Active,	City Is Incorporated,	Collision Type Code,Collision Type Description,	Collision Type Other Desc,	Day Of Week,	DispatchNotified,	HasPhotographs,	HitRun,	IsAttachmentsMailed,	IsDeleted,	IsHighwayRelated,	IsTowAway,	JudicialDistrict,	MotorVehicleInvolvedWithCode,	MotorVehicleInvolvedWithDesc,MotorVehicleInvolvedWithOtherDesc,	NumberInjured,	NumberKilled,Weather 1, Weather 2, Road Condition 1, Road Condition 2, Special Condition,LightingCode, LightingDescription,Latitude,Longitude,MilepostDirection,MilepostDistance,MilepostMarker,MilepostUnitOfMeasure,	PedestrianActionCode,PedestrianActionDesc,PreparedDate,	Primary Collision Factor Code,Primary Collision Factor Violation,PrimaryCollisionFactorIsCited,	PrimaryCollisionPartyNumber,	PrimaryRoad,	ReportingDistrict,	ReportingDistrictCode,ReviewedDate,	RoadwaySurfaceCode,SecondaryDirection,	SecondaryDistance,	SecondaryRoad,	SecondaryUnitOfMeasure,	SketchDesc,	TrafficControlDeviceCode,CreatedDate,	ModifiedDate,IsCountyRoad,IsFreeway,CHP555Version,	IsAdditonalObjectStruck,NotificationDate,	NotificationTimeDescription,	HasDigitalMediaFiles,	EvidenceNumber,	IsLocationReferToNarrative,	IsAOIOneSameAsLocation
618553,9340-2017-18658,1,False,9340,12/8/2017 6:20:00 PM,1820,281,1368,4313,San Jose,43,True,True,B,SIDE SWIPE,,Friday,NotApplicable,False,M,,False,True,False,Santa Clara Superior,C,OTHER MOTOR VEHICLE,,0,0,CLEAR,, NO UNUSUAL CONDITIONS,, ,D,DARK-NO STREET LIGHTS,37.31444,-121.91203,,,,,A,NO PEDESTRIANS INVOLVED,12/8/2017 12:00:00 AM,D,,,,I-280 S/B FROM MERIDIAN AVE.,,,12/15/2017 2:27:03 PM,A,S,350.0,Race St,F,,D,12/15/2017 2:27:42 PM,12/15/2017 2:27:42 PM,,True,2,,,,,,,
618547,9340-2017-18566,1,False,9340,12/5/2017 5:20:00 PM,1720,087,1368,4313,San Jose,43,True,True,C,REAR END,,Tuesday,NotApplicable,False,M,,False,True,False,Santa Clara Superior,C,OTHER MOTOR VEHICLE,,0,0,CLEAR,, NO UNUSUAL CONDITIONS,, ,C,DARK-STREET LIGHTS,37.27356,-121.86342,,,,,A,NO PEDESTRIANS INVOLVED,12/5/2017 12:00:00 AM,A,22350,False,1.0,SR-87 S/B FROM CAPITOL EXPY,,,12/15/2017 2:22:48 PM,A,S,250.0,Capitol Expy,F,,D,12/15/2017 2:23:25 PM,12/15/2017 2:23:25 PM,,True,2,,,,,,,
618545,9340-2017-18666,1,False,9340,12/8/2017 5:10:00 PM,1710,681,1368,4313,San Jose,43,True,True,B,SIDE SWIPE,,Friday,NotApplicable,False,M,,False,True,False,Santa Clara Superior,C,OTHER MOTOR VEHICLE,,0,0,CLEAR,, NO UNUSUAL CONDITIONS,, ,C,DARK-STREET LIGHTS,37.34171,-121.84832,,,,,A,NO PEDESTRIANS INVOLVED,12/8/2017 12:00:00 AM,A,21658A,False,1.0,I-680 N/B,,,12/15/2017 2:22:13 PM,A,,,US101,,,D,12/15/2017 2:22:51 PM,12/15/2017 2:22:51 PM,,True,2,,,,,,,
618529,9340-2017-18693,1,False,9340,12/10/2017 5:45:00 PM,1745,088,1368,4313,San Jose,43,True,True,B,SIDE SWIPE,,Sunday,NotApplicable,False,,,False,True,False,Santa Clara Superior,C,OTHER MOTOR VEHICLE,,0,0,CLEAR,, NO UNUSUAL CONDITIONS,, ,C,DARK-STREET LIGHTS,37.3543,-121.9112,,,,,A,NO PEDESTRIANS INVOLVED,12/10/2017 12:00:00 AM,A,21658(a),False,1.0,I-880 S/B,,,12/15/2017 2:07:47 PM,A,N,3000.0,Coleman Ave,F,,D,12/15/2017 2:08:40 PM,12/15/2017 2:08:40 PM,,True,2,,,,,,,
618497,9340-2017-18718,1,False,9340,12/11/2017 4:30:00 PM,1630,681,1368,4313,San Jose,43,True,True,C,REAR END,,Monday,NotApplicable,False,,,False,True,False,Santa Clara Superior,C,OTHER MOTOR VEHICLE,,1,0,CLEAR,, NO UNUSUAL CONDITIONS,, ,A,DAYLIGHT,37.40572,-121.87788,,,,,A,NO PEDESTRIANS INVOLVED,12/11/2017 12:00:00 AM,A,22350,False,1.0,I-680 S/B,,,12/15/2017 1:43:01 PM,A,N,3000.0,Berryessa Rd,F,,D,12/15/2017 1:43:36 PM,12/15/2017 1:43:36 PM,,True,2,,,,,,,
618490,9340-2017-18739,1,False,9340,12/12/2017 6:00:00 PM,1800,110,1368,4313,San Jose,43,True,True,C,REAR END,,Tuesday,Yes,False,,,False,True,True,Santa Clara Superior,C,OTHER MOTOR VEHICLE,,1,0,CLEAR,, NO UNUSUAL CONDITIONS,, ,D,DARK-NO STREET LIGHTS,37.1925,-121.5012,,,,,A,NO PEDESTRIANS INVOLVED,12/12/2017 12:00:00 AM,A,22350,False,1.0,US-101 N/B,,,12/15/2017 1:40:15 PM,A,N,400.0,Tully Road,F,,D,12/15/2017 1:40:59 PM,12/15/2017 1:40:59 PM,,True,2,,,,,,,
618479,9340-2017-18625,1,False,9340,12/7/2017 6:20:00 PM,1820,282,1368,4313,San Jose,43,True,True,C,REAR END,,Thursday,NotApplicable,False,,,False,True,True,Santa Clara Superior,C,OTHER MOTOR VEHICLE,,0,0,CLEAR,, NO UNUSUAL CONDITIONS,, ,D,DARK-NO STREET LIGHTS,37.31672,-121.94941,,,,,A,NO PEDESTRIANS INVOLVED,12/7/2017 12:00:00 AM,A,22350,False,1.0,I-280 S/B,,,12/15/2017 1:31:00 PM,A,S,250.0,Winchester Blvd,F,,D,12/15/2017 1:32:02 PM,12/15/2017 1:32:02 PM,,True,2,,,,,,,
618458,9340-2017-18710,1,False,9340,12/11/2017 9:15:00 AM,915,089,1368,4313,San Jose,43,True,True,C,REAR END,,Monday,NotApplicable,False,,,False,True,False,Santa Clara Superior,C,OTHER MOTOR VEHICLE,,0,0,CLEAR,, NO UNUSUAL CONDITIONS,, ,A,DAYLIGHT,37.330565,-121.940299,,,,,A,NO PEDESTRIANS INVOLVED,12/11/2017 12:00:00 AM,A,22350,False,1.0,I-880 N/B ,,,12/15/2017 1:13:49 PM,A,S,1730.0,Bascom Ave,F,,D,12/15/2017 1:14:31 PM,12/15/2017 1:14:31 PM,,True,2,,,,,,,
618450,9340-2017-18675,1,False,9340,12/8/2017 8:15:00 PM,2015,089,1368,4313,San Jose,43,True,True,B,SIDE SWIPE,,Friday,NotApplicable,False,M,,False,True,False,Santa Clara Superior,C,OTHER MOTOR VEHICLE,,0,0,CLEAR,, NO UNUSUAL CONDITIONS,, ,D,DARK-NO STREET LIGHTS,37.398365,-121.908264,,,,,A,NO PEDESTRIANS INVOLVED,12/8/2017 12:00:00 AM,A,21658(a),False,2.0,I-880 S/B,,,12/15/2017 1:05:05 PM,A,S,500.0,Montague Expy,F,,D,12/15/2017 1:05:37 PM,12/15/2017 1:05:37 PM,,True,2,,,,,,,
618421,9340-2017-18676,1,False,9340,12/9/2017 5:40:00 PM,1740,120,1368,4313,San Jose,43,True,True,C,REAR END,,Saturday,NotApplicable,False,,,False,True,True,Santa Clara Superior,C,OTHER MOTOR VEHICLE,,2,0,CLEAR,, NO UNUSUAL CONDITIONS,, ,D,DARK-NO STREET LIGHTS,37.37606,-121.93874,,,,,A,NO PEDESTRIANS INVOLVED,12/9/2017 12:00:00 AM,A,22350,False,1.0,US101 S/B,,,12/15/2017 12:34:03 PM,A,S,900.0,Trimble Rd,F,,D,12/15/2017 12:38:30 PM,12/15/2017 12:38:30 PM,,True,2,,,,,,,
618407,9340-2017-18707,1,False,9340,12/11/2017 9:10:00 AM,910,282,1368,4313,San Jose,43,True,True,B,SIDE SWIPE,,Monday,NotApplicable,False,,,False,True,False,Santa Clara Superior,C,OTHER MOTOR VEHICLE,,1,0,CLEAR,, NO UNUSUAL CONDITIONS,, ,A,DAYLIGHT,37.316,-121.9453,,,,,A,NO PEDESTRIANS INVOLVED,12/11/2017 12:00:00 AM,A,22107,False,1.0,I-280 S/B to SR-17,,,12/15/2017 12:25:51 PM,A,S,1500.0,Winchester Blvd,F,,D,12/15/2017 12:26:25 PM,12/15/2017 12:26:25 PM,,True,2,,,,,,,
618365,9340-2017-18729,1,False,9340,12/11/2017 1:15:00 PM,1315,681,1368,4313,San Jose,43,True,True,B,SIDE SWIPE,,Monday,NotApplicable,False,,,False,True,False,Santa Clara Superior,C,OTHER MOTOR VEHICLE,,0,0,CLEAR,, NO UNUSUAL CONDITIONS,, ,A,DAYLIGHT,37.348573,-121.840036,,,,,A,NO PEDESTRIANS INVOLVED,12/11/2017 12:00:00 AM,A,22350,False,1.0,I-680 S/B FROM JACKSON AVE.,,,12/15/2017 11:39:10 AM,A,S,95.0,JACKSON AVE.,F,REFER TO PG. #3,D,12/15/2017 11:39:34 AM,12/15/2017 11:39:34 AM,,True,2,,,,,,,
618351,9340-2017-18723,1,False,9340,12/11/2017 11:10:00 PM,2310,088,1368,4313,San Jose,43,True,True,E,HIT OBJECT,,Monday,NotApplicable,False,,,False,True,False,Santa Clara Superior,J,OTHER OBJECT,DOWN HILL BIKE,0,0,CLEAR,, OBSTRUCTION ON ROADWAY*,, ,D,DARK-NO STREET LIGHTS,37.34487,-121.9234,,,,,A,NO PEDESTRIANS INVOLVED,12/11/2017 12:00:00 AM,A,22350,False,1.0,I-880 N/B,,,12/15/2017 11:23:38 AM,A,N,300.0,The Alameda,F,,D,12/15/2017 11:24:13 AM,12/15/2017 11:24:13 AM,,True,2,,,,,,,
618327,9340-2017-18711,1,False,9340,12/11/2017 3:55:00 PM,1555,088,1368,4313,San Jose,43,True,True,C,REAR END,,Monday,NotApplicable,False,,,False,True,False,Santa Clara Superior,C,OTHER MOTOR VEHICLE,,0,0,CLEAR,, NO UNUSUAL CONDITIONS,, ,A,DAYLIGHT,37.341295,-121.927553,,,,,A,NO PEDESTRIANS INVOLVED,12/11/2017 12:00:00 AM,A,21703,False,1.0,I-880 N/B,,,12/15/2017 11:06:11 AM,A,S,600.0,The Alameda,F,,D,12/15/2017 11:06:41 AM,12/15/2017 11:06:41 AM,,True,2,,,,,,,
618281,9340-2017-18717,1,False,9340,12/11/2017 6:00:00 PM,1800,681,1368,4313,San Jose,43,True,True,C,REAR END,,Monday,NotApplicable,False,,,False,True,False,Santa Clara Superior,C,OTHER MOTOR VEHICLE,,1,0,CLEAR,, NO UNUSUAL CONDITIONS,, ,C,DARK-STREET LIGHTS,37.34538,-121.84362,,,,,A,NO PEDESTRIANS INVOLVED,12/11/2017 12:00:00 AM,A,22350,False,1.0,I-680 N/B,,,12/15/2017 10:32:20 AM,A,N,800.0,King Rd,F,,D,12/15/2017 10:32:53 AM,12/15/2017 10:32:53 AM,,True,2,,,,,,,
618273,9340-2017-18695,1,False,9340,12/10/2017 8:55:00 PM,2055,110,1368,4313,San Jose,43,True,True,B,SIDE SWIPE,,Sunday,NotApplicable,False,,,False,True,True,Santa Clara Superior,C,OTHER MOTOR VEHICLE,,0,0,CLEAR,, NO UNUSUAL CONDITIONS,, ,C,DARK-STREET LIGHTS,37.275115,-121.804739,,,,,A,NO PEDESTRIANS INVOLVED,12/10/2017 12:00:00 AM,A,22107,False,1.0,US-101 S/B,,,12/15/2017 10:25:04 AM,A,,,Hellyer Ave,,,D,12/15/2017 10:25:40 AM,12/15/2017 10:25:40 AM,,True,2,,,,,,,
618265,9340-2017-18688,1,False,9340,12/10/2017 5:20:00 PM,1720,681,1368,4313,San Jose,43,True,True,D,BROADSIDE,,Sunday,Yes,False,,,False,True,True,Santa Clara Superior,C,OTHER MOTOR VEHICLE,,0,0,CLEAR,, NO UNUSUAL CONDITIONS,, ,D,DARK-NO STREET LIGHTS,37.998998,-121.80898,,,,,A,NO PEDESTRIANS INVOLVED,12/10/2017 12:00:00 AM,A,22350,False,1.0,I-680 S/B,,,12/15/2017 10:18:33 AM,A,S,730.0,McKee Rd,F,,D,12/15/2017 10:19:11 AM,12/15/2017 10:19:11 AM,,True,2,,,,,,,
618259,9340-2017-18719,1,False,9340,12/11/2017 5:05:00 PM,1705,110,1368,4313,San Jose,43,True,True,B,SIDE SWIPE,,Monday,NotApplicable,False,,,False,True,False,Santa Clara Superior,C,OTHER MOTOR VEHICLE,,0,0,CLEAR,, NO UNUSUAL CONDITIONS,, ,A,DAYLIGHT,37.3213,-121.8341,,,,,A,NO PEDESTRIANS INVOLVED,12/11/2017 12:00:00 AM,A,22107,False,1.0,US-101 N/B,,,12/15/2017 10:12:30 AM,A,N,200.0,Tully Road,F,,D,12/15/2017 10:13:05 AM,12/15/2017 10:13:05 AM,,True,2,,,,,,,
618240,9340-2017-18694,1,False,9340,12/10/2017 6:50:00 PM,1850,120,1368,4313,San Jose,43,True,True,C,REAR END,,Sunday,NotApplicable,False,,,False,True,False,Santa Clara Superior,C,OTHER MOTOR VEHICLE,,0,0,CLEAR,, NO UNUSUAL CONDITIONS,, ,C,DARK-STREET LIGHTS,37.363672,-121.897672,,,,,A,NO PEDESTRIANS INVOLVED,12/10/2017 12:00:00 AM,A,22350,False,1.0,US-101 N/B,,,12/15/2017 10:00:37 AM,A,S,500.0,I-880,F,,D,12/15/2017 10:01:11 AM,12/15/2017 10:01:11 AM,,True,2,,,,,,,
618223,9340-2017-18671,1,False,9340,12/9/2017 12:31:00 AM,31,120,1368,4313,San Jose,43,True,True,E,HIT OBJECT,,Saturday,NotApplicable,False,,,False,True,True,Santa Clara Superior,J,OTHER OBJECT,CHAIN LINK FENCE,0,0,CLEAR,, NO UNUSUAL CONDITIONS,, ,D,DARK-NO STREET LIGHTS,37.37376,-121.91632,,,,,A,NO PEDESTRIANS INVOLVED,12/9/2017 12:00:00 AM,A,22107,False,1.0,US101 N/B,,,12/15/2017 9:47:24 AM,A,S,100.0,Brokaw Rd,F,,D,12/15/2017 9:47:53 AM,12/15/2017 9:47:53 AM,,True,2,,,,,,,
618215,9340-2017-18670,1,False,9340,12/9/2017 12:30:00 AM,30,281,1368,4313,San Jose,43,True,True,B,SIDE SWIPE,,Saturday,NotApplicable,False,,,False,True,False,Santa Clara Superior,C,OTHER MOTOR VEHICLE,,0,0,CLEAR,, NO UNUSUAL CONDITIONS,, ,D,DARK-NO STREET LIGHTS,37.32764,-121.87657,,,,,A,NO PEDESTRIANS INVOLVED,12/9/2017 12:00:00 AM,A,21658(a),False,1.0,I-280 S/B,,,12/15/2017 9:39:01 AM,A,N,100.0,7th St,F,,D,12/15/2017 9:39:36 AM,12/15/2017 9:39:36 AM,,True,2,,,,,,,
618207,9340-2017-18657,1,False,9340,12/8/2017 6:45:00 PM,1845,281,1368,4313,San Jose,43,True,True,B,SIDE SWIPE,,Friday,NotApplicable,False,M,,False,True,False,Santa Clara Superior,C,OTHER MOTOR VEHICLE,,0,0,CLEAR,, NO UNUSUAL CONDITIONS,, ,C,DARK-STREET LIGHTS,37.316757,-121.929698,,,,,A,NO PEDESTRIANS INVOLVED,12/8/2017 12:00:00 AM,A,22107,False,1.0,I-280 S/B,,,12/15/2017 9:33:00 AM,A,S,250.0,Bascom Ave,F,,D,12/15/2017 9:33:30 AM,12/15/2017 9:33:30 AM,,True,2,,,,,,,
618202,9340-2017-18652,1,False,9340,12/8/2017 11:50:00 AM,1150,088,1368,4313,San Jose,43,True,True,C,REAR END,,Friday,NotApplicable,False,M,,False,True,False,Santa Clara Superior,C,OTHER MOTOR VEHICLE,,0,0,CLEAR,, NO UNUSUAL CONDITIONS,, ,A,DAYLIGHT,37.34015,-121.92911,,,,,A,NO PEDESTRIANS INVOLVED,12/8/2017 12:00:00 AM,A,22350,False,1.0,i-880 nb,,,12/15/2017 9:26:14 AM,A,S,1200.0,The Alameda,F,,A,12/15/2017 9:27:10 AM,12/15/2017 9:27:10 AM,,True,2,,,,,,,
618191,9340-2017-18646,1,False,9340,12/8/2017 8:45:00 AM,845,088,1368,4313,San Jose,43,True,True,C,REAR END,,Friday,NotApplicable,False,M,,False,True,False,Santa Clara Superior,C,OTHER MOTOR VEHICLE,,0,0,CLEAR,, NO UNUSUAL CONDITIONS,, ,A,DAYLIGHT,37.3433,-121.9252,,,,,A,NO PEDESTRIANS INVOLVED,12/8/2017 12:00:00 AM,A,22350,False,1.0,I-880 NB,,,12/15/2017 9:18:02 AM,A,N,200.0,The Alameda,F,,D,12/15/2017 9:18:30 AM,12/15/2017 9:18:30 AM,,True,2,,,,,,,
618185,9340-2017-18661,1,False,9340,12/8/2017 5:05:00 PM,1705,087,1368,4313,San Jose,43,True,True,C,REAR END,,Friday,NotApplicable,False,,,False,True,True,Santa Clara Superior,C,OTHER MOTOR VEHICLE,,1,0,CLEAR,, NO UNUSUAL CONDITIONS,, ,D,DARK-NO STREET LIGHTS,37.32417,-121.89257,,,,,A,NO PEDESTRIANS INVOLVED,12/8/2017 12:00:00 AM,A,22350,False,1.0,SR-87 S/B,,,12/15/2017 9:12:45 AM,A,S,820.0,Auzerais Ave,F,,D,12/15/2017 9:13:29 AM,12/15/2017 9:13:29 AM,,True,2,,,,,,,
618170,9340-2017-18639,1,False,9340,12/8/2017 12:15:00 AM,15,110,1368,4313,San Jose,43,True,True,B,SIDE SWIPE,,Friday,NotApplicable,True,M,,False,True,False,Santa Clara Superior,C,OTHER MOTOR VEHICLE,,0,0,CLEAR,, NO UNUSUAL CONDITIONS,, ,C,DARK-STREET LIGHTS,37.20578,-121.51432,,,,,A,NO PEDESTRIANS INVOLVED,12/8/2017 12:00:00 AM,A,22107,False,1.0,US101 SB FROM SANTA CLARA ST,,,12/15/2017 9:05:10 AM,A,S,50.0,Santa Clara St,F,,D,12/15/2017 9:05:53 AM,12/15/2017 9:05:53 AM,,True,2,,,,,,,
618073,9340-2017-18599,1,False,9340,12/5/2017 10:00:00 PM,2200,088,1368,4313,San Jose,43,True,True,B,SIDE SWIPE,,Tuesday,NotApplicable,False,M,,False,True,False,Santa Clara Superior,C,OTHER MOTOR VEHICLE,,0,0,CLEAR,, NO UNUSUAL CONDITIONS,, ,D,DARK-NO STREET LIGHTS,37.36355,-121.90242,,,,,A,NO PEDESTRIANS INVOLVED,12/5/2017 12:00:00 AM,A,21658(a),True,1.0,I-880 S/B,,,12/15/2017 7:32:28 AM,A,S,180.0,US101,F,,D,12/15/2017 7:33:07 AM,12/15/2017 7:33:07 AM,,True,2,,,,,,,
617866,9340-2017-18696,1,False,9340,12/9/2017 10:15:00 PM,2215,281,1368,4313,San Jose,43,True,True,B,SIDE SWIPE,,Saturday,NotApplicable,False,,,False,True,False,Santa Clara Superior,C,OTHER MOTOR VEHICLE,,0,0,CLEAR,, NO UNUSUAL CONDITIONS,, ,D,DARK-NO STREET LIGHTS,37.1936,-121.5253,,,,,A,NO PEDESTRIANS INVOLVED,12/10/2017 12:00:00 AM,A,22107,False,1.0,I-280 S/B TO 7TH ST,,,12/14/2017 3:28:15 PM,A,N,2400.0,7th St,F,,D,12/14/2017 3:28:54 PM,12/14/2017 3:28:54 PM,,True,2,,,,,,,
617859,9340-2017-18678,1,False,9340,12/9/2017 2:40:00 AM,240,281,1368,4313,San Jose,43,True,True,E,HIT OBJECT,,Saturday,NotApplicable,False,,,False,True,False,Santa Clara Superior,J,OTHER OBJECT,Stationary Bumper Debris,0,0,CLEAR,, NO UNUSUAL CONDITIONS,, ,D,DARK-NO STREET LIGHTS,37.317091,-121.931077,S,0.2,280 SCL L5.408,M,A,NO PEDESTRIANS INVOLVED,12/9/2017 12:00:00 AM,A,22350,False,1.0,I-280 N/B,,,12/14/2017 3:19:59 PM,A,S,0.2,SR-17/I-880 Over Crossing,M,,D,12/14/2017 3:20:43 PM,12/14/2017 3:20:43 PM,,True,2,,,,,,,
617778,9340-2017-18725,1,False,9340,12/8/2017 4:25:00 PM,1625,120,1368,4313,San Jose,43,True,True,B,SIDE SWIPE,,Friday,NotApplicable,False,,,False,True,False,Santa Clara Superior,C,OTHER MOTOR VEHICLE,,0,0,CLEAR,, NO UNUSUAL CONDITIONS,, ,A,DAYLIGHT,37.36375,-121.901112,,,,,A,NO PEDESTRIANS INVOLVED,12/8/2017 12:00:00 AM,A,21658A,False,1.0,US-101 S/B ,,,12/14/2017 2:11:02 PM,A,S,180.0,I-880,F,,D,12/14/2017 2:11:33 PM,12/14/2017 2:11:33 PM,,True,2,,,,,,,
617755,9340-2017-18653,1,False,9340,12/8/2017 1:25:00 PM,1325,088,1368,4313,San Jose,43,True,True,C,REAR END,,Friday,NotApplicable,False,M,,False,True,False,Santa Clara Superior,C,OTHER MOTOR VEHICLE,,0,0,CLEAR,, NO UNUSUAL CONDITIONS,, ,A,DAYLIGHT,37.338604,-121.930955,,,,,A,NO PEDESTRIANS INVOLVED,12/8/2017 12:00:00 AM,A,22350,False,1.0,I-880 N/B,,,12/14/2017 1:55:37 PM,A,N,100.0,Park Ave,F,,D,12/14/2017 1:56:17 PM,12/14/2017 1:56:17 PM,,True,2,,,,,,,
617663,9725-2017-04583,1,False,9725,12/7/2017 5:15:00 PM,1715,085,1368,4313,San Jose,43,True,True,C,REAR END,,Thursday,NotApplicable,False,,,False,True,True,Santa Clara Superior,C,OTHER MOTOR VEHICLE,,0,0,CLEAR,, NO UNUSUAL CONDITIONS,, ,B,DUSK-DAWN,37.23966,-121.78708,,,,,A,NO PEDESTRIANS INVOLVED,12/7/2017 12:00:00 AM,A,22350,False,3.0,SR-85 N/B,,,12/14/2017 12:55:08 PM,A,N,0.4,great oaks blvd,M,,D,12/14/2017 12:55:43 PM,12/14/2017 12:55:43 PM,,True,2,,,,,,,
617607,9340-2017-18663,1,False,9340,12/8/2017 4:50:00 PM,1650,681,1368,4313,San Jose,43,True,True,C,REAR END,,Friday,NotApplicable,False,,,False,True,False,Santa Clara Superior,C,OTHER MOTOR VEHICLE,,4,0,CLEAR,, NO UNUSUAL CONDITIONS,, ,B,DUSK-DAWN,37.347284,-121.841086,,,,,A,NO PEDESTRIANS INVOLVED,12/8/2017 12:00:00 AM,A,22350,False,1.0,I-680 N/B,,,12/14/2017 12:09:35 PM,A,S,1000.0,Jackson Ave,F,,D,12/14/2017 12:10:17 PM,12/14/2017 12:10:17 PM,,True,2,,,,,,,
617566,9340-2017-18654,1,False,9340,12/8/2017 2:45:00 PM,1445,088,1368,4313,San Jose,43,True,True,C,REAR END,,Friday,NotApplicable,False,,,False,True,False,Santa Clara Superior,C,OTHER MOTOR VEHICLE,,0,0,CLEAR,, NO UNUSUAL CONDITIONS,, ,A,DAYLIGHT,37.332751,-121.938441,,,,,A,NO PEDESTRIANS INVOLVED,12/8/2017 12:00:00 AM,A,22350,False,1.0,I-880 N/B,,,12/14/2017 11:32:55 AM,A,S,900.0,Bascom Ave,F,,D,12/14/2017 11:38:22 AM,12/14/2017 11:38:22 AM,,True,2,,,,,,,
617546,9340-2017-18669,1,False,9340,12/8/2017 9:20:00 PM,2120,110,1368,4313,San Jose,43,True,True,B,SIDE SWIPE,,Friday,NotApplicable,False,,,False,True,True,Santa Clara Superior,C,OTHER MOTOR VEHICLE,,0,0,CLEAR,, NO UNUSUAL CONDITIONS,, ,B,DUSK-DAWN,37.274196,-121.804602,,,,,A,NO PEDESTRIANS INVOLVED,12/8/2017 12:00:00 AM,A,22107,False,1.0,US101 S/B,,,12/14/2017 11:24:45 AM,A,S,2975.0,Hellyer Ave,F,,D,12/14/2017 11:25:25 AM,12/14/2017 11:25:25 AM,,True,2,,,,,,,
617532,9340-2017-18754,1,False,9340,12/13/2017 11:55:00 AM,1155,110,1368,4313,San Jose,43,True,True,C,REAR END,,Wednesday,Yes,False,M,,False,True,True,Santa Clara Superior,C,OTHER MOTOR VEHICLE,,1,0,CLEAR,, NO UNUSUAL CONDITIONS,, ,A,DAYLIGHT,37.306878,-121.820037,,,,,A,NO PEDESTRIANS INVOLVED,12/13/2017 12:00:00 AM,A,23152(a),True,1.0,US101 N/B,,,12/14/2017 11:17:48 AM,A,S,0.4,Tully Rd.,M,,D,12/14/2017 11:18:35 AM,12/14/2017 11:18:35 AM,,True,2,,,,,,,
617342,9340-2017-18664,1,False,9340,12/8/2017 3:05:00 PM,1505,282,1368,4313,San Jose,43,True,True,C,REAR END,,Friday,NotApplicable,False,,,False,True,False,Santa Clara Superior,C,OTHER MOTOR VEHICLE,,0,0,CLEAR,, NO UNUSUAL CONDITIONS,, ,A,DAYLIGHT,37.31648,-121.96765,,,,,A,NO PEDESTRIANS INVOLVED,12/8/2017 12:00:00 AM,A,22350,False,1.0,I-280 N/B,,,12/14/2017 9:22:45 AM,A,S,2000.0,Saratoga Ave,F,,D,12/14/2017 9:23:23 AM,12/14/2017 9:23:23 AM,,True,2,,,,,,,
617322,9340-2017-18609,1,False,9340,12/6/2017 9:35:00 AM,935,083,1368,4313,San Jose,43,True,True,E,HIT OBJECT,,Wednesday,NotApplicable,False,,,False,True,True,Santa Clara Superior,I,FIXED OBJECT,concrete wall,0,0,CLEAR,, NO UNUSUAL CONDITIONS,, ,A,DAYLIGHT,37.25586,-121.86555,,,,,A,NO PEDESTRIANS INVOLVED,12/7/2017 12:00:00 AM,A,22107,False,1.0,SR-85 N/B,,,12/14/2017 9:12:27 AM,A,S,0.5,Almaden Expy,M,,D,12/14/2017 9:13:09 AM,12/14/2017 9:13:09 AM,,True,2,,,,,,,
617316,9340-2017-18469,1,False,9340,11/30/2017 12:55:00 AM,55,110,1368,4313,San Jose,43,True,True,E,HIT OBJECT,,Thursday,Yes,False,,,False,True,True,Santa Clara Superior,I,FIXED OBJECT,light pole,1,0,CLEAR,, NO UNUSUAL CONDITIONS,, ,C,DARK-STREET LIGHTS,37.30723,-121.82028,,,,,A,NO PEDESTRIANS INVOLVED,11/30/2017 12:00:00 AM,A,22107,True,1.0,US101 N/B,,,12/14/2017 9:08:06 AM,A,N,1750.0,Capitol Expy,F,,D,12/14/2017 9:09:41 AM,12/14/2017 9:09:41 AM,,True,2,,,,,,,
617202,9340-2017-18565,1,False,9340,12/5/2017 5:00:00 PM,1700,681,1368,4313,San Jose,43,True,True,C,REAR END,,Tuesday,NotApplicable,False,,,False,True,True,Santa Clara Superior,C,OTHER MOTOR VEHICLE,,0,0,CLEAR,, NO UNUSUAL CONDITIONS,, ,D,DARK-NO STREET LIGHTS,37.380021,-121.858531,,,,,A,NO PEDESTRIANS INVOLVED,12/5/2017 12:00:00 AM,A,22350,False,1.0,I-680 S/B,,,12/14/2017 7:36:54 AM,A,S,2500.0,Berryessa Rd,F,,D,12/14/2017 7:37:25 AM,12/14/2017 7:37:25 AM,,True,2,,,,,,,