Collision Id,	Report Number,	Report Version,	Is Preliminary,	NCIC Code,Crash Date Time,	Crash Time Description,	Beat,City Id,	City Code,	City Name,County Code,	City Is Active,	City Is Incorporated,	Collision Type Code,Collision Type Description,	Collision Type Other Desc,	Day Of Week,	DispatchNotified,	HasPhotographs,	HitRun,	IsAttachmentsMailed,	IsDeleted,	IsHighwayRelated,	IsTowAway,	JudicialDistrict,	MotorVehicleInvolvedWithCode,	MotorVehicleInvolvedWithDesc,MotorVehicleInvolvedWithOtherDesc,	NumberInjured,	NumberKilled,Weather 1, Weather 2, Road Condition 1, Road Condition 2, Special Condition,LightingCode, LightingDescription,Latitude,Longitude,MilepostDirection,MilepostDistance,MilepostMarker,MilepostUnitOfMeasure,	PedestrianActionCode,PedestrianActionDesc,PreparedDate,	Primary Collision Factor Code,Primary Collision Factor Violation,PrimaryCollisionFactorIsCited,	PrimaryCollisionPartyNumber,	PrimaryRoad,	ReportingDistrict,	ReportingDistrictCode,ReviewedDate,	RoadwaySurfaceCode,SecondaryDirection,	SecondaryDistance,	SecondaryRoad,	SecondaryUnitOfMeasure,	SketchDesc,	TrafficControlDeviceCode,CreatedDate,	ModifiedDate,IsCountyRoad,IsFreeway,CHP555Version,	IsAdditonalObjectStruck,NotificationDate,	NotificationTimeDescription,	HasDigitalMediaFiles,	EvidenceNumber,	IsLocationReferToNarrative,	IsAOIOneSameAsLocation
627334,9340-2017-18954,1,False,9340,12/20/2017 3:30:00 PM,1530,281,1368,4313,San Jose,43,True,True,C,REAR END,,Wednesday,NotApplicable,False,M,,False,True,False,Santa Clara Superior,C,OTHER MOTOR VEHICLE,,0,0,CLEAR,, NO UNUSUAL CONDITIONS,, ,A,DAYLIGHT,37.20078,-121.51417,,,,,A,NO PEDESTRIANS INVOLVED,12/20/2017 12:00:00 AM,A,22350,False,1.0,I-280 S/B,,,12/27/2017 8:22:42 AM,A,N,1600.0,McLaughlin Ave,F,,D,12/27/2017 8:23:19 AM,12/27/2017 8:23:19 AM,,True,2,,,,,,,
627330,9340-2017-18984,1,False,9340,12/21/2017 1:30:00 PM,1330,088,1368,4313,San Jose,43,True,True,B,SIDE SWIPE,,Thursday,NotApplicable,False,,,False,True,False,Santa Clara Superior,C,OTHER MOTOR VEHICLE,,0,0,CLEAR,, NO UNUSUAL CONDITIONS,, ,A,DAYLIGHT,37.19564,-121.56199,,,,,A,NO PEDESTRIANS INVOLVED,12/21/2017 12:00:00 AM,A,21658(a),False,1.0,I-880 N/B,,,12/27/2017 8:22:16 AM,A,S,1000.0,Bascom Ave,F,,D,12/27/2017 8:22:46 AM,12/27/2017 8:22:46 AM,,True,2,,,,,,,
627274,9340-2017-18948,1,False,9340,12/20/2017 5:45:00 PM,1745,089,1368,4313,San Jose,43,True,True,B,SIDE SWIPE,,Wednesday,NotApplicable,False,,,False,True,False,Santa Clara Superior,C,OTHER MOTOR VEHICLE,,0,0,CLEAR,, NO UNUSUAL CONDITIONS,, ,C,DARK-STREET LIGHTS,37.36352,-121.90249,,,,,A,NO PEDESTRIANS INVOLVED,12/20/2017 12:00:00 AM,D,,,,I-880 S/B TO US-101 S/B,,,12/27/2017 7:31:57 AM,A,S,100.0,US101,F,,D,12/27/2017 7:32:28 AM,12/27/2017 7:32:28 AM,,True,2,,,,,,,
627252,9340-2017-18946,1,False,9340,12/20/2017 2:45:00 PM,1445,089,1368,4313,San Jose,43,True,True,C,REAR END,,Wednesday,Yes,False,,,False,True,True,Santa Clara Superior,C,OTHER MOTOR VEHICLE,,1,0,CLEAR,, NO UNUSUAL CONDITIONS,, ,A,DAYLIGHT,37.33646,-121.93396,,,,,A,NO PEDESTRIANS INVOLVED,12/20/2017 12:00:00 AM,A,22350,False,1.0,I-880 S/B,,,12/27/2017 7:13:25 AM,A,N,1000.0,Bascom Ave,F,,D,12/27/2017 7:14:06 AM,12/27/2017 7:14:06 AM,,True,2,,,,,,,
627247,9340-2017-18937,1,False,9340,12/20/2017 6:30:00 AM,630,230,1368,4313,San Jose,43,True,True,C,REAR END,,Wednesday,Yes,False,,,False,True,True,Santa Clara Superior,C,OTHER MOTOR VEHICLE,,1,0,CLEAR,, NO UNUSUAL CONDITIONS,, ,B,DUSK-DAWN,37.40469,-122.019675,,,,,A,NO PEDESTRIANS INVOLVED,12/20/2017 12:00:00 AM,A,22350,False,1.0,SR-237 W/B,,,12/27/2017 7:05:02 AM,B,E,1000.0,Mathilda Ave,F,,D,12/27/2017 7:05:57 AM,12/27/2017 7:05:57 AM,,True,2,,,,,,,
627236,9340-2017-18951,1,False,9340,12/20/2017 2:20:00 PM,1420,281,1368,4313,San Jose,43,True,True,C,REAR END,,Wednesday,NotApplicable,False,,,False,True,False,Santa Clara Superior,C,OTHER MOTOR VEHICLE,,0,0,CLEAR,, NO UNUSUAL CONDITIONS,, ,A,DAYLIGHT,37.19207,-121.53522,,,,,A,NO PEDESTRIANS INVOLVED,12/20/2017 12:00:00 AM,A,22350,False,1.0,I-280 S/B,,,12/27/2017 6:56:09 AM,A,S,100.0,Bird Ave,F,,D,12/27/2017 6:56:43 AM,12/27/2017 6:56:43 AM,,True,2,,,,,,,
627224,9340-2017-18906,1,False,9340,12/18/2017 6:06:00 PM,1806,087,1368,4313,San Jose,43,True,True,D,BROADSIDE,,Monday,NotApplicable,False,,,False,True,True,Santa Clara Superior,C,OTHER MOTOR VEHICLE,,0,0,CLEAR,, NO UNUSUAL CONDITIONS,, ,D,DARK-NO STREET LIGHTS,37.33382,-121.89716,,,,,A,NO PEDESTRIANS INVOLVED,12/18/2017 12:00:00 AM,A,21658(a),False,1.0,SR-87 S/B,,,12/27/2017 6:47:30 AM,A,S,200.0,Julian St,F,,D,12/27/2017 6:47:58 AM,12/27/2017 6:47:58 AM,,True,2,,,,,,,
627209,9340-2017-18893,1,False,9340,12/18/2017 2:50:00 AM,250,281,1368,4313,San Jose,43,True,True,E,HIT OBJECT,,Monday,Yes,False,M,,False,True,True,Santa Clara Superior,I,FIXED OBJECT,Sand attenuator barrels,0,0,CLEAR,, NO UNUSUAL CONDITIONS,, ,D,DARK-NO STREET LIGHTS,37.3237,-121.8944,,,,,A,NO PEDESTRIANS INVOLVED,12/18/2017 12:00:00 AM,A,23152(a),True,1.0,I-280 N/B,,,12/27/2017 6:33:47 AM,A,S,1200.0,Bird Ave,F,,D,12/27/2017 6:34:25 AM,12/27/2017 6:34:25 AM,,True,2,,,,,,,
627206,9340-2017-18930,1,False,9340,12/19/2017 2:50:00 PM,1450,281,1368,4313,San Jose,43,True,True,C,REAR END,,Tuesday,NotApplicable,False,,,False,True,False,Santa Clara Superior,C,OTHER MOTOR VEHICLE,,0,0,CLOUDY,, NO UNUSUAL CONDITIONS,, ,A,DAYLIGHT,37.327889,-121.874668,,,,,A,NO PEDESTRIANS INVOLVED,12/19/2017 12:00:00 AM,A,22107,False,1.0,I-280 S/B,,,12/27/2017 6:31:57 AM,A,S,250.0,7th St,F,,D,12/27/2017 6:32:31 AM,12/27/2017 6:32:31 AM,,True,2,,,,,,,
627198,9340-2017-18902,1,False,9340,12/18/2017 5:25:00 PM,1725,088,1368,4313,San Jose,43,True,True,B,SIDE SWIPE,,Monday,NotApplicable,False,,,False,True,False,Santa Clara Superior,C,OTHER MOTOR VEHICLE,,0,0,CLEAR,, NO UNUSUAL CONDITIONS,, ,C,DARK-STREET LIGHTS,37.3354,-121.9248,,,,,A,NO PEDESTRIANS INVOLVED,12/18/2017 12:00:00 AM,A,21658(a),False,1.0,I-880 N/B,,,12/27/2017 6:20:49 AM,A,N,300.0,Bascom Ave,F,,D,12/27/2017 6:23:52 AM,12/27/2017 6:23:52 AM,,True,2,,,,,,,
627178,9340-2017-18879,1,False,9340,12/17/2017 12:40:00 PM,1240,089,1368,4313,San Jose,43,True,True,C,REAR END,,Sunday,NotApplicable,False,,,False,True,True,Santa Clara Superior,C,OTHER MOTOR VEHICLE,,1,0,CLEAR,, NO UNUSUAL CONDITIONS,, ,A,DAYLIGHT,37.360762,-121.904898,,,,,A,NO PEDESTRIANS INVOLVED,12/17/2017 12:00:00 AM,A,22350,False,1.0,I-880 N/B,,,12/27/2017 5:46:48 AM,A,N,1000.0,1st St,F,,D,12/27/2017 5:47:39 AM,12/27/2017 5:47:39 AM,,True,2,,,,,,,
627176,9340-2017-18827,1,False,9340,12/13/2017 10:54:00 PM,2254,087,1368,4313,San Jose,43,True,True,C,REAR END,,Wednesday,Yes,False,,,False,True,True,Santa Clara Superior,C,OTHER MOTOR VEHICLE,,1,0,CLEAR,, NO UNUSUAL CONDITIONS,, ,C,DARK-STREET LIGHTS,37.33024,-121.89572,,,,,A,NO PEDESTRIANS INVOLVED,12/13/2017 12:00:00 AM,A,22350,False,1.0,SR-87,,,12/27/2017 5:44:36 AM,A,S,1100.0,Santa Clara St,F,,D,12/27/2017 5:45:21 AM,12/27/2017 5:45:21 AM,,True,2,,,,,,,
627175,9340-2017-18783,1,False,9340,12/13/2017 10:50:00 PM,2250,087,1368,4313,San Jose,43,True,True,B,SIDE SWIPE,,Wednesday,NotApplicable,False,M,,False,True,True,Santa Clara Superior,I,FIXED OBJECT,concrete barrier,0,0,CLEAR,, NO UNUSUAL CONDITIONS,, ,D,DARK-NO STREET LIGHTS,37.32988,-121.89557,,,,,A,NO PEDESTRIANS INVOLVED,12/13/2017 12:00:00 AM,A,22107,True,1.0,SR-87 N/B,,,12/27/2017 5:42:20 AM,A,S,1240.0,Santa Clara St,F,,D,12/27/2017 5:43:14 AM,12/27/2017 5:43:14 AM,,True,2,,,,,,,
626733,9340-2017-18955,1,False,9340,12/20/2017 6:35:00 PM,1835,088,1368,4313,San Jose,43,True,True,C,REAR END,,Wednesday,NotApplicable,False,,,False,True,False,Santa Clara Superior,C,OTHER MOTOR VEHICLE,,0,0,CLEAR,, NO UNUSUAL CONDITIONS,, ,C,DARK-STREET LIGHTS,37.36257,-121.90303,,,,,A,NO PEDESTRIANS INVOLVED,12/20/2017 12:00:00 AM,A,22350,False,1.0,I-880 S/B,,,12/26/2017 1:02:50 PM,A,S,200.0,us-101,F,,D,12/26/2017 1:03:30 PM,12/26/2017 1:03:30 PM,,True,2,,,,,,,
626707,9340-2017-18945,1,False,9340,12/20/2017 10:40:00 AM,1040,110,1368,4313,San Jose,43,True,True,C,REAR END,,Wednesday,Yes,True,,,False,True,True,Santa Clara Superior,C,OTHER MOTOR VEHICLE,,2,0,CLEAR,, NO UNUSUAL CONDITIONS,, ,A,DAYLIGHT,37.3466,-121.8589,,,,,A,NO PEDESTRIANS INVOLVED,12/20/2017 12:00:00 AM,A,22350,False,1.0,US101 S/B,,,12/26/2017 12:48:44 PM,A,N,3000.0,I-280,F,,D,12/26/2017 12:49:32 PM,12/26/2017 12:49:32 PM,,True,2,,,,,,,
626636,9340-2017-18950,1,False,9340,12/20/2017 1:00:00 PM,1300,110,1368,4313,San Jose,43,True,True,C,REAR END,,Wednesday,NotApplicable,False,,,False,True,True,Santa Clara Superior,C,OTHER MOTOR VEHICLE,,1,0,CLEAR,, NO UNUSUAL CONDITIONS,, ,A,DAYLIGHT,37.26205,-121.800449,,,,,A,NO PEDESTRIANS INVOLVED,12/20/2017 12:00:00 AM,A,22350,False,1.0,US-101 S/B,,,12/26/2017 12:07:54 PM,A,N,1000.0,Blossom Hill Road,F,,D,12/26/2017 12:08:28 PM,12/26/2017 12:08:28 PM,,True,2,,,,,,,
626614,9340-2017-18939,1,False,9340,12/20/2017 9:55:00 AM,955,281,1368,4313,San Jose,43,True,True,C,REAR END,,Wednesday,NotApplicable,False,,,False,True,True,Santa Clara Superior,C,OTHER MOTOR VEHICLE,,1,0,CLEAR,, NO UNUSUAL CONDITIONS,, ,A,DAYLIGHT,37.336241,-121.857977,,,,,A,NO PEDESTRIANS INVOLVED,12/20/2017 12:00:00 AM,A,22350,False,1.0,I-280 N/B,,,12/26/2017 11:56:12 AM,A,N,170.0,McLaughlin Ave,F,,D,12/26/2017 11:56:46 AM,12/26/2017 11:56:46 AM,,True,2,,,,,,,
626603,9340-2017-18953,1,False,9340,12/20/2017 6:45:00 PM,1845,110,1368,4313,San Jose,43,True,True,C,REAR END,,Wednesday,NotApplicable,False,,,False,True,False,Santa Clara Superior,C,OTHER MOTOR VEHICLE,,0,0,CLEAR,, NO UNUSUAL CONDITIONS,, ,D,DARK-NO STREET LIGHTS,37.36144,-121.87919,,,,,A,NO PEDESTRIANS INVOLVED,12/20/2017 12:00:00 AM,A,22350,False,1.0,US-101 S/B,,,12/26/2017 11:51:46 AM,A,N,1500.0,Mckee Road,F,,D,12/26/2017 11:52:16 AM,12/26/2017 11:52:16 AM,,True,2,,,,,,,
626582,9340-2017-18949,1,False,9340,12/20/2017 7:00:00 PM,1900,088,1368,4313,San Jose,43,True,True,C,REAR END,,Wednesday,NotApplicable,False,,,False,True,False,Santa Clara Superior,C,OTHER MOTOR VEHICLE,,0,0,CLEAR,, NO UNUSUAL CONDITIONS,, ,C,DARK-STREET LIGHTS,37.34229,-121.92657,,,,,A,NO PEDESTRIANS INVOLVED,12/20/2017 12:00:00 AM,A,22350,False,1.0,I-880 S/B,,,12/26/2017 11:42:41 AM,A,S,10.0,The Alameda,F,,D,12/26/2017 11:43:11 AM,12/26/2017 11:43:11 AM,,True,2,,,,,,,
626434,9340-2017-18921,1,False,9340,12/19/2017 6:30:00 PM,1830,088,1368,4313,San Jose,43,True,True,C,REAR END,,Tuesday,NotApplicable,False,,,False,True,False,Santa Clara Superior,C,OTHER MOTOR VEHICLE,,0,0,CLEAR,, NO UNUSUAL CONDITIONS,, ,C,DARK-STREET LIGHTS,37.354778,-121.91068,,,,,A,NO PEDESTRIANS INVOLVED,12/19/2017 12:00:00 AM,A,22350,False,1.0,I-880 N/B,,,12/26/2017 10:37:17 AM,A,N,150.0,SR-87,F,,D,12/26/2017 10:37:48 AM,12/26/2017 10:37:48 AM,,True,2,,,,,,,
626391,9340-2017-18933,1,False,9340,12/19/2017 12:35:00 PM,1235,681,1368,4313,San Jose,43,True,True,B,SIDE SWIPE,,Tuesday,NotApplicable,False,,,False,True,True,Santa Clara Superior,C,OTHER MOTOR VEHICLE,,0,0,CLEAR,, NO UNUSUAL CONDITIONS,, ,A,DAYLIGHT,37.450749,-121.892782,,,,,A,NO PEDESTRIANS INVOLVED,12/19/2017 12:00:00 AM,A,22107,False,1.0,I-680 S/B,,,12/26/2017 10:20:13 AM,A,N,1050.0,Jacklin Rd,F,,D,12/26/2017 10:20:46 AM,12/26/2017 10:20:46 AM,,True,2,,,,,,,
626382,9340-2017-18911,1,False,9340,12/19/2017 10:50:00 AM,1050,110,1368,4313,San Jose,43,True,True,B,SIDE SWIPE,,Tuesday,NotApplicable,False,M,,False,True,False,Santa Clara Superior,C,OTHER MOTOR VEHICLE,,0,0,CLEAR,, NO UNUSUAL CONDITIONS,, ,A,DAYLIGHT,37.31495,-121.82789,,,,,A,NO PEDESTRIANS INVOLVED,12/19/2017 12:00:00 AM,A,21658(a),False,1.0,US101 N/B,,,12/26/2017 10:17:14 AM,A,S,1600.0,Tully Rd,F,,D,12/26/2017 10:17:46 AM,12/26/2017 10:17:46 AM,,True,2,,,,,,,
626239,9725-2017-04659,1,False,9725,12/23/2017 4:00:00 AM,400,085,1368,4313,San Jose,43,True,True,F,OVERTURNED,,Saturday,Yes,False,,,False,True,True,Santa Clara Superior,A,NON-COLLISION,,1,0,CLOUDY,, NO UNUSUAL CONDITIONS,, ,C,DARK-STREET LIGHTS,37.23945,-121.78572,N,0.4,85 SCL .785,M,A,NO PEDESTRIANS INVOLVED,12/23/2017 12:00:00 AM,A,22107,False,1.0,SR-85 SOUTHBOUND,,,12/26/2017 9:18:33 AM,A,N,0.4,GREAT OAKS BOULEVARD,M,,D,12/26/2017 9:19:15 AM,12/26/2017 9:19:15 AM,,True,2,,,,,,,
626236,9340-2017-18882,1,False,9340,12/17/2017 11:10:00 AM,1110,110,1368,4313,San Jose,43,True,True,E,HIT OBJECT,,Sunday,Yes,False,M,,False,True,True,Santa Clara Superior,I,FIXED OBJECT,CONCRETE WALL,1,0,CLEAR,, NO UNUSUAL CONDITIONS,, ,A,DAYLIGHT,37.35213,-121.86323,,,,,A,NO PEDESTRIANS INVOLVED,12/17/2017 12:00:00 AM,A,22107,True,1.0,US101 N/B,,,12/26/2017 9:17:14 AM,A,N,880.0,ALUM RACK,F,,D,12/26/2017 9:18:01 AM,12/26/2017 9:18:01 AM,,True,2,,,,,,,
626209,9340-2017-18907,1,False,9340,12/18/2017 6:00:00 PM,1800,281,1368,4313,San Jose,43,True,True,D,BROADSIDE,,Monday,NotApplicable,False,,,False,True,False,Santa Clara Superior,C,OTHER MOTOR VEHICLE,,0,0,CLEAR,, NO UNUSUAL CONDITIONS,, ,D,DARK-NO STREET LIGHTS,37.317299,-121.904091,,,,,A,NO PEDESTRIANS INVOLVED,12/18/2017 12:00:00 AM,A,21658(a),False,1.0,I-280 S/B,,,12/26/2017 9:07:51 AM,A,S,950.0,Lincoln Ave,F,,D,12/26/2017 9:08:22 AM,12/26/2017 9:08:22 AM,,True,2,,,,,,,
626127,9340-2017-18881,1,False,9340,12/17/2017 1:20:00 PM,1320,089,1368,4313,San Jose,43,True,True,C,REAR END,,Sunday,Yes,False,,,False,True,False,Santa Clara Superior,C,OTHER MOTOR VEHICLE,,1,0,CLEAR,, NO UNUSUAL CONDITIONS,, ,A,DAYLIGHT,37.327096,-121.940971,,,,,A,NO PEDESTRIANS INVOLVED,12/17/2017 12:00:00 AM,A,22350,False,1.0,I-880 S/B,,,12/26/2017 8:30:11 AM,A,N,500.0,Stevens Creek Blvd,F,,D,12/26/2017 8:30:56 AM,12/26/2017 8:30:56 AM,,True,2,,,,,,,
626107,9340-2017-18890,2,False,9340,12/17/2017 5:41:00 PM,1741,088,1368,4313,San Jose,43,True,True,C,REAR END,,Sunday,NotApplicable,False,,,False,True,True,Santa Clara Superior,C,OTHER MOTOR VEHICLE,,0,0,CLEAR,, NO UNUSUAL CONDITIONS,, ,D,DARK-NO STREET LIGHTS,37.36038,-121.90503,,,,,A,NO PEDESTRIANS INVOLVED,12/17/2017 12:00:00 AM,A,22350,False,1.0,I-880 N/B,,,2/13/2018 9:07:56 AM,A,S,900.0,FIRST ST,F,,D,12/26/2017 8:22:18 AM,2/13/2018 9:08:06 AM,,True,2,,,,,,,
626101,9340-2017-18887,1,False,9340,12/17/2017 2:45:00 PM,1445,087,1368,4313,San Jose,43,True,True,C,REAR END,,Sunday,NotApplicable,False,,,False,True,False,Santa Clara Superior,C,OTHER MOTOR VEHICLE,,0,0,CLEAR,, NO UNUSUAL CONDITIONS,, ,A,DAYLIGHT,37.18214,-121.52475,,,,,A,NO PEDESTRIANS INVOLVED,12/17/2017 12:00:00 AM,A,22350,True,1.0,SR-87 N/B,,,12/26/2017 8:18:20 AM,A,N,1700.0,Almaden Expy,F,,D,12/26/2017 8:19:02 AM,12/26/2017 8:19:02 AM,,True,2,,,,,,,
626071,9725-2017-04632,1,False,9725,12/18/2017 7:30:00 PM,1930,015,1368,4313,San Jose,43,True,True,F,OVERTURNED,,Monday,NotApplicable,False,M,,False,True,True,Santa Clara Superior,A,NON-COLLISION,,0,0,CLEAR,, NO UNUSUAL CONDITIONS,, ,C,DARK-STREET LIGHTS,37.24608,-121.77729,,,,,A,NO PEDESTRIANS INVOLVED,12/18/2017 12:00:00 AM,A,22107,False,1.0,US-101 S/B to sr-85 n/b,,,12/26/2017 7:56:18 AM,A,S,0.5,Blossom Hill Rd,M,,D,12/26/2017 7:56:52 AM,12/26/2017 7:56:52 AM,,True,2,,,,,,,
626054,9340-2017-18896,1,False,9340,12/15/2017 5:30:00 PM,1730,110,1368,4313,San Jose,43,True,True,C,REAR END,,Friday,NotApplicable,False,M,,False,True,True,Santa Clara Superior,C,OTHER MOTOR VEHICLE,,1,0,CLEAR,, NO UNUSUAL CONDITIONS,, ,D,DARK-NO STREET LIGHTS,37.35603,-121.86839,,,,,A,NO PEDESTRIANS INVOLVED,12/15/2017 12:00:00 AM,A,22350,False,2.0,US-101 SOUTHBOUND,,,12/26/2017 7:42:00 AM,A,N,900.0,MCKEE ROAD,F,,D,12/26/2017 7:42:34 AM,12/26/2017 7:42:34 AM,,True,2,,,,,,,
625984,9340-2017-18785,1,False,9340,12/13/2017 10:52:00 PM,2252,087,1368,4313,San Jose,43,True,True,B,SIDE SWIPE,,Wednesday,Yes,False,,,False,True,True,Santa Clara Superior,C,OTHER MOTOR VEHICLE,,1,0,CLEAR,, NO UNUSUAL CONDITIONS,, ,D,DARK-NO STREET LIGHTS,37.329,-121.89507,,,,,A,NO PEDESTRIANS INVOLVED,12/13/2017 12:00:00 AM,A,21658(a),False,1.0,SR-87 N/B,,,12/26/2017 6:28:21 AM,A,S,1350.0,Santa Clara St,F,,D,12/26/2017 6:29:07 AM,12/26/2017 6:29:07 AM,,True,2,,,,,,,
625966,9340-2017-18749,1,False,9340,12/12/2017 7:50:00 AM,750,681,1368,4313,San Jose,43,True,True,B,SIDE SWIPE,,Tuesday,NotApplicable,False,,,False,True,False,Santa Clara Superior,C,OTHER MOTOR VEHICLE,,0,0,CLEAR,, NO UNUSUAL CONDITIONS,, ,A,DAYLIGHT,37.344225,-121.845807,,,,,A,NO PEDESTRIANS INVOLVED,12/12/2017 12:00:00 AM,A,21658(a),True,1.0,I-680 S/B,,,12/26/2017 6:10:14 AM,A,N,1000.0,US101 N/B,F,,D,12/26/2017 6:10:51 AM,12/26/2017 6:10:51 AM,,True,2,,,,,,,
625963,9340-2017-18699,1,False,9340,12/11/2017 4:50:00 AM,450,110,1368,4313,San Jose,43,True,True,B,SIDE SWIPE,,Monday,NotApplicable,False,M,,False,True,False,Santa Clara Superior,C,OTHER MOTOR VEHICLE,,0,0,CLEAR,, NO UNUSUAL CONDITIONS,, ,C,DARK-STREET LIGHTS,37.3191,-121.8304,,,,,A,NO PEDESTRIANS INVOLVED,12/11/2017 12:00:00 AM,D,,,,US101 N/B FROM TULLY RD E/B,,,12/26/2017 6:07:08 AM,A,S,200.0,Tully Rd,F,,D,12/26/2017 6:07:46 AM,12/26/2017 6:07:46 AM,,True,2,,,,,,,
625955,9340-2017-19003,1,False,9340,12/23/2017 5:15:00 AM,515,681,1368,4313,San Jose,43,True,True,B,SIDE SWIPE,,Saturday,Yes,False,,,False,True,True,Santa Clara Superior,C,OTHER MOTOR VEHICLE,,2,0,CLEAR,, NO UNUSUAL CONDITIONS,, ,C,DARK-STREET LIGHTS,37.434173,-121.888124,,,,,A,NO PEDESTRIANS INVOLVED,12/23/2017 12:00:00 AM,A,23152(a),True,1.0,I-680 N/B,,,12/26/2017 6:00:35 AM,A,S,150.0,CALAVERAS BLVD,F,,D,12/26/2017 6:01:20 AM,12/26/2017 6:01:20 AM,,True,2,,,,,,,
625780,9340-2017-18990,1,False,9340,12/22/2017 12:30:00 AM,30,120,1368,4313,San Jose,43,True,True,E,HIT OBJECT,,Friday,Yes,False,,,False,True,True,Santa Clara Superior,I,FIXED OBJECT,CENTER MEDIAN,0,0,CLEAR,, NO UNUSUAL CONDITIONS,, ,C,DARK-STREET LIGHTS,37.382771,-121.966578,,,,,A,NO PEDESTRIANS INVOLVED,12/22/2017 12:00:00 AM,A,23152(a),True,1.0,US101 S/B,,,12/23/2017 9:57:52 PM,A,N,750.0,San Tomas Expy,F,,D,12/23/2017 9:58:49 PM,12/23/2017 9:58:49 PM,,True,2,,,,,,,
625703,9340-2017-18883,1,False,9340,12/17/2017 10:40:00 AM,1040,281,1368,4313,San Jose,43,True,True,B,SIDE SWIPE,,Sunday,NotApplicable,False,,,False,True,False,Santa Clara Superior,C,OTHER MOTOR VEHICLE,,0,0,CLEAR,, NO UNUSUAL CONDITIONS,, ,A,DAYLIGHT,37.31693,-121.919373,,,,,A,NO PEDESTRIANS INVOLVED,12/17/2017 12:00:00 AM,A,21658(a),False,1.0,I-280 N/B,,,12/23/2017 11:49:33 AM,A,N,1300.0,Meridian Ave,F,,D,12/23/2017 11:50:13 AM,12/23/2017 11:50:13 AM,,True,2,,,,,,,
625697,9340-2017-18824,1,False,9340,12/15/2017 2:50:00 AM,250,240,1368,4313,San Jose,43,True,True,E,HIT OBJECT,,Friday,NotApplicable,False,,,False,True,True,Santa Clara Superior,I,FIXED OBJECT,METAL GUARD RAIL,1,0,CLEAR,, NO UNUSUAL CONDITIONS,, ,C,DARK-STREET LIGHTS,37.25102,-121.5653,,,,,A,NO PEDESTRIANS INVOLVED,12/15/2017 12:00:00 AM,A,22107,False,1.0,SR-237 W/B,,,12/23/2017 11:32:04 AM,A,E,3300.0,1st St,F,,D,12/23/2017 11:33:20 AM,12/23/2017 11:33:20 AM,,True,2,,,,,,,
625686,9340-2017-18840,1,False,9340,12/15/2017 1:10:00 PM,1310,281,1368,4313,San Jose,43,True,True,E,HIT OBJECT,,Friday,NotApplicable,False,,,False,True,True,Santa Clara Superior,I,FIXED OBJECT,ATTENUATOR,0,0,CLEAR,, NO UNUSUAL CONDITIONS,, ,A,DAYLIGHT,37.323025,-121.89483,,,,,A,NO PEDESTRIANS INVOLVED,12/15/2017 12:00:00 AM,A,22107,False,1.0,I-280 S/B,,,12/23/2017 9:54:38 AM,A,S,1000.0,Bird Ave,F,,D,12/23/2017 9:55:14 AM,12/23/2017 9:55:14 AM,,True,2,,,,,,,
625671,9340-2017-18838,1,False,9340,12/15/2017 12:15:00 PM,1215,282,1368,4313,San Jose,43,True,True,C,REAR END,,Friday,NotApplicable,False,,,False,True,False,Santa Clara Superior,C,OTHER MOTOR VEHICLE,,0,0,CLEAR,, NO UNUSUAL CONDITIONS,, ,A,DAYLIGHT,37.316588,-121.966421,,,,,A,NO PEDESTRIANS INVOLVED,12/15/2017 12:00:00 AM,A,22106,False,1.0,I-280 N/B,,,12/23/2017 8:37:36 AM,A,S,2400.0,Saratoga Ave,F,,D,12/23/2017 8:38:11 AM,12/23/2017 8:38:11 AM,,True,2,,,,,,,
625670,9340-2017-18869,1,False,9340,12/16/2017 2:05:00 PM,1405,110,1368,4313,San Jose,43,True,True,C,REAR END,,Saturday,NotApplicable,False,,,False,True,False,Santa Clara Superior,C,OTHER MOTOR VEHICLE,,0,0,CLEAR,, NO UNUSUAL CONDITIONS,, ,A,DAYLIGHT,37.35313,-121.8671,,,,,A,NO PEDESTRIANS INVOLVED,12/16/2017 12:00:00 AM,D,,,, US-101 S/B TO MCKEE RD,,,12/23/2017 8:35:22 AM,A,S,25.0,McKee Rd,F,,A,12/23/2017 8:35:57 AM,12/23/2017 8:35:57 AM,,True,2,,,,,,,