Collision Id,	Report Number,	Report Version,	Is Preliminary,	NCIC Code,Crash Date Time,	Crash Time Description,	Beat,City Id,	City Code,	City Name,County Code,	City Is Active,	City Is Incorporated,	Collision Type Code,Collision Type Description,	Collision Type Other Desc,	Day Of Week,	DispatchNotified,	HasPhotographs,	HitRun,	IsAttachmentsMailed,	IsDeleted,	IsHighwayRelated,	IsTowAway,	JudicialDistrict,	MotorVehicleInvolvedWithCode,	MotorVehicleInvolvedWithDesc,MotorVehicleInvolvedWithOtherDesc,	NumberInjured,	NumberKilled,Weather 1, Weather 2, Road Condition 1, Road Condition 2, Special Condition,LightingCode, LightingDescription,Latitude,Longitude,MilepostDirection,MilepostDistance,MilepostMarker,MilepostUnitOfMeasure,	PedestrianActionCode,PedestrianActionDesc,PreparedDate,	Primary Collision Factor Code,Primary Collision Factor Violation,PrimaryCollisionFactorIsCited,	PrimaryCollisionPartyNumber,	PrimaryRoad,	ReportingDistrict,	ReportingDistrictCode,ReviewedDate,	RoadwaySurfaceCode,SecondaryDirection,	SecondaryDistance,	SecondaryRoad,	SecondaryUnitOfMeasure,	SketchDesc,	TrafficControlDeviceCode,CreatedDate,	ModifiedDate,IsCountyRoad,IsFreeway,CHP555Version,	IsAdditonalObjectStruck,NotificationDate,	NotificationTimeDescription,	HasDigitalMediaFiles,	EvidenceNumber,	IsLocationReferToNarrative,	IsAOIOneSameAsLocation
3527341,17-019-0341,2,False,4313,1/19/2017 10:40:00 AM,1040,R1,1368,4313,San Jose,43,True,True,D,BROADSIDE,,Thursday,,,,,False,False,True,,G,BICYCLE,,1,0,CLOUDY,RAINING, NO UNUSUAL CONDITIONS - NO UNUSUAL CONDITIONS,, ,A,DAYLIGHT,,,,,,,A,NO PEDESTRIANS INVOLVED,,A,22350,,1.0,N MCCARTHY BL,CENTR,,,,,,DIXON LANDING RD,,,A,8/5/2024 9:46:10 AM,2/7/2025 8:39:51 AM,,,2,,,,,,,
3527337,17-020-0652,2,False,4313,1/20/2017 7:13:00 PM,1913,K1,1368,4313,San Jose,43,True,True,D,BROADSIDE,,Friday,,,,,False,False,True,,C,OTHER MOTOR VEHICLE,,1,0,RAINING,, NO UNUSUAL CONDITIONS - NO UNUSUAL CONDITIONS,, ,C,DARK-STREET LIGHTS,,,,,,,A,NO PEDESTRIANS INVOLVED,,D,,,,E TRIMBLE RD,CENTR,,,B,,,JUNCTION AV,,,A,8/5/2024 9:46:10 AM,2/7/2025 8:39:51 AM,,,2,,,,,,,
3527321,17-016-0766,2,False,4313,1/16/2017 8:29:00 PM,2029,P6,1368,4313,San Jose,43,True,True,F,OVERTURNED,,Monday,,,,,False,False,True,,J,OTHER OBJECT,,1,0,CLEAR,, NO UNUSUAL CONDITIONS - NO UNUSUAL CONDITIONS,, ,C,DARK-STREET LIGHTS,,,,,,,A,NO PEDESTRIANS INVOLVED,,D,,,,SILVER CREEK VALLEY RD,PAUL,,,A,S,287.0,LP #165268,F,,D,8/5/2024 9:46:08 AM,2/7/2025 8:39:50 AM,,,2,,,,,,,
3527022,17-0033,2,False,4313,1/8/2017 5:31:00 AM,531,,1368,4313,San Jose,43,True,True,B,SIDE SWIPE,,Sunday,,,M,,False,False,True,,E,PARKED MOTOR VEHICLE,,0,0,CLOUDY,RAINING, OTHER* - OTHER*,, ,C,DARK-STREET LIGHTS,,,,,,,A,NO PEDESTRIANS INVOLVED,,A,22350,,1.0,S 7TH ST,1,,,B,,,S 7TH ST 377,,,D,8/5/2024 9:45:28 AM,2/7/2025 8:39:28 AM,,,2,,,,,,,
3526567,17-014-0599,2,False,4313,1/14/2017 5:30:00 PM,1730,V3,1368,4313,San Jose,43,True,True,B,SIDE SWIPE,,Saturday,,,,,False,False,False,,C,OTHER MOTOR VEHICLE,,1,0,CLEAR,, NO UNUSUAL CONDITIONS - NO UNUSUAL CONDITIONS,, ,C,DARK-STREET LIGHTS,,,,,,,A,NO PEDESTRIANS INVOLVED,,B,,,1.0,NORTH 13TH,,,,A,S,500.0,HEDDING ST,F,,D,8/5/2024 9:44:45 AM,2/7/2025 8:38:58 AM,,,2,,,,,,,
3526566,2017-170100722,2,False,4313,1/10/2017 8:00:00 PM,2000,Y3,1368,4313,San Jose,43,True,True,G,VEHICLE/PEDESTRAIN,,Tuesday,,,,,False,False,False,,B,PEDESTRIAN,,1,0,RAINING,, NO UNUSUAL CONDITIONS - NO UNUSUAL CONDITIONS,, ,C,DARK-STREET LIGHTS,34.15145,-119.18316,,,,,B,CROSSING IN CROSS WALK AT INTERSECTION,,A,21950A,,1.0,THORNWOOD DR,YELLO,,,B,,,SANTA TERESA BL,,,A,8/5/2024 9:44:44 AM,2/7/2025 8:38:58 AM,,,2,,,,,,,
3526565,17-015-0092,2,False,4313,1/15/2017 1:57:00 AM,157,KING3,1368,4313,San Jose,43,True,True,D,BROADSIDE,,Sunday,,,,,False,False,True,,C,OTHER MOTOR VEHICLE,,3,0,CLEAR,, NO UNUSUAL CONDITIONS - NO UNUSUAL CONDITIONS,, ,C,DARK-STREET LIGHTS,,,,,,,A,NO PEDESTRIANS INVOLVED,,D,,,,11TH ST,CENTR,,,A,,,SAN CARLOS ST,,,A,8/5/2024 9:44:44 AM,2/7/2025 8:38:58 AM,,,2,,,,,,,
3526555,17-03-0030,2,False,4313,1/13/2017 12:35:00 AM,35,P3,1368,4313,San Jose,43,True,True,E,HIT OBJECT,,Friday,,,,,False,False,True,,J,OTHER OBJECT,,1,0,CLEAR,, NO UNUSUAL CONDITIONS - NO UNUSUAL CONDITIONS,, ,C,DARK-STREET LIGHTS,,,,,,,A,NO PEDESTRIANS INVOLVED,,A,22350,,1.0,NIEMAN BL,FOOTH,,,A,,,E CAPITOL EXPWY,,,A,8/5/2024 9:44:43 AM,2/7/2025 8:38:57 AM,,,2,,,,,,,
3526554,2017-170100613,2,False,4313,1/10/2017 6:08:00 PM,1808,3,1368,4313,San Jose,43,True,True,C,REAR END,,Tuesday,,,,,False,False,False,,C,OTHER MOTOR VEHICLE,,3,0,CLOUDY,, NO UNUSUAL CONDITIONS - NO UNUSUAL CONDITIONS,, ,C,DARK-STREET LIGHTS,,,,,,,A,NO PEDESTRIANS INVOLVED,,A,21703,,1.0,KEYES ST,LINCO,,,B,,,SENTER RD,,,A,8/5/2024 9:44:43 AM,2/7/2025 8:38:57 AM,,,2,,,,,,,
3526553,17-014-0087,2,False,4313,1/14/2017 1:54:00 AM,154,L2,1368,4313,San Jose,43,True,True,D,BROADSIDE,,Saturday,,,,,False,False,True,,I,FIXED OBJECT,,2,0,CLEAR,, NO UNUSUAL CONDITIONS - NO UNUSUAL CONDITIONS,, ,C,DARK-STREET LIGHTS,,,,,,,A,NO PEDESTRIANS INVOLVED,,A,21453A,,1.0,STORY RD,LINCO,,,A,,,MCLAUGHLIN AV,,,A,8/5/2024 9:44:43 AM,2/7/2025 8:38:57 AM,,,2,,,,,,,
3526552,17-0130152,2,False,4313,1/13/2017 6:55:00 AM,655,W4,1368,4313,San Jose,43,True,True,C,REAR END,,Friday,,,,,False,False,True,,C,OTHER MOTOR VEHICLE,,1,0,CLOUDY,, NO UNUSUAL CONDITIONS - NO UNUSUAL CONDITIONS,, ,A,DAYLIGHT,,,,,,,A,NO PEDESTRIANS INVOLVED,,A,22350,,1.0,MCKEE RD,FOOTH,,,B,W,21.0,CAPITOL AV,F,,D,8/5/2024 9:44:43 AM,2/7/2025 8:38:57 AM,,,2,,,,,,,
3526551,2017-17010350,2,False,4313,1/11/2017 11:29:00 AM,1129,12,1368,4313,San Jose,43,True,True,B,SIDE SWIPE,,Wednesday,,,,,False,False,False,,C,OTHER MOTOR VEHICLE,,1,0,CLOUDY,, NO UNUSUAL CONDITIONS - NO UNUSUAL CONDITIONS,, ,A,DAYLIGHT,37.16288,-121.56164,,,,,A,NO PEDESTRIANS INVOLVED,,A,21658A,,1.0,UNION AV,SOUTH,,,A,S,272.0,BASCOM AV,F,,D,8/5/2024 9:44:43 AM,2/7/2025 8:38:57 AM,,,2,,,,,,,
3526550,2017-170130301,2,False,4313,1/13/2017 10:17:00 AM,1017,A2,1368,4313,San Jose,43,True,True,C,REAR END,,Friday,,,,,False,False,False,,C,OTHER MOTOR VEHICLE,,2,0,CLEAR,, NO UNUSUAL CONDITIONS - NO UNUSUAL CONDITIONS,, ,A,DAYLIGHT,,,,,,,A,NO PEDESTRIANS INVOLVED,,A,22350,,1.0,BRANHAM LN,SOUTE,,,A,W,39.0,MERIDIAN AV,F,,A,8/5/2024 9:44:43 AM,2/7/2025 8:38:57 AM,,,2,,,,,,,
3526549,17-013-0689,2,False,4313,1/13/2017 4:00:00 PM,1600,4,1368,4313,San Jose,43,True,True,G,VEHICLE/PEDESTRAIN,,Friday,,,F,,False,False,False,,B,PEDESTRIAN,,2,0,CLEAR,, NO UNUSUAL CONDITIONS - NO UNUSUAL CONDITIONS,, ,A,DAYLIGHT,,,,,,,D,CROSSING - NOT IN CROSSWALK,,A,21950A,,1.0,LEAN AV,SOUTH,,,A,,,HAYES AV,,,D,8/5/2024 9:44:43 AM,2/7/2025 8:38:57 AM,,,2,,,,,,,
3526548,2017-170130402,2,False,4313,1/13/2017 12:00:00 PM,1200,M3,1368,4313,San Jose,43,True,True,C,REAR END,,Friday,,,,,False,False,True,,C,OTHER MOTOR VEHICLE,,1,0,CLEAR,, NO UNUSUAL CONDITIONS - NO UNUSUAL CONDITIONS,, ,A,DAYLIGHT,37.21101,-121.51198,,,,,,,,A,22106,,1.0,N KING RD,FOOTH,,,A,,,ALUM ROCK AV,,,D,8/5/2024 9:44:42 AM,2/7/2025 8:38:57 AM,,,2,,,,,,,
3526547,17-013-0778,2,False,4313,1/13/2017 7:48:00 PM,1948,4,1368,4313,San Jose,43,True,True,G,VEHICLE/PEDESTRAIN,,Friday,,,,,False,False,False,,B,PEDESTRIAN,,1,0,CLEAR,, NO UNUSUAL CONDITIONS - NO UNUSUAL CONDITIONS,, ,C,DARK-STREET LIGHTS,,,,,,,B,CROSSING IN CROSS WALK AT INTERSECTION,,A,21456B,,1.0,SILVER CREEK RD,DP,,,A,,,COLT WY,,,A,8/5/2024 9:44:42 AM,2/7/2025 8:38:57 AM,,,2,,,,,,,
3526546,2017-170140254,2,False,4313,1/14/2017 9:00:00 AM,900,R1,1368,4313,San Jose,43,True,True,D,BROADSIDE,,Saturday,,,,,False,False,False,,J,OTHER OBJECT,,1,0,CLEAR,, NO UNUSUAL CONDITIONS - NO UNUSUAL CONDITIONS,, ,A,DAYLIGHT,34.24007,-119.23001,,,,,A,NO PEDESTRIANS INVOLVED,,A,21801A,,1.0,PALMILLA DR,CENTR,,,A,,,ALICANTE DR,,,D,8/5/2024 9:44:42 AM,2/7/2025 8:38:57 AM,,,2,,,,,,,
3526545,170140135,2,False,4313,1/14/2017 3:18:00 AM,318,W4,1368,4313,San Jose,43,True,True,D,BROADSIDE,,Saturday,,,F,,False,False,True,,C,OTHER MOTOR VEHICLE,,4,0,CLEAR,, NO UNUSUAL CONDITIONS - NO UNUSUAL CONDITIONS,, ,A,DAYLIGHT,,,,,,,A,NO PEDESTRIANS INVOLVED,,A,21804A,,1.0,WHITE RD,FOOTH,,,A,,,MADELINE DR,,,A,8/5/2024 9:44:42 AM,2/7/2025 8:38:56 AM,,,2,,,,,,,
3526544,2017-170080201,2,False,4313,1/8/2017 8:18:00 AM,818,L1,1368,4313,San Jose,43,True,True,C,REAR END,,Sunday,,,,,False,False,True,,C,OTHER MOTOR VEHICLE,,2,0,CLEAR,CLOUDY, NO UNUSUAL CONDITIONS - NO UNUSUAL CONDITIONS,, ,A,DAYLIGHT,,,,,,,A,NO PEDESTRIANS INVOLVED,,A,22350,,1.0,KEYES ST,WESTE,,,B,,,3RD ST,,,A,8/5/2024 9:44:42 AM,2/7/2025 8:38:56 AM,,,2,,,,,,,
3526543,17-014-0065,2,False,4313,1/14/2017 1:30:00 AM,130,2,1368,4313,San Jose,43,True,True,D,BROADSIDE,,Saturday,,,,,False,False,True,,D,MOTOR VEHICLE ON OTHER ROADWAY,,1,0,CLEAR,, NO UNUSUAL CONDITIONS - NO UNUSUAL CONDITIONS,, ,C,DARK-STREET LIGHTS,,,,,,,A,NO PEDESTRIANS INVOLVED,,A,23103,,1.0,LUNDY AV,ROBER,,,A,,,MCKAY DR,,,A,8/5/2024 9:44:42 AM,2/7/2025 8:38:56 AM,,,2,,,,,,,
3526542,2017-170050385,2,False,4313,1/5/2017 11:54:00 AM,1154,N4,1368,4313,San Jose,43,True,True,D,BROADSIDE,,Thursday,,,,,False,False,False,,G,BICYCLE,,1,0,CLOUDY,, NO UNUSUAL CONDITIONS - NO UNUSUAL CONDITIONS,, ,A,DAYLIGHT,37.18253,-121.58405,,,,,A,NO PEDESTRIANS INVOLVED,,A,216501,,1.0,SARATOGA AV,WESTE,,,A,,,WILL ROGERS DR,,,D,8/5/2024 9:44:42 AM,2/7/2025 8:38:56 AM,,,2,,,,,,,
3526538,17-013-0627,2,False,4313,1/13/2017 4:40:00 PM,1640,W4,1368,4313,San Jose,43,True,True,G,VEHICLE/PEDESTRAIN,,Friday,,,,,False,True,False,,B,PEDESTRIAN,,1,0,CLEAR,, NO UNUSUAL CONDITIONS - NO UNUSUAL CONDITIONS,, ,B,DUSK-DAWN,,,,,,,B,CROSSING IN CROSS WALK AT INTERSECTION,,A,21950A,,1.0,MCKEE RD,FOOTH,,,A,,,RT 680 N,,,D,8/5/2024 9:44:41 AM,2/7/2025 8:38:56 AM,,,2,,,,,,,
3526526,2017-170110337,2,False,4313,1/11/2017 1:08:00 PM,1308,R5,1368,4313,San Jose,43,True,True,B,SIDE SWIPE,,Wednesday,,,,,False,False,False,,G,BICYCLE,,1,0,CLOUDY,, NO UNUSUAL CONDITIONS - NO UNUSUAL CONDITIONS,, ,A,DAYLIGHT,37.23129,-121.52576,,,,,A,NO PEDESTRIANS INVOLVED,,A,22517,,1.0,FROST DR,CENTR,,,B,,,FROST DR 1592,,,D,8/5/2024 9:44:40 AM,2/7/2025 8:38:55 AM,,,2,,,,,,,
3524896,17-002-0010,2,False,4313,1/2/2017 12:20:00 AM,20,C3,1368,4313,San Jose,43,True,True,B,SIDE SWIPE,,Monday,,,F,,False,False,False,,C,OTHER MOTOR VEHICLE,,1,0,CLOUDY,, NO UNUSUAL CONDITIONS - NO UNUSUAL CONDITIONS,, ,C,DARK-STREET LIGHTS,,,,,,,A,NO PEDESTRIANS INVOLVED,,A,22107,,1.0,BERMUDA WY,DC,,,B,S,5.0,OCALA AV,F,,A,8/5/2024 9:41:44 AM,2/6/2025 2:46:03 PM,,,2,,,,,,,
3524895,2017-170010539,2,False,4313,1/1/2017 2:25:00 PM,1425,C4,1368,4313,San Jose,43,True,True,C,REAR END,,Sunday,,,,,False,False,False,,C,OTHER MOTOR VEHICLE,,1,0,CLEAR,, NO UNUSUAL CONDITIONS - NO UNUSUAL CONDITIONS,, ,A,DAYLIGHT,,,,,,,A,NO PEDESTRIANS INVOLVED,,A,21703,,1.0,OCALA AV,FOOTH,,,A,,,CAPITOL EXPWY,,,A,8/5/2024 9:41:44 AM,2/6/2025 2:46:02 PM,,,2,,,,,,,
3524891,17-005-9719,2,False,4313,1/4/2017 6:20:00 PM,1820,,1368,4313,San Jose,43,True,True,H,OTHER,,Wednesday,,,,,False,False,False,,G,BICYCLE,,1,0,RAINING,, ,, ,C,DARK-STREET LIGHTS,,,,,,,A,NO PEDESTRIANS INVOLVED,,D,,,,CAHILL ST,,,,B,,,STOVER ST,,,A,8/5/2024 9:41:43 AM,2/6/2025 2:46:02 PM,,,2,,,,,,,
3524890,2017-170020397,2,False,4313,1/2/2017 1:55:00 PM,1355,V4,1368,4313,San Jose,43,True,True,D,BROADSIDE,,Monday,,,M,,False,False,False,,C,OTHER MOTOR VEHICLE,,1,0,CLOUDY,, NO UNUSUAL CONDITIONS - NO UNUSUAL CONDITIONS,, ,A,DAYLIGHT,37.20423,-121.53333,,,,,A,NO PEDESTRIANS INVOLVED,,A,22106,,1.0,N 10TH ST,CENTR,,,B,,,E JULIAN ST,,,A,8/5/2024 9:41:43 AM,2/6/2025 2:46:02 PM,,,2,,,,,,,
3524889,17-002-0541,2,False,4313,1/2/2017 5:09:00 PM,1709,W3,1368,4313,San Jose,43,True,True,,,,Monday,,,F,,False,False,True,,C,OTHER MOTOR VEHICLE,,1,0,RAINING,, NO UNUSUAL CONDITIONS - NO UNUSUAL CONDITIONS,, ,B,DUSK-DAWN,,,,,,,A,NO PEDESTRIANS INVOLVED,,A,21453C,,1.0,S WHITE RD,FOOTH,,,B,,,E HILLS DR,,,,8/5/2024 9:41:43 AM,2/6/2025 2:46:02 PM,,,2,,,,,,,
3524888,17-005-0510,2,False,4313,1/5/2017 2:25:00 PM,1425,E1,1368,4313,San Jose,43,True,True,D,BROADSIDE,,Thursday,,,,,False,False,True,,C,OTHER MOTOR VEHICLE,,4,0,CLEAR,, NO UNUSUAL CONDITIONS - NO UNUSUAL CONDITIONS,, ,A,DAYLIGHT,,,,,,,A,NO PEDESTRIANS INVOLVED,,A,21453A,,1.0,E JULIAN,DE,,,A,,,N 4TH ST,,,A,8/5/2024 9:41:43 AM,2/6/2025 2:46:02 PM,,,2,,,,,,,
3524887,17-009-0068,2,False,4313,1/9/2017 1:47:00 AM,147,W2,1368,4313,San Jose,43,True,True,C,REAR END,,Monday,,,F,,False,False,True,,C,OTHER MOTOR VEHICLE,,1,0,RAINING,, NO UNUSUAL CONDITIONS - NO UNUSUAL CONDITIONS,, ,C,DARK-STREET LIGHTS,,,,,,,A,NO PEDESTRIANS INVOLVED,,A,21703,,1.0,N WHITE RD,FOOTH,,,B,,,MCKEE RD,,,A,8/5/2024 9:41:43 AM,2/6/2025 2:46:01 PM,,,2,,,,,,,
3524885,17-008-0751,2,False,4313,1/8/2017 10:07:00 PM,2207,R1,1368,4313,San Jose,43,True,True,,,,Sunday,,,F,,False,False,True,,C,OTHER MOTOR VEHICLE,,1,0,RAINING,, OTHER* - OTHER*,, ,C,DARK-STREET LIGHTS,,,,,,,A,NO PEDESTRIANS INVOLVED,,A,22453A,,2.0,N 1ST ST,CENTR,,,B,,,VISTA MONTANA,,,A,8/5/2024 9:41:42 AM,2/6/2025 2:46:01 PM,,,2,,,,,,,
3524883,2017-170020233,2,False,4313,1/2/2017 10:24:00 AM,1024,P3,1368,4313,San Jose,43,True,True,D,BROADSIDE,,Monday,,,,,False,False,True,,C,OTHER MOTOR VEHICLE,,2,0,CLOUDY,, NO UNUSUAL CONDITIONS - NO UNUSUAL CONDITIONS,, ,A,DAYLIGHT,,,,,,,A,NO PEDESTRIANS INVOLVED,,A,22107,,1.0,ABORN RD,FOOTH,,,B,,,ABORN SQUARE RD,,,D,8/5/2024 9:41:42 AM,2/6/2025 2:46:01 PM,,,2,,,,,,,
3524878,2017-170060161,2,False,4313,1/6/2017 7:49:00 AM,749,C4,1368,4313,San Jose,43,True,True,E,HIT OBJECT,,Friday,,,,,False,False,True,,C,OTHER MOTOR VEHICLE,,2,0,CLOUDY,, NO UNUSUAL CONDITIONS - NO UNUSUAL CONDITIONS,, ,A,DAYLIGHT,,,,,,,A,NO PEDESTRIANS INVOLVED,,A,21453A,,1.0,E CAPITOL EXPWY,FOOTH,,,A,,,CUNNINGHAM AV,,,,8/5/2024 9:41:41 AM,2/6/2025 2:46:00 PM,,,2,,,,,,,
3524876,17-006-0380,2,False,4313,1/6/2017 12:35:00 PM,1235,R2,1368,4313,San Jose,43,True,True,B,SIDE SWIPE,,Friday,,,F,,False,False,True,,C,OTHER MOTOR VEHICLE,,1,0,CLEAR,, NO UNUSUAL CONDITIONS - NO UNUSUAL CONDITIONS,, ,A,DAYLIGHT,,,,,,,A,NO PEDESTRIANS INVOLVED,,A,22107,,1.0,OAKLAND RD,CENTR,,,A,S,54.0,N FRONT WY,F,,A,8/5/2024 9:41:41 AM,2/6/2025 2:46:00 PM,,,2,,,,,,,
3524874,17-010-0679,2,False,4313,1/10/2017 7:21:00 PM,1921,C3,1368,4313,San Jose,43,True,True,B,SIDE SWIPE,,Tuesday,,,,,False,False,False,,B,PEDESTRIAN,,1,0,RAINING,, NO UNUSUAL CONDITIONS - NO UNUSUAL CONDITIONS,, ,C,DARK-STREET LIGHTS,,,,,,,D,CROSSING - NOT IN CROSSWALK,,A,21954A,,1.0,PLAZA DE SAN JOSE DRWY,CHARL,,,B,E,25.0,STORY RD,F,,A,8/5/2024 9:41:41 AM,2/6/2025 2:46:00 PM,,,2,,,,,,,
3524872,17-010-0802,2,False,4313,1/10/2017 10:32:00 PM,2232,S1,1368,4313,San Jose,43,True,True,B,SIDE SWIPE,,Tuesday,,,F,,False,False,True,,C,OTHER MOTOR VEHICLE,,2,0,RAINING,, NO UNUSUAL CONDITIONS - NO UNUSUAL CONDITIONS,, ,C,DARK-STREET LIGHTS,,,,,,,A,NO PEDESTRIANS INVOLVED,,A,22350,,1.0,MOORPARK AV,WESTE,,,B,,,RT 280,,,D,8/5/2024 9:41:40 AM,2/6/2025 2:46:00 PM,,,2,,,,,,,
3524870,17-001-0396,2,False,4313,1/1/2017 10:02:00 AM,1002,L6,1368,4313,San Jose,43,True,True,D,BROADSIDE,,Sunday,,,M,,False,False,True,,C,OTHER MOTOR VEHICLE,,0,0,CLOUDY,, NO UNUSUAL CONDITIONS - NO UNUSUAL CONDITIONS,, ,A,DAYLIGHT,,,,,,,A,NO PEDESTRIANS INVOLVED,,A,21453A,,1.0,YERBA BUENA RD,WESTE,,,A,,,RT 101,,,A,8/5/2024 9:41:40 AM,2/6/2025 2:45:59 PM,,,2,,,,,,,
3524869,17-005-0943,2,False,4313,1/5/2017 11:54:00 PM,2354,T5,1368,4313,San Jose,43,True,True,A,HEAD-ON,,Thursday,,,,,False,False,False,,I,FIXED OBJECT,,0,0,CLEAR,, NO UNUSUAL CONDITIONS - NO UNUSUAL CONDITIONS,, ,C,DARK-STREET LIGHTS,,,,,,,A,NO PEDESTRIANS INVOLVED,,A,22107,,1.0,CAPITOL EXPWY,DT,,,A,,,RT 87,,,A,8/5/2024 9:41:40 AM,2/6/2025 2:45:59 PM,,,2,,,,,,,
3524838,2017-160020224,2,False,4313,1/2/2017 10:09:00 AM,1009,V1,1368,4313,San Jose,43,True,True,D,BROADSIDE,,Monday,,,,,False,False,True,,C,OTHER MOTOR VEHICLE,,1,0,RAINING,, NO UNUSUAL CONDITIONS - NO UNUSUAL CONDITIONS,, ,A,DAYLIGHT,,,,,,,A,NO PEDESTRIANS INVOLVED,,A,21453A,,1.0,N 1ST ST,CENTR,,,B,,,TAYLOR ST,,,A,8/5/2024 9:41:36 AM,2/6/2025 2:45:56 PM,,,2,,,,,,,
3524820,17-001-0213,2,False,4313,1/1/2017 2:49:00 AM,249,R3,1368,4313,San Jose,43,True,True,A,HEAD-ON,,Sunday,,,,,False,False,True,,I,FIXED OBJECT,,1,0,CLEAR,, NO UNUSUAL CONDITIONS - NO UNUSUAL CONDITIONS,, ,A,DAYLIGHT,,,,,,,A,NO PEDESTRIANS INVOLVED,,A,23152A,,1.0,1ST ST,ROBER,,,A,,,CHARCOT,,,A,8/5/2024 9:41:35 AM,2/6/2025 2:45:54 PM,,,2,,,,,,,
3524796,17-001-0291,2,False,4313,1/1/2017 4:57:00 AM,457,2,1368,4313,San Jose,43,True,True,D,BROADSIDE,,Sunday,,,,,False,False,True,,C,OTHER MOTOR VEHICLE,,1,0,CLEAR,, NO UNUSUAL CONDITIONS - NO UNUSUAL CONDITIONS,, ,A,DAYLIGHT,,,,,,,A,NO PEDESTRIANS INVOLVED,,A,22100A,,,HEDDING ST,DV,,,A,,,4TH ST,,,A,8/5/2024 9:41:33 AM,2/6/2025 2:45:51 PM,,,2,,,,,,,
3524791,17 001 0158,2,False,4313,1/1/2017 1:46:00 AM,146,X1,1368,4313,San Jose,43,True,True,,,,Sunday,,,F,,False,False,True,,C,OTHER MOTOR VEHICLE,,1,0,,, ,, ,C,DARK-STREET LIGHTS,,,,,,,A,NO PEDESTRIANS INVOLVED,,A,22350,,1.0,SNELL AV,SRAY,,,A,,,ROSENBAUM AV,,,A,8/5/2024 9:41:32 AM,2/6/2025 2:45:51 PM,,,2,,,,,,,
3524497,2017-170720564,2,False,4313,3/13/2017 3:00:00 PM,1500,S2,1368,4313,San Jose,43,True,True,G,VEHICLE/PEDESTRAIN,,Monday,,,,,False,False,False,,B,PEDESTRIAN,,1,0,CLEAR,, NO UNUSUAL CONDITIONS - NO UNUSUAL CONDITIONS,, ,A,DAYLIGHT,37.17517,-121.54487,,,,,B,CROSSING IN CROSS WALK AT INTERSECTION,,A,21950,,1.0,MERIDIAN AV,WESTE,,,A,,,WILLOWBRAE AV,,,A,8/5/2024 9:41:04 AM,2/6/2025 2:45:18 PM,,,2,,,,,,,
3523575,17-036-0244,2,False,4313,2/5/2017 9:30:00 AM,930,,1368,4313,San Jose,43,True,True,,,,Sunday,,,,,False,False,True,,I,FIXED OBJECT,,1,0,CLEAR,, NO UNUSUAL CONDITIONS - NO UNUSUAL CONDITIONS,, ,A,DAYLIGHT,,,,,,,A,NO PEDESTRIANS INVOLVED,,B,,,1.0,SENTER RD,,,,A,N,500.0,LEWIS RD,F,,D,8/5/2024 9:39:30 AM,2/6/2025 2:43:29 PM,,,2,,,,,,,
3523570,17-038-0788,2,False,4313,2/7/2017 7:00:00 PM,1900,R1,1368,4313,San Jose,43,True,True,,,,Tuesday,,,,,False,False,True,,C,OTHER MOTOR VEHICLE,,3,0,CLEAR,, NO UNUSUAL CONDITIONS - NO UNUSUAL CONDITIONS,, ,C,DARK-STREET LIGHTS,,,,,,,A,NO PEDESTRIANS INVOLVED,,A,21453A,,,W TRIMBLE RD,,,,B,,,ORCHARD PY,,,A,8/5/2024 9:39:29 AM,2/6/2025 2:43:29 PM,,,2,,,,,,,
3523566,2017-170560253,2,False,4313,2/25/2017 9:43:00 AM,943,C3,1368,4313,San Jose,43,True,True,D,BROADSIDE,,Saturday,,,,,False,False,False,,G,BICYCLE,,1,0,CLEAR,, NO UNUSUAL CONDITIONS - NO UNUSUAL CONDITIONS,, ,A,DAYLIGHT,37.20372,-121.50151,,,,,,,,A,21201A,,1.0,STORY RD,DC,,,A,,,HOPKINS DR,,,A,8/5/2024 9:39:29 AM,2/6/2025 2:43:28 PM,,,2,,,,,,,
3523562,2017-170530147,2,False,4313,2/22/2017 7:25:00 AM,725,4,1368,4313,San Jose,43,True,True,,,,Wednesday,,,,,False,False,True,,C,OTHER MOTOR VEHICLE,,1,0,CLEAR,, NO UNUSUAL CONDITIONS - NO UNUSUAL CONDITIONS,, ,A,DAYLIGHT,37.23236,-121.52583,,,,,A,NO PEDESTRIANS INVOLVED,,A,22350,,1.0,LUNDY AV,R,,,A,S,175.0,WILLIAMSPORT DR,F,,,8/5/2024 9:39:29 AM,2/6/2025 2:43:28 PM,,,2,,,,,,,
3523558,2017-170550129,2,False,4313,2/24/2017 7:05:00 AM,705,72,1368,4313,San Jose,43,True,True,C,REAR END,,Friday,,,,,False,False,False,,C,OTHER MOTOR VEHICLE,,1,0,CLEAR,, NO UNUSUAL CONDITIONS - NO UNUSUAL CONDITIONS,, ,A,DAYLIGHT,37.15467,-121.49509,,,,,A,NO PEDESTRIANS INVOLVED,,A,22350,,1.0,BLOSSOM HILL RD,SOUTH,,,A,W,450.0,SNELL AV,F,,D,8/5/2024 9:39:28 AM,2/6/2025 2:43:27 PM,,,2,,,,,,,
3523554,17-033-0689,2,False,4313,2/2/2017 6:22:00 PM,1822,P3,1368,4313,San Jose,43,True,True,,,,Thursday,,,,,False,False,False,,B,PEDESTRIAN,,1,0,RAINING,, NO UNUSUAL CONDITIONS - NO UNUSUAL CONDITIONS,, ,C,DARK-STREET LIGHTS,,,,,,,B,CROSSING IN CROSS WALK AT INTERSECTION,,A,21950A,,1.0,SIWER CREEK RD,PAUL,,,B,,,CAPITOL EXPWY,,,A,8/5/2024 9:39:28 AM,2/6/2025 2:43:27 PM,,,2,,,,,,,
3523550,2017-170590800,2,False,4313,2/28/2017 7:23:00 PM,1923,R1,1368,4313,San Jose,43,True,True,G,VEHICLE/PEDESTRAIN,,Tuesday,,,,,False,False,False,,B,PEDESTRIAN,,1,0,CLEAR,, NO UNUSUAL CONDITIONS - NO UNUSUAL CONDITIONS,, ,C,DARK-STREET LIGHTS,,,,,,,B,CROSSING IN CROSS WALK AT INTERSECTION,,A,21952A,,1.0,E TASMAN DR,CENTR,,,A,W,6.0,N 1ST ST,F,,A,8/5/2024 9:39:27 AM,2/6/2025 2:43:26 PM,,,2,,,,,,,
3523546,2017-170570112,2,False,4313,2/26/2017 3:07:00 AM,307,S5,1368,4313,San Jose,43,True,True,C,REAR END,,Sunday,,,F,,False,False,False,,C,OTHER MOTOR VEHICLE,,1,0,CLEAR,, NO UNUSUAL CONDITIONS - NO UNUSUAL CONDITIONS,, ,C,DARK-STREET LIGHTS,37.19611,-121.52594,,,,,A,NO PEDESTRIANS INVOLVED,,A,27103,,1.0,VINE ST,SAM,,,A,,,WILLOW ST,,,A,8/5/2024 9:39:27 AM,2/6/2025 2:43:26 PM,,,2,,,,,,,