Collision Id,	Report Number,	Report Version,	Is Preliminary,	NCIC Code,Crash Date Time,	Crash Time Description,	Beat,City Id,	City Code,	City Name,County Code,	City Is Active,	City Is Incorporated,	Collision Type Code,Collision Type Description,	Collision Type Other Desc,	Day Of Week,	DispatchNotified,	HasPhotographs,	HitRun,	IsAttachmentsMailed,	IsDeleted,	IsHighwayRelated,	IsTowAway,	JudicialDistrict,	MotorVehicleInvolvedWithCode,	MotorVehicleInvolvedWithDesc,MotorVehicleInvolvedWithOtherDesc,	NumberInjured,	NumberKilled,Weather 1, Weather 2, Road Condition 1, Road Condition 2, Special Condition,LightingCode, LightingDescription,Latitude,Longitude,MilepostDirection,MilepostDistance,MilepostMarker,MilepostUnitOfMeasure,	PedestrianActionCode,PedestrianActionDesc,PreparedDate,	Primary Collision Factor Code,Primary Collision Factor Violation,PrimaryCollisionFactorIsCited,	PrimaryCollisionPartyNumber,	PrimaryRoad,	ReportingDistrict,	ReportingDistrictCode,ReviewedDate,	RoadwaySurfaceCode,SecondaryDirection,	SecondaryDistance,	SecondaryRoad,	SecondaryUnitOfMeasure,	SketchDesc,	TrafficControlDeviceCode,CreatedDate,	ModifiedDate,IsCountyRoad,IsFreeway,CHP555Version,	IsAdditonalObjectStruck,NotificationDate,	NotificationTimeDescription,	HasDigitalMediaFiles,	EvidenceNumber,	IsLocationReferToNarrative,	IsAOIOneSameAsLocation
3598081,2017-171300493,2,False,4313,5/18/2017 2:08:00 PM,1408,P3,1368,4313,San Jose,43,True,True,B,SIDE SWIPE,,Thursday,,,,,False,False,False,,B,PEDESTRIAN,,1,0,CLEAR,, NO UNUSUAL CONDITIONS - NO UNUSUAL CONDITIONS,, ,A,DAYLIGHT,,,,,,,B,CROSSING IN CROSS WALK AT INTERSECTION,,A,21950A,,1.0,KING RD,DP,,,A,,,ENESCO AV,,,A,8/5/2024 3:12:50 PM,2/7/2025 10:06:29 AM,,,2,,,,,,,
3598080,2017-171330720,2,False,4313,5/13/2017 6:16:00 PM,1816,4,1368,4313,San Jose,43,True,True,A,HEAD-ON,,Saturday,,,,,False,False,True,,C,OTHER MOTOR VEHICLE,,1,0,CLEAR,, NO UNUSUAL CONDITIONS - NO UNUSUAL CONDITIONS,, ,A,DAYLIGHT,,,,,,,A,NO PEDESTRIANS INVOLVED,,A,21801A,,1.0,MCKEE RD,W,,,A,,,N CAPITOL AV,,,A,8/5/2024 3:12:49 PM,2/7/2025 10:06:29 AM,,,2,,,,,,,
3598078,2017-171230758,2,False,4313,5/3/2017 2:01:00 PM,1401,X1,1368,4313,San Jose,43,True,True,G,VEHICLE/PEDESTRAIN,,Wednesday,,,,,False,False,False,,G,BICYCLE,,1,0,CLEAR,, NO UNUSUAL CONDITIONS - NO UNUSUAL CONDITIONS,, ,A,DAYLIGHT,24.16193,-119.1659,,,,,,,,A,22350,,1.0,PITCH PINE CT,DX,,,A,N,108.0,SKYWAY DR,F,,D,8/5/2024 3:12:49 PM,2/7/2025 10:06:29 AM,,,2,,,,,,,
3598077,2017-171240419,2,False,4313,5/4/2017 11:25:00 AM,1125,C3,1368,4313,San Jose,43,True,True,C,REAR END,,Thursday,,,,,False,False,True,,E,PARKED MOTOR VEHICLE,,1,0,CLEAR,, NO UNUSUAL CONDITIONS - NO UNUSUAL CONDITIONS,, ,A,DAYLIGHT,37.19419,-121.49542,,,,,A,NO PEDESTRIANS INVOLVED,,B,,,1.0,SOUTH KING RD,DC,,,A,N,203.0,CUNNINGHAM AV,F,,D,8/5/2024 3:12:49 PM,2/7/2025 10:06:29 AM,,,2,,,,,,,
3598074,2017-171250211,2,False,4313,5/5/2017 8:16:00 AM,816,Y2,1368,4313,San Jose,43,True,True,C,REAR END,,Friday,,,,,False,False,False,,C,OTHER MOTOR VEHICLE,,1,0,CLEAR,, NO UNUSUAL CONDITIONS - NO UNUSUAL CONDITIONS,, ,A,DAYLIGHT,,,,,,,A,NO PEDESTRIANS INVOLVED,,A,22350,,,SNELL AV,SOUTH,,,A,,,SNELL AV 5495,,,A,8/5/2024 3:12:49 PM,2/7/2025 10:06:29 AM,,,2,,,,,,,
3598073,2017-171480579,2,False,4313,5/28/2017 5:01:00 PM,1701,K2,1368,4313,San Jose,43,True,True,D,BROADSIDE,,Sunday,,,,,False,False,False,,,,,1,0,CLEAR,, ,, ,A,DAYLIGHT,,,,,,,,,,A,22107,,1.0,4TH ST,DISTR,,,A,S,66.0,FIRE HYDRANT A-13286,F,,D,8/5/2024 3:12:49 PM,2/7/2025 10:06:29 AM,,,2,,,,,,,
3598070,2017-171230671,2,False,4313,5/3/2017 5:42:00 PM,1742,R4,1368,4313,San Jose,43,True,True,D,BROADSIDE,,Wednesday,,,,,False,False,True,,C,OTHER MOTOR VEHICLE,,2,0,CLEAR,, NO UNUSUAL CONDITIONS - NO UNUSUAL CONDITIONS,, ,A,DAYLIGHT,89.53522,-166.29119,,,,,A,NO PEDESTRIANS INVOLVED,,A,22107,,1.0,OLD OAKLAND RD,DISTR,,,A,,,CHARLES ST,,,D,8/5/2024 3:12:49 PM,2/7/2025 10:06:28 AM,,,2,,,,,,,
3598069,2017-171240300,2,False,4313,5/4/2017 9:40:00 AM,940,C3,1368,4313,San Jose,43,True,True,H,OTHER,,Thursday,,,,,False,False,True,,I,FIXED OBJECT,,1,0,CLEAR,, NO UNUSUAL CONDITIONS - NO UNUSUAL CONDITIONS,, ,A,DAYLIGHT,34.19546,-119.16451,,,,,A,NO PEDESTRIANS INVOLVED,,A,22350,,1.0,CUNNINGHAM AV,FOOTH,,,A,,,NASSAU DR,,,D,8/5/2024 3:12:49 PM,2/7/2025 10:06:28 AM,,,2,,,,,,,
3598065,2017-171330753,2,False,4313,5/13/2017 7:49:00 PM,1949,F2,1368,4313,San Jose,43,True,True,E,HIT OBJECT,,Saturday,,,,,False,False,True,,I,FIXED OBJECT,,1,0,CLEAR,, NO UNUSUAL CONDITIONS - NO UNUSUAL CONDITIONS,, ,A,DAYLIGHT,34.19067,-119.23338,,,,,A,NO PEDESTRIANS INVOLVED,,A,22350,,1.0,TISCH WY,WESTE,,,A,,,HATTON ST,,,D,8/5/2024 3:12:49 PM,2/7/2025 10:06:28 AM,,,2,,,,,,,
3598061,2017-171210167,2,False,4313,5/1/2017 7:30:00 AM,730,P4,1368,4313,San Jose,43,True,True,D,BROADSIDE,,Monday,,,,,False,False,True,,C,OTHER MOTOR VEHICLE,,3,0,CLEAR,, NO UNUSUAL CONDITIONS - NO UNUSUAL CONDITIONS,, ,A,DAYLIGHT,,,,,,,A,NO PEDESTRIANS INVOLVED,,A,21453A,,1.0,ABORN RD,DISTR,,,A,W,35.0,KETTMANN RD,F,,A,8/5/2024 3:12:48 PM,2/7/2025 10:06:28 AM,,,2,,,,,,,
3598057,2017-171490482,2,False,4313,5/29/2017 3:00:00 PM,1500,R2,1368,4313,San Jose,43,True,True,A,HEAD-ON,,Monday,,,M,,False,False,True,,E,PARKED MOTOR VEHICLE,,1,0,CLEAR,, NO UNUSUAL CONDITIONS - NO UNUSUAL CONDITIONS,, ,A,DAYLIGHT,37.24297,-121.52467,,,,,A,NO PEDESTRIANS INVOLVED,,A,22350,,1.0,SIERRA WOOD DR,CENTR,,,A,E,100.0,CARDINGTON DR,F,,,8/5/2024 3:12:48 PM,2/7/2025 10:06:27 AM,,,2,,,,,,,
3598054,2017-171320713,2,False,4313,5/12/2017 5:38:00 PM,1738,R4,1368,4313,San Jose,43,True,True,C,REAR END,,Friday,,,,,False,False,False,,C,OTHER MOTOR VEHICLE,,2,0,CLEAR,, NO UNUSUAL CONDITIONS - NO UNUSUAL CONDITIONS,, ,A,DAYLIGHT,,,,,,,A,NO PEDESTRIANS INVOLVED,,A,22350,,1.0,OAKLAND AV,CENTR,,,A,,,E GISH RD,,,A,8/5/2024 3:12:48 PM,2/7/2025 10:06:27 AM,,,2,,,,,,,
3598053,2017-171410162,2,False,4313,5/20/2017 11:30:00 PM,2330,L3,1368,4313,San Jose,43,True,True,G,VEHICLE/PEDESTRAIN,,Saturday,,,F,,False,False,False,,B,PEDESTRIAN,,1,0,CLEAR,, NO UNUSUAL CONDITIONS - NO UNUSUAL CONDITIONS,, ,C,DARK-STREET LIGHTS,37.19158,-121.50319,,,,,E,IN ROAD - INCLUDES SHOULDER,,A,22350,,1.0,TAPER LN,WESTE,,,A,,,MCLAUGHLIN AV,,,D,8/5/2024 3:12:48 PM,2/7/2025 10:06:27 AM,,,2,,,,,,,
3598050,2017-171250257,2,False,4313,5/5/2017 9:18:00 AM,918,6,1368,4313,San Jose,43,True,True,D,BROADSIDE,,Friday,,,,,False,False,False,,G,BICYCLE,,1,0,CLEAR,, NO UNUSUAL CONDITIONS - NO UNUSUAL CONDITIONS,, ,A,DAYLIGHT,34.1859,-119.17137,,,,,A,NO PEDESTRIANS INVOLVED,,D,,,,TULLY RD,LINCL,,,A,,,MCLAUGHLIN AV,,,D,8/5/2024 3:12:48 PM,2/7/2025 10:06:27 AM,,,2,,,,,,,
3598049,2017-171340361,2,False,4313,5/14/2017 12:09:00 PM,1209,V2,1368,4313,San Jose,43,True,True,D,BROADSIDE,,Sunday,,,,,False,False,True,,C,OTHER MOTOR VEHICLE,,4,0,CLEAR,, NO UNUSUAL CONDITIONS - NO UNUSUAL CONDITIONS,, ,A,DAYLIGHT,34.21445,-119.20091,,,,,A,NO PEDESTRIANS INVOLVED,,A,21801A,,1.0,NORTH 17TH ST,CENTR,,,A,,,EAST HEDDING ST,,,A,8/5/2024 3:12:48 PM,2/7/2025 10:06:27 AM,,,2,,,,,,,
3598046,2017-171160934,2,False,4313,4/26/2017 9:17:00 PM,2117,X1,1368,4313,San Jose,43,True,True,D,BROADSIDE,,Wednesday,,,,,False,False,False,,C,OTHER MOTOR VEHICLE,,1,0,CLEAR,, NO UNUSUAL CONDITIONS - NO UNUSUAL CONDITIONS,, ,C,DARK-STREET LIGHTS,37.16235,-121.5015,,,,,A,NO PEDESTRIANS INVOLVED,,A,21453,,1.0,SNELL AV,DX,,,A,,,ROSENBAUM AV,,,A,8/5/2024 3:12:47 PM,2/7/2025 10:06:26 AM,,,2,,,,,,,
3598045,2017-171350678,2,False,4313,5/15/2017 6:39:00 PM,1839,P6,1368,4313,San Jose,43,True,True,B,SIDE SWIPE,,Monday,,,,,False,False,False,,C,OTHER MOTOR VEHICLE,,1,0,CLEAR,, NO UNUSUAL CONDITIONS - NO UNUSUAL CONDITIONS,, ,A,DAYLIGHT,,,,,,,A,NO PEDESTRIANS INVOLVED,,A,22107,,1.0,SILVER CREEK VALLEY RD,FOOTH,,,A,N,132.0,FARNSWORTH DR,F,,A,8/5/2024 3:12:47 PM,2/7/2025 10:06:26 AM,,,2,,,,,,,
3598042,2017-171050402,2,False,4313,4/15/2017 12:15:00 PM,1215,K3,1368,4313,San Jose,43,True,True,D,BROADSIDE,,Saturday,,,,,False,False,False,,G,BICYCLE,,1,0,CLEAR,, NO UNUSUAL CONDITIONS - NO UNUSUAL CONDITIONS,, ,A,DAYLIGHT,37.20114,-121.52352,,,,,A,NO PEDESTRIANS INVOLVED,,A,21801A,,1.0,E SAN CARLOS ST,CENTR,,,A,,,S 11TH ST,,,A,8/5/2024 3:12:47 PM,2/7/2025 10:06:26 AM,,,2,,,,,,,
3598041,2017-171360268,2,False,4313,5/16/2017 10:30:00 AM,1030,L2,1368,4313,San Jose,43,True,True,,,,Tuesday,,,,,False,False,False,,C,OTHER MOTOR VEHICLE,,1,0,CLEAR,, NO UNUSUAL CONDITIONS - NO UNUSUAL CONDITIONS,, ,A,DAYLIGHT,34.20023,-119.18129,,,,,A,NO PEDESTRIANS INVOLVED,,A,22350,,1.0,STORY RD,WESTE,,,A,,,MCLAUGHLIN AV,,,A,8/5/2024 3:12:47 PM,2/7/2025 10:06:26 AM,,,2,,,,,,,
3598037,2017-171360670,2,False,4313,5/16/2017 6:00:00 PM,1800,T2,1368,4313,San Jose,43,True,True,D,BROADSIDE,,Tuesday,,,,,False,False,False,,C,OTHER MOTOR VEHICLE,,1,0,CLEAR,, NO UNUSUAL CONDITIONS - NO UNUSUAL CONDITIONS,, ,A,DAYLIGHT,37.16233,-121.55313,,,,,A,NO PEDESTRIANS INVOLVED,,A,21802,,1.0,FOXWORTHY AV,DT,,,A,,,NEW JERSEY AV,,,A,8/5/2024 3:12:47 PM,2/7/2025 10:06:25 AM,,,2,,,,,,,
3598034,2017-171500018,2,False,4313,5/30/2017 12:30:00 AM,30,F5,1368,4313,San Jose,43,True,True,C,REAR END,,Tuesday,,,F,,False,False,True,,E,PARKED MOTOR VEHICLE,,1,0,CLEAR,, NO UNUSUAL CONDITIONS - NO UNUSUAL CONDITIONS,, ,C,DARK-STREET LIGHTS,37.19183,-121.54529,,,,,A,NO PEDESTRIANS INVOLVED,,A,22350,,1.0,DOUGLAS ST,FRANK,,,A,,,DOUGLAS ST 1425,,,D,8/5/2024 3:12:47 PM,2/7/2025 10:06:25 AM,,,2,,,,,,,
3598033,2017-171260551,2,False,4313,5/6/2017 2:55:00 PM,1455,V3,1368,4313,San Jose,43,True,True,D,BROADSIDE,,Saturday,,,,,False,False,False,,C,OTHER MOTOR VEHICLE,,1,0,CLOUDY,, NO UNUSUAL CONDITIONS - NO UNUSUAL CONDITIONS,, ,A,DAYLIGHT,,,,,,,A,NO PEDESTRIANS INVOLVED,,A,22107,,1.0,NORTH 11TH ST,CENTR,,,A,N,24.0,JACKSON ST,F,,A,8/5/2024 3:12:47 PM,2/7/2025 10:06:25 AM,,,2,,,,,,,
3598030,2017-171490173,2,False,4313,5/20/2017 5:30:00 AM,530,F5,1368,4313,San Jose,43,True,True,G,VEHICLE/PEDESTRAIN,,Saturday,,,,,False,False,False,,B,PEDESTRIAN,,1,0,CLEAR,, NO UNUSUAL CONDITIONS - NO UNUSUAL CONDITIONS,, ,B,DUSK-DAWN,,,,,,,E,IN ROAD - INCLUDES SHOULDER,,A,21956,,1.0,RACE ST,FRANK,,,A,,,AUZERAIS AV,,,A,8/5/2024 3:12:47 PM,2/7/2025 10:06:25 AM,,,2,,,,,,,
3598029,2017-171260441,2,False,4313,5/6/2017 12:20:00 PM,1220,T1,1368,4313,San Jose,43,True,True,C,REAR END,,Saturday,,,,,False,False,True,,C,OTHER MOTOR VEHICLE,,1,0,CLOUDY,, NO UNUSUAL CONDITIONS - NO UNUSUAL CONDITIONS,, ,A,DAYLIGHT,37.15376,-121.54388,,,,,A,NO PEDESTRIANS INVOLVED,,A,21658A,,1.0,CAMDEN AV,SOUTH,,,A,N,15.0,BRANHAM LN,F,,A,8/5/2024 3:12:47 PM,2/7/2025 10:06:25 AM,,,2,,,,,,,
3598026,2017-171260329,2,False,4313,5/6/2017 10:02:00 AM,1002,2,1368,4313,San Jose,43,True,True,D,BROADSIDE,,Saturday,,,,,False,False,False,,C,OTHER MOTOR VEHICLE,,1,0,CLEAR,, NO UNUSUAL CONDITIONS - NO UNUSUAL CONDITIONS,, ,A,DAYLIGHT,37.19506,-121.51597,,,,,A,NO PEDESTRIANS INVOLVED,,A,21804A,,1.0,MCLAUGHLIN AV,L,,,A,,,PANOCHE AV,,,D,8/5/2024 3:12:46 PM,2/7/2025 10:06:25 AM,,,2,,,,,,,
3598025,2017-171240636,2,False,4313,5/4/2017 3:12:00 PM,1512,A2,1368,4313,San Jose,43,True,True,G,VEHICLE/PEDESTRAIN,,Thursday,,,,,False,False,False,,G,BICYCLE,,1,0,CLEAR,, NO UNUSUAL CONDITIONS - NO UNUSUAL CONDITIONS,, ,A,DAYLIGHT,37.14109,-121.54125,,,,,B,CROSSING IN CROSS WALK AT INTERSECTION,,A,21950A,,1.0,CAMDEN AV,SOUTH,,,A,,,BLOSSOM HILL RD,,,A,8/5/2024 3:12:46 PM,2/7/2025 10:06:24 AM,,,2,,,,,,,
3598022,2017-171280497,2,False,4313,5/5/2017 2:10:00 PM,1410,A2,1368,4313,San Jose,43,True,True,D,BROADSIDE,,Friday,,,,,False,False,False,,C,OTHER MOTOR VEHICLE,,1,0,CLEAR,, NO UNUSUAL CONDITIONS - NO UNUSUAL CONDITIONS,, ,A,DAYLIGHT,37.15153,-121.62323,,,,,A,NO PEDESTRIANS INVOLVED,,A,21453A,,1.0,ALMADEN PLAZA WY,SOUTH,,,A,,,ALMADEN EXPWY,,,A,8/5/2024 3:12:46 PM,2/7/2025 10:06:24 AM,,,2,,,,,,,
3598021,2017-171240422,2,False,4313,5/4/2017 11:26:00 AM,1126,Y5,1368,4313,San Jose,43,True,True,B,SIDE SWIPE,,Thursday,,,,,False,False,True,,C,OTHER MOTOR VEHICLE,,1,0,CLEAR,, NO UNUSUAL CONDITIONS - NO UNUSUAL CONDITIONS,, ,A,DAYLIGHT,,,,,,,A,NO PEDESTRIANS INVOLVED,,A,21453A,,1.0,COTTLE RD,SOUTH,,,A,,,CORONADO AV,,,A,8/5/2024 3:12:46 PM,2/7/2025 10:06:24 AM,,,2,,,,,,,
3597812,2017-171240351,2,False,4313,5/4/2017 10:24:00 AM,1024,S2,1368,4313,San Jose,43,True,True,C,REAR END,,Thursday,,,,,False,False,True,,C,OTHER MOTOR VEHICLE,,2,0,CLEAR,, NO UNUSUAL CONDITIONS - NO UNUSUAL CONDITIONS,, ,A,DAYLIGHT,37.18552,-121.5554,,,,,A,NO PEDESTRIANS INVOLVED,,A,22350,,1.0,S BASCOM AV,WESTE,,,A,,,STOKES ST,,,A,8/5/2024 3:12:35 PM,2/7/2025 10:06:06 AM,,,2,,,,,,,
3597782,2017-171190257,2,False,4313,4/29/2017 8:41:00 AM,841,M1,1368,4313,San Jose,43,True,True,B,SIDE SWIPE,,Saturday,,,,,False,False,False,,B,PEDESTRIAN,,1,0,CLEAR,, NO UNUSUAL CONDITIONS - NO UNUSUAL CONDITIONS,, ,A,DAYLIGHT,37.21524,-121.51408,,,,,E,IN ROAD - INCLUDES SHOULDER,,B,,,2.0,MCKEE RD,FOOTH,,,A,W,25.0,LUDLOW WY,F,,D,8/5/2024 3:12:34 PM,2/7/2025 10:06:04 AM,,,2,,,,,,,
3596816,17-046-0777,2,False,4313,2/15/2017 6:07:00 PM,1807,S4,1368,4313,San Jose,43,True,True,B,SIDE SWIPE,,Wednesday,,,,,False,False,False,,G,BICYCLE,,1,0,CLOUDY,, NO UNUSUAL CONDITIONS - NO UNUSUAL CONDITIONS,, ,C,DARK-STREET LIGHTS,,,,,,,A,NO PEDESTRIANS INVOLVED,,A,22107,,1.0,WILLOW ST,WESTE,,,A,,,WESTWOOD DR,,,D,8/5/2024 3:11:40 PM,2/7/2025 10:04:38 AM,,,2,,,,,,,
3596808,1/-046-0673,2,False,4313,2/15/2017 4:36:00 PM,1636,L2,1368,4313,San Jose,43,True,True,C,REAR END,,Wednesday,,,,,False,False,False,,C,OTHER MOTOR VEHICLE,,1,0,CLEAR,, NO UNUSUAL CONDITIONS - NO UNUSUAL CONDITIONS,, ,A,DAYLIGHT,,,,,,,A,NO PEDESTRIANS INVOLVED,,A,22350,,1.0,STORY RD,,,,A,,,ROBERTS AV,,,A,8/5/2024 3:11:40 PM,2/7/2025 10:04:38 AM,,,2,,,,,,,
3596804,17-046-0566,2,False,4313,2/15/2017 2:43:00 PM,1443,P4,1368,4313,San Jose,43,True,True,D,BROADSIDE,,Wednesday,,,,,False,False,True,,C,OTHER MOTOR VEHICLE,,1,0,CLOUDY,, NO UNUSUAL CONDITIONS - NO UNUSUAL CONDITIONS,, ,A,DAYLIGHT,,,,,,,A,NO PEDESTRIANS INVOLVED,,A,21802A,,1.0,W JULIAN ST,WESTE,,,A,E,7.0,N MORRISON AV,F,,D,8/5/2024 3:11:39 PM,2/7/2025 10:04:37 AM,,,2,,,,,,,
3596797,17-045-0760,2,False,4313,2/14/2017 5:10:00 PM,1710,K2,1368,4313,San Jose,43,True,True,C,REAR END,,Tuesday,,,,,False,False,False,,C,OTHER MOTOR VEHICLE,,1,0,CLEAR,, NO UNUSUAL CONDITIONS - NO UNUSUAL CONDITIONS,, ,C,DARK-STREET LIGHTS,,,,,,,A,NO PEDESTRIANS INVOLVED,,A,21703,,1.0,6TH ST,CENTR,,,A,S,150.0,SANTA CLARA ST,F,,D,8/5/2024 3:11:39 PM,2/7/2025 10:04:37 AM,,,2,,,,,,,
3596793,17-046-0103,2,False,4313,2/15/2017 6:29:00 AM,629,T2,1368,4313,San Jose,43,True,True,H,OTHER,,Wednesday,,,,,False,False,True,,I,FIXED OBJECT,,1,0,CLEAR,, NO UNUSUAL CONDITIONS - NO UNUSUAL CONDITIONS,, ,A,DAYLIGHT,,,,,,,A,NO PEDESTRIANS INVOLVED,,B,,,1.0,S BASCOM AV,SOUTH,,,A,W,5.0,S BASCOM AV 2450,F,,D,8/5/2024 3:11:39 PM,2/7/2025 10:04:36 AM,,,2,,,,,,,
3596789,17-045-0739,2,False,4313,2/14/2017 5:37:00 PM,1737,X1,1368,4313,San Jose,43,True,True,,,,Tuesday,,,,,False,False,True,,C,OTHER MOTOR VEHICLE,,1,0,CLEAR,, NO UNUSUAL CONDITIONS - NO UNUSUAL CONDITIONS,, ,A,DAYLIGHT,,,,,,,A,NO PEDESTRIANS INVOLVED,,A,22107,,1.0,NARVAEZ AV,SOUTH,,,A,N,25.0,FAYE PARK DR,F,,D,8/5/2024 3:11:39 PM,2/7/2025 10:04:36 AM,,,2,,,,,,,
3596471,2017-171330646,2,False,4313,5/13/2017 5:30:00 PM,1730,M5,1368,4313,San Jose,43,True,True,C,REAR END,,Saturday,,,,,False,False,True,,E,PARKED MOTOR VEHICLE,,1,0,CLEAR,, NO UNUSUAL CONDITIONS - NO UNUSUAL CONDITIONS,, ,A,DAYLIGHT,,,,,,,A,NO PEDESTRIANS INVOLVED,,A,22350A,,1.0,WHITE RD,FOOTH,,,A,N,24.0,WOODHAVEN DR,F,,D,8/5/2024 3:11:21 PM,2/7/2025 10:04:08 AM,,,2,,,,,,,
3596467,2017-171280561,2,False,4313,5/8/2017 3:28:00 PM,1528,P4,1368,4313,San Jose,43,True,True,,,,Monday,,,,,False,False,False,,C,OTHER MOTOR VEHICLE,,1,0,CLEAR,, NO UNUSUAL CONDITIONS - NO UNUSUAL CONDITIONS,, ,A,DAYLIGHT,37.18257,-121.48389,,,,,A,NO PEDESTRIANS INVOLVED,,A,21703,,1.0,SILVER CREEK RD,FOOTH,,,A,S,28.0,E CAPITOL EXPWY,F,,A,8/5/2024 3:11:20 PM,2/7/2025 10:04:07 AM,,,2,,,,,,,
3595640,2017-171280660,2,False,4313,5/8/2017 5:20:00 PM,1720,4,1368,4313,San Jose,43,True,True,B,SIDE SWIPE,,Monday,,,,,False,False,True,,C,OTHER MOTOR VEHICLE,,1,0,CLEAR,, NO UNUSUAL CONDITIONS - NO UNUSUAL CONDITIONS,, ,A,DAYLIGHT,,,,,,,A,NO PEDESTRIANS INVOLVED,,A,22107,,1.0,SILVER CREEK RD,PAUL,,,A,N,27.0,E CAPITOL EXPWY,F,,A,8/5/2024 3:10:34 PM,2/7/2025 10:02:56 AM,,,2,,,,,,,
3595636,2017-171240391,2,False,4313,5/4/2017 10:57:00 AM,1057,4,1368,4313,San Jose,43,True,True,E,HIT OBJECT,,Thursday,,,,,False,False,True,,I,FIXED OBJECT,,1,0,CLEAR,, NO UNUSUAL CONDITIONS - NO UNUSUAL CONDITIONS,, ,A,DAYLIGHT,,,,,,,A,NO PEDESTRIANS INVOLVED,,A,22350,,1.0,COMMERCIAL ST,ROBER,,,A,,,15TH ST,,,,8/5/2024 3:10:34 PM,2/7/2025 10:02:56 AM,,,2,,,,,,,
3595632,2017-171280554,2,False,4313,5/8/2017 3:08:00 PM,1508,74,1368,4313,San Jose,43,True,True,D,BROADSIDE,,Monday,,,,,False,False,True,,C,OTHER MOTOR VEHICLE,,1,0,CLEAR,, NO UNUSUAL CONDITIONS - NO UNUSUAL CONDITIONS,, ,A,DAYLIGHT,37.13559,-121.48136,,,,,A,NO PEDESTRIANS INVOLVED,,A,21801A,,1.0,COTTLE RD,Y4,,,A,,,BODEGA WY,,,D,8/5/2024 3:10:34 PM,2/7/2025 10:02:55 AM,,,2,,,,,,,
3595629,2017-171210583,2,False,4313,5/1/2017 3:38:00 PM,1538,C5,1368,4313,San Jose,43,True,True,C,REAR END,,Monday,,,,,False,False,True,,E,PARKED MOTOR VEHICLE,,2,0,CLEAR,, NO UNUSUAL CONDITIONS - NO UNUSUAL CONDITIONS,, ,A,DAYLIGHT,37.2069,-121.49121,,,,,A,NO PEDESTRIANS INVOLVED,,A,22350,,1.0,E CAPITOL EX,DC,,,A,,,OCALA AV,,,A,8/5/2024 3:10:34 PM,2/7/2025 10:02:55 AM,,,2,,,,,,,
3595625,2017-171410922,2,False,4313,5/21/2017 9:10:00 PM,2110,M4,1368,4313,San Jose,43,True,True,A,HEAD-ON,,Sunday,,,,,False,False,True,,C,OTHER MOTOR VEHICLE,,1,0,RAINING,, NO UNUSUAL CONDITIONS - NO UNUSUAL CONDITIONS,, ,C,DARK-STREET LIGHTS,34.21244,-119.17278,,,,,A,NO PEDESTRIANS INVOLVED,,A,21453C,,1.0,S JACKSON AV,FOOTH,,,A,,,CAPITOL EX,,,A,8/5/2024 3:10:34 PM,2/7/2025 10:02:55 AM,,,2,,,,,,,
3595620,2017-171380923,2,False,4313,5/18/2017 9:59:00 PM,2159,P3,1368,4313,San Jose,43,True,True,A,HEAD-ON,,Thursday,,,F,,False,False,True,,C,OTHER MOTOR VEHICLE,,1,0,CLEAR,, NO UNUSUAL CONDITIONS - NO UNUSUAL CONDITIONS,, ,C,DARK-STREET LIGHTS,,,,,,,A,NO PEDESTRIANS INVOLVED,,D,,,,TOWERS LN,FOOTH,,,A,N,70.0,CAPITOL EXPWY,F,,D,8/5/2024 3:10:33 PM,2/7/2025 10:02:54 AM,,,2,,,,,,,
3595617,2017-171360046,2,False,4313,5/16/2017 1:45:00 AM,145,L6,1368,4313,San Jose,43,True,True,B,SIDE SWIPE,,Tuesday,,,M,,False,False,True,,I,FIXED OBJECT,,1,0,CLEAR,, NO UNUSUAL CONDITIONS - NO UNUSUAL CONDITIONS,, ,D,DARK-NO STREET LIGHTS,37.17563,-121.4924,,,,,A,NO PEDESTRIANS INVOLVED,,A,21658,,1.0,E CAPITOL EXPWY,WESER,,,A,W,110.0,TUERS RD,F,,D,8/5/2024 3:10:33 PM,2/7/2025 10:02:54 AM,,,2,,,,,,,
3595614,2017-171350643,2,False,4313,5/15/2017 6:00:00 PM,1800,V2,1368,4313,San Jose,43,True,True,D,BROADSIDE,,Monday,,,,,False,False,False,,C,OTHER MOTOR VEHICLE,,1,0,CLEAR,, NO UNUSUAL CONDITIONS - NO UNUSUAL CONDITIONS,, ,A,DAYLIGHT,37.21586,-121.53414,,,,,A,NO PEDESTRIANS INVOLVED,,A,21804A,,1.0,E TAYLOR ST,CENTR,,,A,W,10.0,N 6TH ST,F,,D,8/5/2024 3:10:33 PM,2/7/2025 10:02:53 AM,,,2,,,,,,,
3595609,2017-171260607,2,False,4313,5/6/2017 4:01:00 PM,1601,R1,1368,4313,San Jose,43,True,True,D,BROADSIDE,,Saturday,,,,,False,False,True,,C,OTHER MOTOR VEHICLE,,2,0,CLEAR,, NO UNUSUAL CONDITIONS - NO UNUSUAL CONDITIONS,, ,A,DAYLIGHT,37.23532,-121.54464,,,,,A,NO PEDESTRIANS INVOLVED,,A,21453A,,1.0,MONTAGUE EXPWY,ROBER,,,A,,,OTOOLE AV,,,A,8/5/2024 3:10:33 PM,2/7/2025 10:02:53 AM,,,2,,,,,,,
3595605,2017-171230305,2,False,4313,5/3/2017 10:35:00 AM,1035,W2,1368,4313,San Jose,43,True,True,D,BROADSIDE,,Wednesday,,,,,False,False,True,,C,OTHER MOTOR VEHICLE,,2,0,CLEAR,, NO UNUSUAL CONDITIONS - NO UNUSUAL CONDITIONS,, ,A,DAYLIGHT,37.22498,-121.50589,,,,,A,NO PEDESTRIANS INVOLVED,,A,22107,,1.0,CLEARVIEW DR,FOOTH,,,A,,,GLEN HEATHER DR,,,D,8/5/2024 3:10:32 PM,2/7/2025 10:02:53 AM,,,2,,,,,,,
3595601,2017-171230508,2,False,4313,5/3/2017 2:41:00 PM,1441,L5,1368,4313,San Jose,43,True,True,A,HEAD-ON,,Wednesday,,,,,False,False,False,,G,BICYCLE,,1,0,CLEAR,, NO UNUSUAL CONDITIONS - NO UNUSUAL CONDITIONS,, ,A,DAYLIGHT,,,,,,,A,NO PEDESTRIANS INVOLVED,,A,21950A,,1.0,SENTER RD,LINCO,,,A,,,TULLY RD,,,A,8/5/2024 3:10:32 PM,2/7/2025 10:02:52 AM,,,2,,,,,,,