Collision Id,	Report Number,	Report Version,	Is Preliminary,	NCIC Code,Crash Date Time,	Crash Time Description,	Beat,City Id,	City Code,	City Name,County Code,	City Is Active,	City Is Incorporated,	Collision Type Code,Collision Type Description,	Collision Type Other Desc,	Day Of Week,	DispatchNotified,	HasPhotographs,	HitRun,	IsAttachmentsMailed,	IsDeleted,	IsHighwayRelated,	IsTowAway,	JudicialDistrict,	MotorVehicleInvolvedWithCode,	MotorVehicleInvolvedWithDesc,MotorVehicleInvolvedWithOtherDesc,	NumberInjured,	NumberKilled,Weather 1, Weather 2, Road Condition 1, Road Condition 2, Special Condition,LightingCode, LightingDescription,Latitude,Longitude,MilepostDirection,MilepostDistance,MilepostMarker,MilepostUnitOfMeasure,	PedestrianActionCode,PedestrianActionDesc,PreparedDate,	Primary Collision Factor Code,Primary Collision Factor Violation,PrimaryCollisionFactorIsCited,	PrimaryCollisionPartyNumber,	PrimaryRoad,	ReportingDistrict,	ReportingDistrictCode,ReviewedDate,	RoadwaySurfaceCode,SecondaryDirection,	SecondaryDistance,	SecondaryRoad,	SecondaryUnitOfMeasure,	SketchDesc,	TrafficControlDeviceCode,CreatedDate,	ModifiedDate,IsCountyRoad,IsFreeway,CHP555Version,	IsAdditonalObjectStruck,NotificationDate,	NotificationTimeDescription,	HasDigitalMediaFiles,	EvidenceNumber,	IsLocationReferToNarrative,	IsAOIOneSameAsLocation
3608552,2017-171270424,2,False,4313,5/7/2017 2:13:00 PM,1413,3,1368,4313,San Jose,43,True,True,B,SIDE SWIPE,,Sunday,,,,,False,False,True,,C,OTHER MOTOR VEHICLE,,1,0,CLEAR,, NO UNUSUAL CONDITIONS - NO UNUSUAL CONDITIONS,, ,A,DAYLIGHT,37.17324,-121.52481,,,,,A,NO PEDESTRIANS INVOLVED,,D,,,,ALMADEN RD,TOM,,,A,,,CURTNER AV,,,A,8/5/2024 3:23:55 PM,2/7/2025 10:22:16 AM,,,2,,,,,,,
3608548,2017-171421009,2,False,4313,5/22/2017 10:27:00 PM,2227,1,1368,4313,San Jose,43,True,True,D,BROADSIDE,,Monday,,,,,False,False,False,,C,OTHER MOTOR VEHICLE,,2,0,CLEAR,, NO UNUSUAL CONDITIONS - NO UNUSUAL CONDITIONS,, ,C,DARK-STREET LIGHTS,,,,,,,A,NO PEDESTRIANS INVOLVED,,A,21453A,,1.0,S 10TH ST,,,,A,,,MARTHA ST,,,A,8/5/2024 3:23:55 PM,2/7/2025 10:22:16 AM,,,2,,,,,,,
3608315,2017-171700186,2,False,4313,6/19/2017 6:19:00 AM,619,C2,1368,4313,San Jose,43,True,True,D,BROADSIDE,,Monday,,,,,False,False,True,,C,OTHER MOTOR VEHICLE,,2,0,CLEAR,, NO UNUSUAL CONDITIONS - NO UNUSUAL CONDITIONS,, ,A,DAYLIGHT,,,,,,,A,NO PEDESTRIANS INVOLVED,,A,21801A,,1.0,WAVERLY AV,DISTR,,,A,E,8.0,KING RD,F,,A,8/5/2024 3:23:40 PM,2/7/2025 10:21:55 AM,,,2,,,,,,,
3608187,2017-171700624,2,False,4313,6/19/2017 3:47:00 PM,1547,K3,1368,4313,San Jose,43,True,True,D,BROADSIDE,,Monday,,,,,False,False,True,,C,OTHER MOTOR VEHICLE,,3,0,CLEAR,, NO UNUSUAL CONDITIONS - NO UNUSUAL CONDITIONS,, ,A,DAYLIGHT,,,,,,,A,NO PEDESTRIANS INVOLVED,,A,21453A,,1.0,S 10TH ST,KING,,,A,,,E SAN SALAVADOR ST,,,A,8/5/2024 3:23:31 PM,2/7/2025 10:21:43 AM,,,2,,,,,,,
3607687,2017-171790621,2,False,4313,6/28/2017 3:02:00 PM,1502,2,1368,4313,San Jose,43,True,True,C,REAR END,,Wednesday,,,,,False,False,False,,C,OTHER MOTOR VEHICLE,,2,0,CLEAR,, NO UNUSUAL CONDITIONS - NO UNUSUAL CONDITIONS,, ,A,DAYLIGHT,37.1917,-121.49383,,,,,A,NO PEDESTRIANS INVOLVED,,A,22350,,1.0,TULLY RD,C,,,A,,,SEACLIFF WY,,,D,8/5/2024 3:22:58 PM,2/7/2025 10:20:58 AM,,,2,,,,,,,
3607680,2017-171690222,2,False,4313,6/18/2017 5:28:00 AM,528,P5,1368,4313,San Jose,43,True,True,E,HIT OBJECT,,Sunday,,,,,False,False,True,,I,FIXED OBJECT,,1,0,CLEAR,, NO UNUSUAL CONDITIONS - NO UNUSUAL CONDITIONS,, ,B,DUSK-DAWN,37.18345,-121.47081,,,,,A,NO PEDESTRIANS INVOLVED,,A,22350,,1.0,SAN FELIPE RD,PAUL,,,A,,,FOWLER RD,,,,8/5/2024 3:22:58 PM,2/7/2025 10:20:58 AM,,,2,,,,,,,
3607678,2017-171680327,2,False,4313,6/17/2017 9:27:00 AM,927,L1,1368,4313,San Jose,43,True,True,D,BROADSIDE,,Saturday,,,,,False,False,False,,C,OTHER MOTOR VEHICLE,,1,0,CLEAR,, NO UNUSUAL CONDITIONS - NO UNUSUAL CONDITIONS,, ,A,DAYLIGHT,37.19272,-121.52466,,,,,A,NO PEDESTRIANS INVOLVED,,A,22107,,1.0,KEYES ST,WESTE,,,A,W,169.0,SOUTH 11TH ST,F,,D,8/5/2024 3:22:57 PM,2/7/2025 10:20:57 AM,,,2,,,,,,,
3607673,2017-171630252,2,False,4313,6/12/2017 9:20:00 AM,920,R4,1368,4313,San Jose,43,True,True,E,HIT OBJECT,,Monday,,,,,False,False,True,,I,FIXED OBJECT,,1,0,CLEAR,, NO UNUSUAL CONDITIONS - NO UNUSUAL CONDITIONS,, ,A,DAYLIGHT,37.22579,-121.5345,,,,,A,NO PEDESTRIANS INVOLVED,,D,,,,EAST BROKAW RD,CENTR,,,A,,,OAKLAND RD,,,,8/5/2024 3:22:57 PM,2/7/2025 10:20:57 AM,,,2,,,,,,,
3607669,2017-171760856,2,False,4313,6/25/2017 8:29:00 PM,2029,V2,1368,4313,San Jose,43,True,True,C,REAR END,,Sunday,,,,,False,False,False,,C,OTHER MOTOR VEHICLE,,1,0,CLEAR,, NO UNUSUAL CONDITIONS - NO UNUSUAL CONDITIONS,, ,B,DUSK-DAWN,34.21014,-119.20543,,,,,A,NO PEDESTRIANS INVOLVED,,A,22350,,1.0,EAST TAYLOR ST,CENTR,,,A,,,NORTH 1ST ST,,,A,8/5/2024 3:22:57 PM,2/7/2025 10:20:57 AM,,,2,,,,,,,
3607665,2017-171680680,2,False,4313,6/17/2017 4:41:00 PM,1641,F2,1368,4313,San Jose,43,True,True,,,,Saturday,,,,,False,False,True,,C,OTHER MOTOR VEHICLE,,2,0,CLEAR,, NO UNUSUAL CONDITIONS - NO UNUSUAL CONDITIONS,, ,A,DAYLIGHT,34.1942,-119.23387,,,,,A,NO PEDESTRIANS INVOLVED,,A,22107,,1.0,2453 FOREST AV,WESTE,,,A,,,FOREST AV,,,,8/5/2024 3:22:56 PM,2/7/2025 10:20:56 AM,,,2,,,,,,,
3607643,2017-171700580,2,False,4313,6/19/2017 2:45:00 PM,1445,C1,1368,4313,San Jose,43,True,True,C,REAR END,,Monday,,,,,False,False,True,,C,OTHER MOTOR VEHICLE,,1,0,CLEAR,, NO UNUSUAL CONDITIONS - NO UNUSUAL CONDITIONS,, ,A,DAYLIGHT,34.21002,-119.1706,,,,,A,NO PEDESTRIANS INVOLVED,,A,22350,,1.0,SOUTH JACKSON AV,FOOTH,,,A,S,52.0,CINDERELLA LN,F,,D,8/5/2024 3:22:55 PM,2/7/2025 10:20:54 AM,,,2,,,,,,,
3607639,2017-171710228,2,False,4313,6/20/2017 10:04:00 AM,1004,P4,1368,4313,San Jose,43,True,True,C,REAR END,,Tuesday,,,,,False,False,False,,C,OTHER MOTOR VEHICLE,,1,0,CLEAR,, NO UNUSUAL CONDITIONS - NO UNUSUAL CONDITIONS,, ,A,DAYLIGHT,,,,,,,A,NO PEDESTRIANS INVOLVED,,A,21801A,,,YERBA BUENA RD,FOOTH,,,A,,,DEANS PLACE WY,,,D,8/5/2024 3:22:54 PM,2/7/2025 10:20:54 AM,,,2,,,,,,,
3607031,17-1179705,2,False,4313,4/26/2017 12:00:00 AM,2500,,1368,4313,San Jose,43,True,True,D,BROADSIDE,,Wednesday,,,,,False,True,False,,C,OTHER MOTOR VEHICLE,,0,0,CLEAR,, NO UNUSUAL CONDITIONS - NO UNUSUAL CONDITIONS,, ,D,DARK-NO STREET LIGHTS,,,,,,,A,NO PEDESTRIANS INVOLVED,,D,,,,E BROKAW RD,,,,A,,,RT 101,,,A,8/5/2024 3:22:15 PM,2/7/2025 10:19:58 AM,,,2,,,,,,,
3606676,2017-171590200,2,False,4313,6/8/2017 8:12:00 AM,812,V1,1368,4313,San Jose,43,True,True,C,REAR END,,Thursday,,,,,False,False,True,,C,OTHER MOTOR VEHICLE,,1,0,CLOUDY,, NO UNUSUAL CONDITIONS - NO UNUSUAL CONDITIONS,, ,A,DAYLIGHT,37.20466,-121.54545,,,,,,,,A,22107,,1.0,WEST HEDDING ST,CENTR,,,A,W,100.0,COLEMAN AV,F,,D,8/5/2024 3:21:52 PM,2/7/2025 10:19:26 AM,,,2,,,,,,,
3606673,2017-171600514,2,False,4313,6/9/2017 2:49:00 PM,1449,M4,1368,4313,San Jose,43,True,True,C,REAR END,,Friday,,,,,False,False,True,,C,OTHER MOTOR VEHICLE,,1,0,CLEAR,, NO UNUSUAL CONDITIONS - NO UNUSUAL CONDITIONS,, ,A,DAYLIGHT,,,,,,,A,NO PEDESTRIANS INVOLVED,,A,22350,,1.0,CAPITOL EXPWY,FOOTH,,,A,,,JACKSON AV,,,A,8/5/2024 3:21:51 PM,2/7/2025 10:19:25 AM,,,2,,,,,,,
3606668,2017-171640528,2,False,4313,6/13/2017 2:08:00 PM,1408,F5,1368,4313,San Jose,43,True,True,C,REAR END,,Tuesday,,,,,False,False,True,,C,OTHER MOTOR VEHICLE,,1,0,CLEAR,, NO UNUSUAL CONDITIONS - NO UNUSUAL CONDITIONS,, ,A,DAYLIGHT,37.19449,-121.55549,,,,,,,,A,22350,,1.0,PARK AV,WESTE,,,A,N,10.0,SHASTA AV,F,,,8/5/2024 3:21:51 PM,2/7/2025 10:19:25 AM,,,2,,,,,,,
3606664,2017-171690665,2,False,4313,6/18/2017 5:07:00 PM,1707,Y5,1368,4313,San Jose,43,True,True,,,,Sunday,,,F,,False,False,True,,C,OTHER MOTOR VEHICLE,,1,0,CLEAR,, NO UNUSUAL CONDITIONS - NO UNUSUAL CONDITIONS,, ,A,DAYLIGHT,,,,,,,A,NO PEDESTRIANS INVOLVED,,A,22107,,1.0,MONTEREY RD,SOUTH,,,A,,,BAILEY AV,,,A,8/5/2024 3:21:51 PM,2/7/2025 10:19:25 AM,,,2,,,,,,,
3605192,17-0896,2,False,4313,5/28/2017 4:19:00 AM,419,,1368,4313,San Jose,43,True,True,B,SIDE SWIPE,,Sunday,,,,,False,False,True,,E,PARKED MOTOR VEHICLE,,0,0,CLEAR,, NO UNUSUAL CONDITIONS - NO UNUSUAL CONDITIONS,, ,C,DARK-STREET LIGHTS,37.33456,-121.87646,,,,,A,NO PEDESTRIANS INVOLVED,,A,23152A,,1.0,S 10TH ST,3,,,A,,,E SAN SALAVADOR,,,D,8/5/2024 3:20:15 PM,2/7/2025 10:17:09 AM,,,2,,,,,,,
3605037,2017-171280516,2,False,4313,5/8/2017 2:30:00 PM,1430,M2,1368,4313,San Jose,43,True,True,,,,Monday,,,,,False,False,False,,B,PEDESTRIAN,,1,0,CLEAR,, CONSTRUCTION-REPAIR ZONE - CONSTRUCTION-REPAIR ZONE,, ,A,DAYLIGHT,,,,,,,B,CROSSING IN CROSS WALK AT INTERSECTION,,A,21950A,,1.0,N JACKSON AV,FOOTH,,,A,,,ALEXIAN DR,,,A,8/5/2024 3:20:05 PM,2/7/2025 10:16:55 AM,,,2,,,,,,,
3605033,2017-171300268,2,False,4313,5/10/2017 8:50:00 AM,850,2,1368,4313,San Jose,43,True,True,G,VEHICLE/PEDESTRAIN,,Wednesday,,,,,False,False,False,,B,PEDESTRIAN,,1,0,CLEAR,, NO UNUSUAL CONDITIONS - NO UNUSUAL CONDITIONS,, ,A,DAYLIGHT,34.14362,-119.16444,,,,,B,CROSSING IN CROSS WALK AT INTERSECTION,,A,21950A,,1.0,SHAWCROFT DR,YELLO,,,A,S,6.0,CALERO AV,F,,A,8/5/2024 3:20:04 PM,2/7/2025 10:16:54 AM,,,2,,,,,,,
3605029,2017-171510246,2,False,4313,5/31/2017 9:27:00 AM,927,T2,1368,4313,San Jose,43,True,True,D,BROADSIDE,,Wednesday,,,,,False,False,True,,C,OTHER MOTOR VEHICLE,,1,0,CLEAR,, NO UNUSUAL CONDITIONS - NO UNUSUAL CONDITIONS,, ,A,DAYLIGHT,,,,,,,A,NO PEDESTRIANS INVOLVED,,A,21453A,,1.0,FOXWORTHY AV,SOUTH,,,A,,,MERIDIAN AV,,,A,8/5/2024 3:20:04 PM,2/7/2025 10:16:54 AM,,,2,,,,,,,
3604981,2017-171510133,2,False,4313,5/31/2017 6:15:00 AM,615,K6,1368,4313,San Jose,43,True,True,E,HIT OBJECT,,Wednesday,,,,,False,False,True,,I,FIXED OBJECT,,1,0,CLEAR,, NO UNUSUAL CONDITIONS - NO UNUSUAL CONDITIONS,, ,A,DAYLIGHT,37.19483,-121.52542,,,,,A,NO PEDESTRIANS INVOLVED,,A,22350,,1.0,E WILLIAM ST,DK,,,A,E,24.0,S 4TH ST,F,,A,8/5/2024 3:20:01 PM,2/7/2025 10:16:49 AM,,,2,,,,,,,
3604977,2017-171470916,2,False,4313,5/27/2017 9:00:00 PM,2100,L1,1368,4313,San Jose,43,True,True,D,BROADSIDE,,Saturday,,,,,False,False,True,,C,OTHER MOTOR VEHICLE,,2,0,CLEAR,, NO UNUSUAL CONDITIONS - NO UNUSUAL CONDITIONS,, ,C,DARK-STREET LIGHTS,,,,,,,A,NO PEDESTRIANS INVOLVED,,A,21801A,,1.0,S 1ST ST,LINCO,,,A,W,6.0,OAK ST,F,,A,8/5/2024 3:20:01 PM,2/7/2025 10:16:49 AM,,,2,,,,,,,
3604973,2017-171500468,2,False,4313,5/30/2017 2:00:00 PM,1400,M4,1368,4313,San Jose,43,True,True,D,BROADSIDE,,Tuesday,,,,,False,False,True,,C,OTHER MOTOR VEHICLE,,2,0,CLEAR,, NO UNUSUAL CONDITIONS - NO UNUSUAL CONDITIONS,, ,A,DAYLIGHT,37.20509,-121.50452,,,,,A,NO PEDESTRIANS INVOLVED,,A,22350,,1.0,MCCREERY AV,FOOTH,,,A,,,VOLLMER WY,,,A,8/5/2024 3:20:00 PM,2/7/2025 10:16:49 AM,,,2,,,,,,,
3604969,2017-171480299,2,False,4313,5/28/2017 9:53:00 AM,953,V2,1368,4313,San Jose,43,True,True,D,BROADSIDE,,Sunday,,,,,False,False,True,,C,OTHER MOTOR VEHICLE,,4,0,CLOUDY,, NO UNUSUAL CONDITIONS - NO UNUSUAL CONDITIONS,, ,A,DAYLIGHT,34.21227,-119.2011,,,,,A,NO PEDESTRIANS INVOLVED,,A,21453A,,,N 13TH ST,CENTR,,,A,,,E TAYLOR ST,,,A,8/5/2024 3:20:00 PM,2/7/2025 10:16:48 AM,,,2,,,,,,,
3604965,2017-171430758,2,False,4313,5/23/2017 6:11:00 PM,1811,F3,1368,4313,San Jose,43,True,True,D,BROADSIDE,,Tuesday,,,,,False,False,True,,C,OTHER MOTOR VEHICLE,,1,0,CLEAR,, NO UNUSUAL CONDITIONS - NO UNUSUAL CONDITIONS,, ,A,DAYLIGHT,,,,,,,A,NO PEDESTRIANS INVOLVED,,A,21801A,,1.0,TAYLOR ST,WESTE,,,A,W,500.0,STOCKTON AV,F,,D,8/5/2024 3:20:00 PM,2/7/2025 10:16:48 AM,,,2,,,,,,,
3604961,2017-171500672,2,False,4313,5/30/2017 5:38:00 PM,1738,F3,1368,4313,San Jose,43,True,True,D,BROADSIDE,,Tuesday,,,,,False,False,False,,G,BICYCLE,,1,0,CLOUDY,, NO UNUSUAL CONDITIONS - NO UNUSUAL CONDITIONS,, ,A,DAYLIGHT,37.20675,-121.55318,,,,,,,,A,21801A,,1.0,PARK AV,WESTE,,,A,,,EMORY ST,,,D,8/5/2024 3:20:00 PM,2/7/2025 10:16:48 AM,,,2,,,,,,,
3604958,2017-171460473,2,False,4313,5/26/2017 1:47:00 PM,1347,6,1368,4313,San Jose,43,True,True,B,SIDE SWIPE,,Friday,,,,,False,False,True,,C,OTHER MOTOR VEHICLE,,1,0,CLEAR,, NO UNUSUAL CONDITIONS - NO UNUSUAL CONDITIONS,, ,A,DAYLIGHT,37.19592,-121.52312,,,,,A,NO PEDESTRIANS INVOLVED,,A,21804A,,1.0,SOUTH 10TH ST,KING,,,A,,,EAST WILLIAM ST,,,D,8/5/2024 3:19:59 PM,2/7/2025 10:16:47 AM,,,2,,,,,,,
3604953,2017-171380528,2,False,4313,5/18/2017 3:00:00 PM,1500,A5,1368,4313,San Jose,43,True,True,D,BROADSIDE,,Thursday,,,,,False,False,False,,B,PEDESTRIAN,,1,0,CLEAR,, NO UNUSUAL CONDITIONS - NO UNUSUAL CONDITIONS,, ,A,DAYLIGHT,37.12367,-121.50315,,,,,D,CROSSING - NOT IN CROSSWALK,,A,21950B,,1.0,BRET HARTE DR,SOUTH,,,A,,,MAIDEN LN,,,D,8/5/2024 3:19:59 PM,2/7/2025 10:16:47 AM,,,2,,,,,,,
3604949,2017-171471091,2,False,4313,5/27/2017 11:28:00 PM,2328,Y5,1368,4313,San Jose,43,True,True,D,BROADSIDE,,Saturday,,,,,False,False,True,,C,OTHER MOTOR VEHICLE,,1,0,CLEAR,, NO UNUSUAL CONDITIONS - NO UNUSUAL CONDITIONS,, ,C,DARK-STREET LIGHTS,37.14512,-121.47199,,,,,A,NO PEDESTRIANS INVOLVED,,A,21453A,,1.0,MONTEREY RD,SOUTH,,,A,,,FLINTWELL WY,,,A,8/5/2024 3:19:59 PM,2/7/2025 10:16:47 AM,,,2,,,,,,,
3604945,2017-171510179,2,False,4313,5/31/2017 8:02:00 AM,802,T1,1368,4313,San Jose,43,True,True,F,OVERTURNED,,Wednesday,,,F,,False,False,False,,C,OTHER MOTOR VEHICLE,,1,0,CLEAR,, NO UNUSUAL CONDITIONS - NO UNUSUAL CONDITIONS,, ,A,DAYLIGHT,37.15582,-121.56275,,,,,A,NO PEDESTRIANS INVOLVED,,A,21804A,,1.0,CAMDEN AV,SOUTH,,,A,N,96.0,SOUTH BASCOM AV,F,,A,8/5/2024 3:19:59 PM,2/7/2025 10:16:46 AM,,,2,,,,,,,
3604941,2017-171500934,2,False,4313,5/30/2017 10:40:00 PM,2240,N3,1368,4313,San Jose,43,True,True,B,SIDE SWIPE,,Tuesday,,,F,,False,False,False,,B,PEDESTRIAN,,1,0,CLEAR,, NO UNUSUAL CONDITIONS - NO UNUSUAL CONDITIONS,, ,C,DARK-STREET LIGHTS,,,,,,,B,CROSSING IN CROSS WALK AT INTERSECTION,,A,22350,,1.0,SARATOGA AV,DN,,,A,N,18.0,WILLIAMS RD,F,,A,8/5/2024 3:19:58 PM,2/7/2025 10:16:46 AM,,,2,,,,,,,
3604937,2017-171300811,2,False,4313,5/10/2017 6:54:00 PM,1854,N6,1368,4313,San Jose,43,True,True,D,BROADSIDE,,Wednesday,,,,,False,False,True,,C,OTHER MOTOR VEHICLE,,1,0,CLEAR,, NO UNUSUAL CONDITIONS - NO UNUSUAL CONDITIONS,, ,A,DAYLIGHT,37.17222,-121.59402,,,,,A,NO PEDESTRIANS INVOLVED,,B,,,1.0,LAWRENCE EXPY,WESTE,,,A,,,SARATOGA AV,,,A,8/5/2024 3:19:58 PM,2/7/2025 10:16:46 AM,,,2,,,,,,,
3604934,2017-171300711,2,False,4313,5/10/2017 5:27:00 PM,1727,M3,1368,4313,San Jose,43,True,True,C,REAR END,,Wednesday,,,,,False,False,True,,C,OTHER MOTOR VEHICLE,,2,0,CLEAR,, NO UNUSUAL CONDITIONS - NO UNUSUAL CONDITIONS,, ,A,DAYLIGHT,,,,,,,A,NO PEDESTRIANS INVOLVED,,A,22350,,1.0,NORTH KING RD,MARY,,,A,,,ALUM ROCK AV,,,,8/5/2024 3:19:58 PM,2/7/2025 10:16:45 AM,,,2,,,,,,,
3604608,2017-171530134,2,False,4313,6/2/2017 6:40:00 AM,640,T2,1368,4313,San Jose,43,True,True,C,REAR END,,Friday,,,,,False,False,True,,E,PARKED MOTOR VEHICLE,,1,0,CLEAR,, NO UNUSUAL CONDITIONS - NO UNUSUAL CONDITIONS,, ,A,DAYLIGHT,34.1607,-119.22256,,,,,A,NO PEDESTRIANS INVOLVED,,A,21755,,1.0,FOXWORTHY AV,SOUTH,,,A,W,100.0,NEW JERSEY AV,F,,A,8/5/2024 3:19:37 PM,2/7/2025 10:16:16 AM,,,2,,,,,,,
3603568,2017-171220579,2,False,4313,5/2/2017 3:07:00 PM,1507,S1,1368,4313,San Jose,43,True,True,D,BROADSIDE,,Tuesday,,,,,False,False,False,,C,OTHER MOTOR VEHICLE,,1,0,CLEAR,, NO UNUSUAL CONDITIONS - NO UNUSUAL CONDITIONS,, ,A,DAYLIGHT,37.18461,-121.55519,,,,,A,NO PEDESTRIANS INVOLVED,,A,21804A,,1.0,BASCOM AV,WESTE,,,A,N,500.0,FRUITDALE,F,,A,8/5/2024 3:18:30 PM,2/7/2025 10:14:41 AM,,,2,,,,,,,
3603552,2017-171460315,2,False,4313,5/26/2017 10:22:00 AM,1022,Y4,1368,4313,San Jose,43,True,True,A,HEAD-ON,,Friday,,,,,False,False,True,,I,FIXED OBJECT,,1,0,CLOUDY,, NO UNUSUAL CONDITIONS - NO UNUSUAL CONDITIONS,, ,A,DAYLIGHT,,,,,,,A,NO PEDESTRIANS INVOLVED,,A,21651A,,1.0,SANTA TERESA BL,SOUTH,,,A,,,PINELAND AV,,,,8/5/2024 3:18:29 PM,2/7/2025 10:14:40 AM,,,2,,,,,,,
3603548,2017-171280314,2,False,4313,5/8/2017 10:57:00 AM,1057,X5,1368,4313,San Jose,43,True,True,C,REAR END,,Monday,,,,,False,False,True,,C,OTHER MOTOR VEHICLE,,1,0,CLEAR,, NO UNUSUAL CONDITIONS - NO UNUSUAL CONDITIONS,, ,A,DAYLIGHT,,,,,,,A,NO PEDESTRIANS INVOLVED,,A,22350,,1.0,COYOTE RD,XRAY,,,A,,,BLOSSOM HILL RD,,,D,8/5/2024 3:18:29 PM,2/7/2025 10:14:40 AM,,,2,,,,,,,
3603520,2017-171180589,2,False,4313,4/28/2017 3:19:00 PM,1519,D4,1368,4313,San Jose,43,True,True,D,BROADSIDE,,Friday,,,,,False,False,True,,C,OTHER MOTOR VEHICLE,,1,0,CLEAR,, NO UNUSUAL CONDITIONS - NO UNUSUAL CONDITIONS,, ,A,DAYLIGHT,,,,,,,A,NO PEDESTRIANS INVOLVED,,A,21453A,,1.0,COLEMAN AV,CENTR,,,A,,,AVIATION AV,,,A,8/5/2024 3:18:27 PM,2/7/2025 10:14:37 AM,,,2,,,,,,,
3603517,2017-171190383,2,False,4313,4/29/2017 11:49:00 AM,1149,W3,1368,4313,San Jose,43,True,True,B,SIDE SWIPE,,Saturday,,,,,False,False,False,,C,OTHER MOTOR VEHICLE,,1,0,CLEAR,, NO UNUSUAL CONDITIONS - NO UNUSUAL CONDITIONS,, ,A,DAYLIGHT,37.21222,-121.49878,,,,,,,,D,,,,STORY RD,FOOTH,,,A,,,S WHITE RD,,,,8/5/2024 3:18:27 PM,2/7/2025 10:14:37 AM,,,2,,,,,,,
3603514,2017-171180158,2,False,4313,4/28/2017 7:18:00 AM,718,T5,1368,4313,San Jose,43,True,True,D,BROADSIDE,,Friday,,,,,False,False,True,,C,OTHER MOTOR VEHICLE,,1,0,CLEAR,, NO UNUSUAL CONDITIONS - NO UNUSUAL CONDITIONS,, ,A,DAYLIGHT,37.16281,-121.53366,,,,,A,NO PEDESTRIANS INVOLVED,,A,22450A,,1.0,FOXWORTHY AV,SOUTH,,,A,,,PLUMMER AV,,,D,8/5/2024 3:18:27 PM,2/7/2025 10:14:36 AM,,,2,,,,,,,
3603509,2017-171170669,2,False,4313,4/27/2017 4:43:00 PM,1643,3,1368,4313,San Jose,43,True,True,A,HEAD-ON,,Thursday,,,,,False,False,True,,I,FIXED OBJECT,,1,0,CLEAR,, NO UNUSUAL CONDITIONS - NO UNUSUAL CONDITIONS,, ,A,DAYLIGHT,37.22396,-121.48218,,,,,A,NO PEDESTRIANS INVOLVED,,A,22350,,1.0,PENITENCIA CREEK RD,WILLI,,,A,E,25.0,ALUM ROCK AV,F,,A,8/5/2024 3:18:26 PM,2/7/2025 10:14:36 AM,,,2,,,,,,,
3603489,2017-171190464,2,False,4313,4/29/2017 1:45:00 PM,1345,C6,1368,4313,San Jose,43,True,True,D,BROADSIDE,,Saturday,,,,,False,False,False,,G,BICYCLE,,1,0,CLEAR,, NO UNUSUAL CONDITIONS - NO UNUSUAL CONDITIONS,, ,A,DAYLIGHT,,,,,,,A,NO PEDESTRIANS INVOLVED,,A,21650,,1.0,MT HERMAN DR,FOOTH,,,A,S,112.0,MT VISTA DR,F,,D,8/5/2024 3:18:25 PM,2/7/2025 10:14:34 AM,,,2,,,,,,,
3603485,2017-171150582,2,False,4313,4/25/2017 3:18:00 PM,1518,X4,1368,4313,San Jose,43,True,True,,,,Tuesday,,,,,False,False,False,,C,OTHER MOTOR VEHICLE,,1,0,CLEAR,, NO UNUSUAL CONDITIONS - NO UNUSUAL CONDITIONS,, ,A,DAYLIGHT,37.15253,-121.49509,,,,,A,NO PEDESTRIANS INVOLVED,,A,21801A,,2.0,SNELL AV,SOUTH,,,A,,,WONG DR,,,A,8/5/2024 3:18:25 PM,2/7/2025 10:14:34 AM,,,2,,,,,,,
3603480,2017-171190375,2,False,4313,4/29/2017 11:25:00 AM,1125,N4,1368,4313,San Jose,43,True,True,D,BROADSIDE,,Saturday,,,,,False,False,True,,C,OTHER MOTOR VEHICLE,,1,0,CLEAR,, NO UNUSUAL CONDITIONS - NO UNUSUAL CONDITIONS,, ,A,DAYLIGHT,37.18354,-121.58285,,,,,A,NO PEDESTRIANS INVOLVED,,A,22350,,1.0,SARATOGA AV,WESTE,,,A,,,BORINA DR,,,D,8/5/2024 3:18:24 PM,2/7/2025 10:14:34 AM,,,2,,,,,,,
3603477,2017-171170918,2,False,4313,4/27/2017 8:50:00 PM,2050,6,1368,4313,San Jose,43,True,True,E,HIT OBJECT,,Thursday,,,,,False,False,False,,I,FIXED OBJECT,,1,0,CLEAR,, NO UNUSUAL CONDITIONS - NO UNUSUAL CONDITIONS,, ,C,DARK-STREET LIGHTS,37.17459,-121.47619,,,,,A,NO PEDESTRIANS INVOLVED,,C,,,,YERBA BUENA RD,DP,,,A,,,SILVER CREEK VALLEY RD,,,A,8/5/2024 3:18:24 PM,2/7/2025 10:14:33 AM,,,2,,,,,,,
3603146,2017-171170674,2,False,4313,4/27/2017 4:49:00 PM,1649,S4,1368,4313,San Jose,43,True,True,B,SIDE SWIPE,,Thursday,,,,,False,False,True,,C,OTHER MOTOR VEHICLE,,2,0,,, NO UNUSUAL CONDITIONS - NO UNUSUAL CONDITIONS,, ,A,DAYLIGHT,37.18305,-121.54374,,,,,A,NO PEDESTRIANS INVOLVED,,A,22350,,1.0,WILLOW ST,DS,,,A,,,LINCOLN AV,,,,8/5/2024 3:18:02 PM,2/7/2025 10:14:03 AM,,,2,,,,,,,
3603088,2017-171210579,2,False,4313,5/1/2017 3:30:00 PM,1530,M3,1368,4313,San Jose,43,True,True,D,BROADSIDE,,Monday,,,,,False,False,True,,B,PEDESTRIAN,,1,0,CLEAR,, NO UNUSUAL CONDITIONS - NO UNUSUAL CONDITIONS,, ,A,DAYLIGHT,37.21208,-121.51121,,,,,B,CROSSING IN CROSS WALK AT INTERSECTION,,A,21801A,,1.0,S KING RD,FOOTH,,,A,,,WHITTON AV,,,D,8/5/2024 3:17:59 PM,2/7/2025 10:13:57 AM,,,2,,,,,,,
3603084,2017-171370526,2,False,4313,5/17/2017 3:58:00 PM,1558,P4,1368,4313,San Jose,43,True,True,G,VEHICLE/PEDESTRAIN,,Wednesday,,,,,False,False,False,,G,BICYCLE,,1,0,CLEAR,, NO UNUSUAL CONDITIONS - NO UNUSUAL CONDITIONS,, ,A,DAYLIGHT,37.18167,-121.48525,,,,,E,IN ROAD - INCLUDES SHOULDER,,D,,,,E CAPITOL EXPWY,FOOTH,,,A,E,60.0,RT 101,F,,D,8/5/2024 3:17:58 PM,2/7/2025 10:13:57 AM,,,2,,,,,,,
3603080,2017-171330217,2,False,4313,5/13/2017 8:11:00 AM,811,T3,1368,4313,San Jose,43,True,True,G,VEHICLE/PEDESTRAIN,,Saturday,,,,,False,False,False,,B,PEDESTRIAN,,1,0,CLEAR,, NO UNUSUAL CONDITIONS - NO UNUSUAL CONDITIONS,, ,A,DAYLIGHT,37.17299,-121.53468,,,,,D,CROSSING - NOT IN CROSSWALK,,A,21954A,,1.0,COTTLE AV,SOUTH,,,A,,,LENNON WY,,,D,8/5/2024 3:17:58 PM,2/7/2025 10:13:57 AM,,,2,,,,,,,