Collision Id,	Report Number,	Report Version,	Is Preliminary,	NCIC Code,Crash Date Time,	Crash Time Description,	Beat,City Id,	City Code,	City Name,County Code,	City Is Active,	City Is Incorporated,	Collision Type Code,Collision Type Description,	Collision Type Other Desc,	Day Of Week,	DispatchNotified,	HasPhotographs,	HitRun,	IsAttachmentsMailed,	IsDeleted,	IsHighwayRelated,	IsTowAway,	JudicialDistrict,	MotorVehicleInvolvedWithCode,	MotorVehicleInvolvedWithDesc,MotorVehicleInvolvedWithOtherDesc,	NumberInjured,	NumberKilled,Weather 1, Weather 2, Road Condition 1, Road Condition 2, Special Condition,LightingCode, LightingDescription,Latitude,Longitude,MilepostDirection,MilepostDistance,MilepostMarker,MilepostUnitOfMeasure,	PedestrianActionCode,PedestrianActionDesc,PreparedDate,	Primary Collision Factor Code,Primary Collision Factor Violation,PrimaryCollisionFactorIsCited,	PrimaryCollisionPartyNumber,	PrimaryRoad,	ReportingDistrict,	ReportingDistrictCode,ReviewedDate,	RoadwaySurfaceCode,SecondaryDirection,	SecondaryDistance,	SecondaryRoad,	SecondaryUnitOfMeasure,	SketchDesc,	TrafficControlDeviceCode,CreatedDate,	ModifiedDate,IsCountyRoad,IsFreeway,CHP555Version,	IsAdditonalObjectStruck,NotificationDate,	NotificationTimeDescription,	HasDigitalMediaFiles,	EvidenceNumber,	IsLocationReferToNarrative,	IsAOIOneSameAsLocation
3611470,2017-171591090,2,False,4313,6/8/2017 11:53:00 PM,2353,P2,1368,4313,San Jose,43,True,True,,,,Thursday,,,,,False,False,True,,C,OTHER MOTOR VEHICLE,,1,0,CLOUDY,, NO UNUSUAL CONDITIONS - NO UNUSUAL CONDITIONS,, ,C,DARK-STREET LIGHTS,,,,,,,A,NO PEDESTRIANS INVOLVED,,A,21453A,,1.0,CAPITOL EXPWY,DP,,,B,N,27.0,TULLY RD,F,,A,8/5/2024 3:27:26 PM,2/7/2025 10:27:02 AM,,,2,,,,,,,
3611466,2017-171590888,2,False,4313,6/8/2017 8:16:00 PM,2016,K4,1368,4313,San Jose,43,True,True,C,REAR END,,Thursday,,,,,False,False,False,,C,OTHER MOTOR VEHICLE,,1,0,CLEAR,, NO UNUSUAL CONDITIONS - NO UNUSUAL CONDITIONS,, ,B,DUSK-DAWN,37.21109,-121.52533,,,,,A,NO PEDESTRIANS INVOLVED,,A,22350,,1.0,E JULIAN ST,CENTR,,,A,E,57.0,N 28TH ST,F,,A,8/5/2024 3:27:25 PM,2/7/2025 10:27:02 AM,,,2,,,,,,,
3611170,2017-171450849,2,False,4313,5/25/2017 6:23:00 PM,1823,Y4,1368,4313,San Jose,43,True,True,G,VEHICLE/PEDESTRAIN,,Thursday,,,,,False,False,False,,B,PEDESTRIAN,,1,0,CLEAR,, NO UNUSUAL CONDITIONS - NO UNUSUAL CONDITIONS,, ,A,DAYLIGHT,71.31733,-121.4627,,,,,D,CROSSING - NOT IN CROSSWALK,,A,21954,,1.0,VIA DEL ORO,SOUTH,,,A,,,BERNAL RD,,,D,8/5/2024 3:27:03 PM,2/7/2025 10:26:32 AM,,,2,,,,,,,
3611166,2017-71390872,2,False,4313,5/19/2017 9:18:00 PM,2118,C1,1368,4313,San Jose,43,True,True,B,SIDE SWIPE,,Friday,,,,,False,False,True,,E,PARKED MOTOR VEHICLE,,1,0,CLEAR,, NO UNUSUAL CONDITIONS - NO UNUSUAL CONDITIONS,, ,C,DARK-STREET LIGHTS,37.20558,-121.50358,,,,,A,NO PEDESTRIANS INVOLVED,,A,22107,,1.0,S JACKSON AV,FOOTH,,,,,,CINDERELLA LN,,,,8/5/2024 3:27:03 PM,2/7/2025 10:26:32 AM,,,2,,,,,,,
3611151,2017-171530165,2,False,4313,6/2/2017 7:40:00 AM,740,Y2,1368,4313,San Jose,43,True,True,H,OTHER,,Friday,,,,,False,True,True,,A,NON-COLLISION,,1,0,CLEAR,, NO UNUSUAL CONDITIONS - NO UNUSUAL CONDITIONS,, ,A,DAYLIGHT,,,,,,,A,NO PEDESTRIANS INVOLVED,,A,21658A,,1.0,BLOSSOM HILL RD,SOUTH,,,A,,,RT 85,,,D,8/5/2024 3:27:02 PM,2/7/2025 10:26:31 AM,,,2,,,,,,,
3611142,2017-171570900,2,False,4313,6/6/2017 8:14:00 PM,2014,X1,1368,4313,San Jose,43,True,True,B,SIDE SWIPE,,Tuesday,,,,,False,False,True,,C,OTHER MOTOR VEHICLE,,1,0,CLEAR,, NO UNUSUAL CONDITIONS - NO UNUSUAL CONDITIONS,, ,B,DUSK-DAWN,37.1637,-121.50307,,,,,A,NO PEDESTRIANS INVOLVED,,A,22350,,1.0,W CAPITOL EXPWY,DX,,,A,E,39.0,SNELL AV,F,,D,8/5/2024 3:27:01 PM,2/7/2025 10:26:30 AM,,,2,,,,,,,
3611139,2017-1715500472,2,False,4313,5/30/2017 2:07:00 PM,1407,E3,1368,4313,San Jose,43,True,True,D,BROADSIDE,,Tuesday,,,,,False,False,True,,C,OTHER MOTOR VEHICLE,,4,0,CLEAR,, NO UNUSUAL CONDITIONS - NO UNUSUAL CONDITIONS,, ,A,DAYLIGHT,37.20111,-121.53264,,,,,A,NO PEDESTRIANS INVOLVED,,A,21801,,1.0,W SAN FERNANDO ST,CENTR,,,A,,,S MARKET ST,,,A,8/5/2024 3:27:01 PM,2/7/2025 10:26:29 AM,,,2,,,,,,,
3611136,2017-171440612,2,False,4313,5/24/2017 3:44:00 PM,1544,S6,1368,4313,San Jose,43,True,True,E,HIT OBJECT,,Wednesday,,,,,False,True,True,,J,OTHER OBJECT,,1,0,CLEAR,, NO UNUSUAL CONDITIONS - NO UNUSUAL CONDITIONS,, ,A,DAYLIGHT,37.17524,-121.5237,,,,,A,NO PEDESTRIANS INVOLVED,,C,,,,ALMADEN EXPWY,WESTE,,,A,,,RT 87,,,D,8/5/2024 3:27:00 PM,2/7/2025 10:26:29 AM,,,2,,,,,,,
3611130,2017-171510431,2,False,4313,5/31/2017 12:35:00 PM,1235,P2,1368,4313,San Jose,43,True,True,C,REAR END,,Wednesday,,,,,False,False,True,,C,OTHER MOTOR VEHICLE,,1,0,CLEAR,, LOOSE MATERIAL ON ROADWAY* - LOOSE MATERIAL ON ROADWAY*,, ,A,DAYLIGHT,34.19567,-119.1504,,,,,A,NO PEDESTRIANS INVOLVED,,A,22350,,1.0,S WHITE RD,,,,A,N,25.0,LIGHT POLE #12R648,F,,D,8/5/2024 3:27:00 PM,2/7/2025 10:26:28 AM,,,2,,,,,,,
3611118,2017-171430587,2,False,4313,5/23/2017 2:40:00 PM,1440,L1,1368,4313,San Jose,43,True,True,,,,Tuesday,,,,,False,False,True,,E,PARKED MOTOR VEHICLE,,2,0,CLEAR,, NO UNUSUAL CONDITIONS - NO UNUSUAL CONDITIONS,, ,,,37.19325,-121.15211,,,,,A,NO PEDESTRIANS INVOLVED,,A,22107,,1.0,S 10TH ST,WESTE,,,A,,,BESTOR ST,,,D,8/5/2024 3:26:59 PM,2/7/2025 10:26:27 AM,,,2,,,,,,,
3611114,2017-171440408,2,False,4313,5/24/2017 11:53:00 AM,1153,M1,1368,4313,San Jose,43,True,True,D,BROADSIDE,,Wednesday,,,,,False,False,False,,C,OTHER MOTOR VEHICLE,,1,0,CLEAR,, NO UNUSUAL CONDITIONS - NO UNUSUAL CONDITIONS,, ,A,DAYLIGHT,34.21306,-119.18416,,,,,A,NO PEDESTRIANS INVOLVED,,A,21801A,,1.0,MCKEE RD,FOOTH,,,A,W,6.0,MCDONALD AV,F,,D,8/5/2024 3:26:59 PM,2/7/2025 10:26:27 AM,,,2,,,,,,,
3611110,2017-171440520,2,False,4313,5/24/2017 2:04:00 PM,1404,E1,1368,4313,San Jose,43,True,True,G,VEHICLE/PEDESTRAIN,,Wednesday,,,,,False,False,False,,G,BICYCLE,,1,0,CLEAR,, NO UNUSUAL CONDITIONS - NO UNUSUAL CONDITIONS,, ,A,DAYLIGHT,34.19462,-119.20571,,,,,E,IN ROAD - INCLUDES SHOULDER,,A,21650,,1.0,S MONTGOMERY ST,EDWAR,,,A,,,OTTERSON ST,,,D,8/5/2024 3:26:59 PM,2/7/2025 10:26:27 AM,,,2,,,,,,,
3611090,2017-171110534,2,False,4313,4/21/2017 3:20:00 PM,1520,A3,1368,4313,San Jose,43,True,True,C,REAR END,,Friday,,,,,False,False,True,,C,OTHER MOTOR VEHICLE,,1,0,CLEAR,, NO UNUSUAL CONDITIONS - NO UNUSUAL CONDITIONS,, ,A,DAYLIGHT,37.15468,-121.52359,,,,,A,NO PEDESTRIANS INVOLVED,,A,22350,,1.0,BRANHAM LN,SOUTH,,,A,,,ALMADEN EXPWY,,,D,8/5/2024 3:26:57 PM,2/7/2025 10:26:25 AM,,,2,,,,,,,
3611046,2017-171540311,2,False,4313,6/3/2017 9:37:00 AM,937,C5,1368,4313,San Jose,43,True,True,,,,Saturday,,,M,,False,False,True,,I,FIXED OBJECT,,0,0,CLEAR,, ,, ,A,DAYLIGHT,,,,,,,A,NO PEDESTRIANS INVOLVED,,D,,,,CAPITOL EXPWY,DC,,,A,,,STORY RD,,,D,8/5/2024 3:26:54 PM,2/7/2025 10:26:21 AM,,,2,,,,,,,
3611013,2017-171580106,2,False,4313,6/7/2017 5:06:00 AM,506,R1,1368,4313,San Jose,43,True,True,,,,Wednesday,,,,,False,False,True,,C,OTHER MOTOR VEHICLE,,1,0,CLOUDY,, NO UNUSUAL CONDITIONS - NO UNUSUAL CONDITIONS,, ,B,DUSK-DAWN,37.23506,-121.56992,,,,,A,NO PEDESTRIANS INVOLVED,,A,21801A,,1.0,MONTAGUE EXPY,CENTR,,,A,E,38.0,NORTH 1ST ST,F,,A,8/5/2024 3:26:52 PM,2/7/2025 10:26:18 AM,,,2,,,,,,,
3610286,2017-171560593,2,False,4313,6/5/2017 4:38:00 PM,1638,R2,1368,4313,San Jose,43,True,True,D,BROADSIDE,,Monday,,,,,False,False,True,,C,OTHER MOTOR VEHICLE,,2,0,CLEAR,, NO UNUSUAL CONDITIONS - NO UNUSUAL CONDITIONS,, ,A,DAYLIGHT,37.23304,-121.53231,,,,,A,NO PEDESTRIANS INVOLVED,,A,21453A,,1.0,LUNDY AV,CENTR,,,A,,,MCKAY DR,,,A,8/5/2024 3:25:57 PM,2/7/2025 10:25:04 AM,,,2,,,,,,,
3610282,2017-171540638,2,False,4313,6/4/2017 4:40:00 PM,1640,X5,1368,4313,San Jose,43,True,True,,,,Sunday,,,,,False,False,False,,C,OTHER MOTOR VEHICLE,,1,0,CLEAR,, NO UNUSUAL CONDITIONS - NO UNUSUAL CONDITIONS,, ,A,DAYLIGHT,37.15576,-121.50276,,,,,A,NO PEDESTRIANS INVOLVED,,A,21800,,1.0,BRANHAM LN,SOUTH,,,A,,,KINGSPARK DR,,,D,8/5/2024 3:25:57 PM,2/7/2025 10:25:03 AM,,,2,,,,,,,
3610278,2017-171550814,2,False,4313,6/4/2017 8:51:00 PM,2051,3,1368,4313,San Jose,43,True,True,C,REAR END,,Sunday,,,F,,False,False,True,,C,OTHER MOTOR VEHICLE,,1,0,CLEAR,, NO UNUSUAL CONDITIONS - NO UNUSUAL CONDITIONS,, ,C,DARK-STREET LIGHTS,37.19743,-121.49206,,,,,A,NO PEDESTRIANS INVOLVED,,A,20001,,1.0,S KING RD,PAUL,,,A,S,15.0,CITY LIGHTS POLE #13P236,F,,,8/5/2024 3:25:57 PM,2/7/2025 10:25:03 AM,,,2,,,,,,,
3610274,2017-171570834,2,False,4313,6/6/2017 7:02:00 PM,1902,P5,1368,4313,San Jose,43,True,True,,,,Tuesday,,,F,,False,False,False,,C,OTHER MOTOR VEHICLE,,3,0,CLEAR,, NO UNUSUAL CONDITIONS - NO UNUSUAL CONDITIONS,, ,A,DAYLIGHT,37.18591,-121.46304,,,,,A,NO PEDESTRIANS INVOLVED,,A,22350,,1.0,RUBY AV,FOOTH,,,A,,,ABORN RD,,,A,8/5/2024 3:25:56 PM,2/7/2025 10:25:03 AM,,,2,,,,,,,
3610270,2017-171550457,2,False,4313,6/4/2017 1:26:00 PM,1326,L6,1368,4313,San Jose,43,True,True,G,VEHICLE/PEDESTRAIN,,Sunday,,,,,False,False,False,,B,PEDESTRIAN,,1,0,CLEAR,, NO UNUSUAL CONDITIONS - NO UNUSUAL CONDITIONS,, ,A,DAYLIGHT,,,,,,,D,CROSSING - NOT IN CROSSWALK,,A,21954A,,1.0,MCLAUGHLIN AV,WESTE,,,A,,,BENDMILL WY,,,D,8/5/2024 3:25:56 PM,2/7/2025 10:25:02 AM,,,2,,,,,,,
3610072,2017-171410027,2,False,4313,5/21/2017 12:15:00 AM,15,M1,1368,4313,San Jose,43,True,True,H,OTHER,,Sunday,,,M,,False,False,False,,C,OTHER MOTOR VEHICLE,,0,0,CLEAR,, NO UNUSUAL CONDITIONS - NO UNUSUAL CONDITIONS,, ,C,DARK-STREET LIGHTS,37.22113,-121.541,,,,,A,NO PEDESTRIANS INVOLVED,,A,22106,,1.0,N 10TH ST,FOOTH,,,A,,,OLD BAYSHORE HWY,,,A,8/5/2024 3:25:41 PM,2/7/2025 10:24:42 AM,,,2,,,,,,,
3609929,2017-171431007,2,False,4313,5/23/2017 10:50:00 PM,2250,E1,1368,4313,San Jose,43,True,True,D,BROADSIDE,,Tuesday,,,,,False,False,True,,C,OTHER MOTOR VEHICLE,,1,0,CLEAR,, NO UNUSUAL CONDITIONS - NO UNUSUAL CONDITIONS,, ,C,DARK-STREET LIGHTS,37.20727,-121.5352,,,,,A,NO PEDESTRIANS INVOLVED,,A,21657,,1.0,N ALMADEN BL,CENTR,,,A,,,W ST JOHN ST,,,D,8/5/2024 3:25:32 PM,2/7/2025 10:24:27 AM,,,2,,,,,,,
3609925,2017-171440225,2,False,4313,5/24/2017 8:50:00 AM,850,A5,1368,4313,San Jose,43,True,True,C,REAR END,,Wednesday,,,,,False,False,False,,A,NON-COLLISION,,1,0,CLEAR,, NO UNUSUAL CONDITIONS - NO UNUSUAL CONDITIONS,, ,A,DAYLIGHT,37.13444,-121.52521,,,,,A,NO PEDESTRIANS INVOLVED,,A,22106,,1.0,REDMOND AV,SOUTH,,,A,W,45.0,SILBERMAN DR,F,,D,8/5/2024 3:25:31 PM,2/7/2025 10:24:27 AM,,,2,,,,,,,
3609920,2017-171440485,2,False,4313,5/24/2017 1:23:00 PM,1323,X4,1368,4313,San Jose,43,True,True,D,BROADSIDE,,Wednesday,,,,,False,False,True,,C,OTHER MOTOR VEHICLE,,3,0,CLEAR,, NO UNUSUAL CONDITIONS - NO UNUSUAL CONDITIONS,, ,A,DAYLIGHT,37.15317,-121.49358,,,,,A,NO PEDESTRIANS INVOLVED,,A,21802A,,1.0,CHYNOWETH AV,SOUTH,,,A,,,POSTON DR,,,A,8/5/2024 3:25:31 PM,2/7/2025 10:24:26 AM,,,2,,,,,,,
3609918,2017-171410781,2,False,4313,5/21/2017 7:46:00 PM,1946,MS,1368,4313,San Jose,43,True,True,C,REAR END,,Sunday,,,,,False,False,False,,G,BICYCLE,,1,0,CLEAR,, NO UNUSUAL CONDITIONS - NO UNUSUAL CONDITIONS,, ,B,DUSK-DAWN,37.2125,-121.50484,,,,,A,NO PEDESTRIANS INVOLVED,,A,21703,,1.0,ALUM ROCK AV,FOOT,,,A,,,JOSE FIGUERES AV,,,D,8/5/2024 3:25:31 PM,2/7/2025 10:24:26 AM,,,2,,,,,,,
3609915,2017-171430594,2,False,4313,5/23/2017 2:32:00 PM,1432,M2,1368,4313,San Jose,43,True,True,G,VEHICLE/PEDESTRAIN,,Tuesday,,,,,False,False,False,,B,PEDESTRIAN,,1,0,CLEAR,, NO UNUSUAL CONDITIONS - NO UNUSUAL CONDITIONS,, ,A,DAYLIGHT,37.21497,-121.50556,,,,,C,CROSSING IN CROSS WALK - NOT AT INTERSECTION,,A,21950B,,1.0,N JACKSON AV,FOOTH,,,A,,,MONTPELIER DR,,,A,8/5/2024 3:25:31 PM,2/7/2025 10:24:26 AM,,,2,,,,,,,
3609911,2017-171250595,2,False,4313,5/5/2017 3:43:00 PM,1543,L1,1368,4313,San Jose,43,True,True,D,BROADSIDE,,Friday,,,,,False,False,False,,G,BICYCLE,,1,0,CLEAR,, NO UNUSUAL CONDITIONS - NO UNUSUAL CONDITIONS,, ,A,DAYLIGHT,,,,,,,A,NO PEDESTRIANS INVOLVED,,A,,,1.0,1ST ST,DL,,,A,,,WILLOW,,,D,8/5/2024 3:25:30 PM,2/7/2025 10:24:25 AM,,,2,,,,,,,
3609907,2017-171420558,2,False,4313,5/22/2017 3:04:00 PM,1504,L1,1368,4313,San Jose,43,True,True,D,BROADSIDE,,Monday,,,,,False,False,True,,C,OTHER MOTOR VEHICLE,,1,0,CLEAR,, NO UNUSUAL CONDITIONS - NO UNUSUAL CONDITIONS,, ,A,DAYLIGHT,37.19121,-121.52393,,,,,A,NO PEDESTRIANS INVOLVED,,A,21453A,,1.0,KEYES ST,WESTE,,,A,E,38.0,S 1ST ST,F,,,8/5/2024 3:25:30 PM,2/7/2025 10:24:25 AM,,,2,,,,,,,
3609900,2017-171440215,2,False,4313,5/24/2017 8:45:00 AM,845,K2,1368,4313,San Jose,43,True,True,G,VEHICLE/PEDESTRAIN,,Wednesday,,,,,False,False,False,,B,PEDESTRIAN,,1,0,CLEAR,, NO UNUSUAL CONDITIONS - NO UNUSUAL CONDITIONS,, ,A,DAYLIGHT,37.20123,-121.53854,,,,,F,NOT IN ROAD,,D,,,,S 5TH ST,CENTR,,,A,,,S 5TH ST 85,,,D,8/5/2024 3:25:30 PM,2/7/2025 10:24:24 AM,,,2,,,,,,,
3609896,2017-171420690,2,False,4313,5/22/2017 5:30:00 PM,1730,C2,1368,4313,San Jose,43,True,True,D,BROADSIDE,,Monday,,,,,False,False,False,,C,OTHER MOTOR VEHICLE,,1,0,CLEAR,, NO UNUSUAL CONDITIONS - NO UNUSUAL CONDITIONS,, ,A,DAYLIGHT,,,,,,,,,,A,21801A,,1.0,N KING RD,FOOTH,,,A,N,200.0,TULLY RD,F,,,8/5/2024 3:25:29 PM,2/7/2025 10:24:24 AM,,,2,,,,,,,
3609893,2017-171360146,2,False,4313,5/16/2017 7:57:00 AM,757,Y4,1368,4313,San Jose,43,True,True,C,REAR END,,Tuesday,,,,,False,False,False,,C,OTHER MOTOR VEHICLE,,1,0,CLEAR,, NO UNUSUAL CONDITIONS - NO UNUSUAL CONDITIONS,, ,A,DAYLIGHT,37.13368,-121.46365,,,,,A,NO PEDESTRIANS INVOLVED,,A,21703,,1.0,BERNAL RD,SOUTH,,,A,,,SANTA TERESA,,,A,8/5/2024 3:25:29 PM,2/7/2025 10:24:23 AM,,,2,,,,,,,
3609888,2017-171420545,2,False,4313,5/22/2017 2:47:00 PM,1447,T5,1368,4313,San Jose,43,True,True,C,REAR END,,Monday,,,,,False,False,True,,C,OTHER MOTOR VEHICLE,,1,0,CLEAR,, NO UNUSUAL CONDITIONS - NO UNUSUAL CONDITIONS,, ,A,DAYLIGHT,37.16211,-121.53213,,,,,A,NO PEDESTRIANS INVOLVED,,D,,,,HILLSDALE AV,SOUTH,,,A,,,CHERRY AV,,,A,8/5/2024 3:25:29 PM,2/7/2025 10:24:23 AM,,,2,,,,,,,
3609884,2017-171460438,2,False,4313,5/26/2017 12:50:00 PM,1250,P6,1368,4313,San Jose,43,True,True,,,,Friday,,,,,False,False,True,,C,OTHER MOTOR VEHICLE,,1,0,CLOUDY,, NO UNUSUAL CONDITIONS - NO UNUSUAL CONDITIONS,, ,A,DAYLIGHT,,,,,,,A,NO PEDESTRIANS INVOLVED,,A,22107,,1.0,HASSLER PKWY,FOOTH,,,A,,,HERITAGE BAY DR,,,D,8/5/2024 3:25:28 PM,2/7/2025 10:24:23 AM,,,2,,,,,,,
3609880,2017-171441003,2,False,4313,5/24/2017 10:38:00 PM,2238,M5,1368,4313,San Jose,43,True,True,G,VEHICLE/PEDESTRAIN,,Wednesday,,,,,False,False,False,,G,BICYCLE,,1,0,CLEAR,, NO UNUSUAL CONDITIONS - NO UNUSUAL CONDITIONS,, ,C,DARK-STREET LIGHTS,,,,,,,E,IN ROAD - INCLUDES SHOULDER,,A,21201D,,1.0,ALUM ROCK AV,DM,,,A,,,ALEXANDER AV,,,D,8/5/2024 3:25:28 PM,2/7/2025 10:24:22 AM,,,2,,,,,,,
3609864,2017-171550070,2,False,4313,6/4/2017 12:58:00 AM,58,F4,1368,4313,San Jose,43,True,True,C,REAR END,,Sunday,,,,,False,False,True,,C,OTHER MOTOR VEHICLE,,1,0,CLEAR,, NO UNUSUAL CONDITIONS - NO UNUSUAL CONDITIONS,, ,C,DARK-STREET LIGHTS,37.19354,-121.54325,,,,,A,NO PEDESTRIANS INVOLVED,,A,22350,,1.0,PARK AV,,,,A,,,RAINIER ST,,,D,8/5/2024 3:25:27 PM,2/7/2025 10:24:21 AM,,,2,,,,,,,
3609862,2017-171530054,2,False,4313,6/2/2017 1:50:00 AM,150,X2,1368,4313,San Jose,43,True,True,D,BROADSIDE,,Friday,,,M,,False,False,True,,C,OTHER MOTOR VEHICLE,,1,0,CLEAR,, NO UNUSUAL CONDITIONS - NO UNUSUAL CONDITIONS,, ,C,DARK-STREET LIGHTS,37.16499,-121.49276,,,,,A,NO PEDESTRIANS INVOLVED,,A,22350,,1.0,SANTA SUSANA WY,DX,,,A,,,SAN GREGARIO WY,,,D,8/5/2024 3:25:27 PM,2/7/2025 10:24:21 AM,,,2,,,,,,,
3609685,2017-171320253,2,False,4313,5/12/2017 9:45:00 AM,945,L3,1368,4313,San Jose,43,True,True,G,VEHICLE/PEDESTRAIN,,Friday,,,,,False,False,False,,B,PEDESTRIAN,,1,0,CLEAR,, NO UNUSUAL CONDITIONS - NO UNUSUAL CONDITIONS,, ,A,DAYLIGHT,,,,,,,E,IN ROAD - INCLUDES SHOULDER,,D,,,,SENTER RD,WESTE,,,A,,,GUERRA DR,,,D,8/5/2024 3:25:14 PM,2/7/2025 10:24:02 AM,,,2,,,,,,,
3609681,2017-171380630,2,False,4313,5/18/2017 5:04:00 PM,1704,C6,1368,4313,San Jose,43,True,True,,,,Thursday,,,,,False,False,True,,A,NON-COLLISION,,1,0,CLEAR,, NO UNUSUAL CONDITIONS - NO UNUSUAL CONDITIONS,, ,A,DAYLIGHT,,,,,,,A,NO PEDESTRIANS INVOLVED,,A,22350,,1.0,WHITE RD,FOOTH,,,A,S,60.0,LEIB CT,F,,D,8/5/2024 3:25:14 PM,2/7/2025 10:24:02 AM,,,2,,,,,,,
3609588,2017-171810137,2,False,4313,6/30/2017 5:29:00 AM,529,K1,1368,4313,San Jose,43,True,True,D,BROADSIDE,,Friday,,,,,False,False,True,,C,OTHER MOTOR VEHICLE,,2,0,CLEAR,, NO UNUSUAL CONDITIONS - NO UNUSUAL CONDITIONS,, ,A,DAYLIGHT,37.20423,-121.53333,,,,,,,,A,21453A,,1.0,10TH ST,,,,A,,,JULIAN ST,,,,8/5/2024 3:25:07 PM,2/7/2025 10:23:52 AM,,,2,,,,,,,
3609585,2017-171800601,2,False,4313,6/29/2017 4:30:00 PM,1630,R1,1368,4313,San Jose,43,True,True,C,REAR END,,Thursday,,,,,False,False,True,,C,OTHER MOTOR VEHICLE,,1,0,CLEAR,, NO UNUSUAL CONDITIONS - NO UNUSUAL CONDITIONS,, ,A,DAYLIGHT,,,,,,,A,NO PEDESTRIANS INVOLVED,,A,22350,,1.0,MONTAGUE EX,,,,A,E,300.0,O'TOOLE AV,F,,A,8/5/2024 3:25:07 PM,2/7/2025 10:23:52 AM,,,2,,,,,,,
3609538,2017-171690751,2,False,4313,6/18/2017 6:44:00 PM,1844,X2,1368,4313,San Jose,43,True,True,D,BROADSIDE,,Sunday,,,,,False,False,False,,C,OTHER MOTOR VEHICLE,,2,0,CLEAR,, NO UNUSUAL CONDITIONS - NO UNUSUAL CONDITIONS,, ,A,DAYLIGHT,37.16454,-121.50113,,,,,A,NO PEDESTRIANS INVOLVED,,A,22350,,1.0,MONTEREY RD,SOUTH,,,A,,,CAPITOL EXPWY,,,A,8/5/2024 3:25:04 PM,2/7/2025 10:23:48 AM,,,2,,,,,,,
3609237,2017-171660152,2,False,4313,6/15/2017 8:53:00 AM,853,R4,1368,4313,San Jose,43,True,True,D,BROADSIDE,,Thursday,,,,,False,True,True,,D,MOTOR VEHICLE ON OTHER ROADWAY,,1,0,CLEAR,, NO UNUSUAL CONDITIONS - NO UNUSUAL CONDITIONS,, ,A,DAYLIGHT,,,,,,,A,NO PEDESTRIANS INVOLVED,,A,21453A,,1.0,OAKLAND RD,CENTR,,,A,,,RT 101,,,A,8/5/2024 3:24:43 PM,2/7/2025 10:23:21 AM,,,2,,,,,,,
3609068,2017-171650612,2,False,4313,6/14/2017 3:10:00 PM,1510,R2,1368,4313,San Jose,43,True,True,B,SIDE SWIPE,,Wednesday,,,F,,False,False,False,,C,OTHER MOTOR VEHICLE,,1,0,CLEAR,, NO UNUSUAL CONDITIONS - NO UNUSUAL CONDITIONS,, ,A,DAYLIGHT,,,,,,,A,NO PEDESTRIANS INVOLVED,,A,22107,,1.0,MONTAGUE EXPY,CENTR,,,A,W,120.0,OAKLAND RD,F,,A,8/5/2024 3:24:31 PM,2/7/2025 10:23:05 AM,,,2,,,,,,,
3629060,2017-171961096,2,False,4313,7/15/2017 11:29:00 PM,2329,X4,1368,4313,San Jose,43,True,True,B,SIDE SWIPE,,Saturday,,,,,False,False,True,,E,PARKED MOTOR VEHICLE,,1,0,CLEAR,, NO UNUSUAL CONDITIONS - NO UNUSUAL CONDITIONS,, ,C,DARK-STREET LIGHTS,37.15227,-121.49186,,,,,A,NO PEDESTRIANS INVOLVED,,A,22350,,1.0,HAYES AV,SOUTH,,,A,E,300.0,EAGLES LN,F,,D,8/5/2024 3:54:14 PM,2/7/2025 1:30:59 PM,,,2,,,,,,,
3629056,2017-171970676,2,False,4313,7/16/2017 5:24:00 PM,1724,P2,1368,4313,San Jose,43,True,True,A,HEAD-ON,,Sunday,,,,,False,False,True,,D,MOTOR VEHICLE ON OTHER ROADWAY,,1,0,CLEAR,, NO UNUSUAL CONDITIONS - NO UNUSUAL CONDITIONS,, ,A,DAYLIGHT,,,,,,,A,NO PEDESTRIANS INVOLVED,,A,21658A,,1.0,QUIMBY RD,DP,,,A,,,S WHITE RD,,,D,8/5/2024 3:54:13 PM,2/7/2025 1:30:59 PM,,,2,,,,,,,
3629046,2017-171970019,2,False,4313,7/16/2017 12:11:00 AM,11,T3,1368,4313,San Jose,43,True,True,A,HEAD-ON,,Sunday,,,,,False,False,True,,I,FIXED OBJECT,,1,0,CLEAR,, NO UNUSUAL CONDITIONS - NO UNUSUAL CONDITIONS,, ,C,DARK-STREET LIGHTS,,,,,,,A,NO PEDESTRIANS INVOLVED,,A,22350A,,1.0,ALMADEN EXPWY,WESTE,,,A,S,51.0,CITY LIGHT POLE #50450,F,,A,8/5/2024 3:54:12 PM,2/7/2025 1:30:58 PM,,,2,,,,,,,
3629041,2017-171970794,2,False,4313,7/16/2017 8:00:00 PM,2000,S6,1368,4313,San Jose,43,True,True,C,REAR END,,Sunday,,,F,,False,False,True,,C,OTHER MOTOR VEHICLE,,2,0,CLEAR,, NO UNUSUAL CONDITIONS - NO UNUSUAL CONDITIONS,, ,B,DUSK-DAWN,,,,,,,A,NO PEDESTRIANS INVOLVED,,A,23153,,1.0,MONTEREY RD,DS,,,A,,,ALMA AV,,,A,8/5/2024 3:54:12 PM,2/7/2025 1:30:58 PM,,,2,,,,,,,
3627468,2017-171840830,2,False,4313,7/3/2017 8:05:00 PM,2005,M5,1368,4313,San Jose,43,True,True,D,BROADSIDE,,Monday,,,,,False,False,False,,C,OTHER MOTOR VEHICLE,,2,0,CLEAR,, NO UNUSUAL CONDITIONS - NO UNUSUAL CONDITIONS,, ,A,DAYLIGHT,,,,,,,A,NO PEDESTRIANS INVOLVED,,A,21801A,,1.0,MUIRFIELD DR,MARY,,,A,E,8.0,SIERRA MESA DR,F,,A,8/5/2024 3:51:24 PM,2/7/2025 1:29:41 PM,,,2,,,,,,,
3627463,2017-171850418,2,False,4313,7/4/2017 12:12:00 PM,1212,F3,1368,4313,San Jose,43,True,True,D,BROADSIDE,,Tuesday,,,,,False,False,False,,C,OTHER MOTOR VEHICLE,,1,0,CLEAR,, NO UNUSUAL CONDITIONS - NO UNUSUAL CONDITIONS,, ,A,DAYLIGHT,,,,,,,A,NO PEDESTRIANS INVOLVED,,A,22107,,1.0,TAYLOR ST,FRANK,,,A,W,210.0,STOCKTON AV,F,,D,8/5/2024 3:51:23 PM,2/7/2025 1:29:41 PM,,,2,,,,,,,