Collision Id,	Report Number,	Report Version,	Is Preliminary,	NCIC Code,Crash Date Time,	Crash Time Description,	Beat,City Id,	City Code,	City Name,County Code,	City Is Active,	City Is Incorporated,	Collision Type Code,Collision Type Description,	Collision Type Other Desc,	Day Of Week,	DispatchNotified,	HasPhotographs,	HitRun,	IsAttachmentsMailed,	IsDeleted,	IsHighwayRelated,	IsTowAway,	JudicialDistrict,	MotorVehicleInvolvedWithCode,	MotorVehicleInvolvedWithDesc,MotorVehicleInvolvedWithOtherDesc,	NumberInjured,	NumberKilled,Weather 1, Weather 2, Road Condition 1, Road Condition 2, Special Condition,LightingCode, LightingDescription,Latitude,Longitude,MilepostDirection,MilepostDistance,MilepostMarker,MilepostUnitOfMeasure,	PedestrianActionCode,PedestrianActionDesc,PreparedDate,	Primary Collision Factor Code,Primary Collision Factor Violation,PrimaryCollisionFactorIsCited,	PrimaryCollisionPartyNumber,	PrimaryRoad,	ReportingDistrict,	ReportingDistrictCode,ReviewedDate,	RoadwaySurfaceCode,SecondaryDirection,	SecondaryDistance,	SecondaryRoad,	SecondaryUnitOfMeasure,	SketchDesc,	TrafficControlDeviceCode,CreatedDate,	ModifiedDate,IsCountyRoad,IsFreeway,CHP555Version,	IsAdditonalObjectStruck,NotificationDate,	NotificationTimeDescription,	HasDigitalMediaFiles,	EvidenceNumber,	IsLocationReferToNarrative,	IsAOIOneSameAsLocation
3685418,2017-172720451,2,False,4313,9/29/2017 12:13:00 PM,1213,L4,1368,4313,San Jose,43,True,True,A,HEAD-ON,,Friday,,,,,False,False,False,,C,OTHER MOTOR VEHICLE,,1,0,CLEAR,, NO UNUSUAL CONDITIONS - NO UNUSUAL CONDITIONS,, ,A,DAYLIGHT,37.18706,-121.50306,,,,,A,NO PEDESTRIANS INVOLVED,,A,22350,,,UMBARGER RD,WESTE,,,A,E,3.0,LIGHT POLE #140129,F,,D,8/5/2024 6:20:41 PM,2/7/2025 2:22:55 PM,,,2,,,,,,,
3685415,2017-172650215,2,False,4313,9/22/2017 8:38:00 AM,838,A1,1368,4313,San Jose,43,True,True,,,,Friday,,,,,False,False,False,,C,OTHER MOTOR VEHICLE,,1,0,CLEAR,, NO UNUSUAL CONDITIONS - NO UNUSUAL CONDITIONS,, ,A,DAYLIGHT,,,,,,,A,NO PEDESTRIANS INVOLVED,,A,21804A,,1.0,SAMARITAN DR,SOUTH,,,A,E,210.0,KINGHURST DR,F,,D,8/5/2024 6:20:40 PM,2/7/2025 2:22:55 PM,,,2,,,,,,,
3685411,2017-172590604,2,False,4313,9/16/2017 2:59:00 PM,1459,T4,1368,4313,San Jose,43,True,True,D,BROADSIDE,,Saturday,,,,,False,False,True,,C,OTHER MOTOR VEHICLE,,1,0,CLEAR,, ,, ,A,DAYLIGHT,37.16234,-121.55201,,,,,A,NO PEDESTRIANS INVOLVED,,A,21453A,,1.0,LEIGH AV,DT,,,A,N,35.0,LIGHT POLE #17J244,F,,A,8/5/2024 6:20:39 PM,2/7/2025 2:22:55 PM,,,2,,,,,,,
3685407,2017-172700770,2,False,4313,9/27/2017 4:24:00 PM,1624,1,1368,4313,San Jose,43,True,True,,,,Wednesday,,,F,,False,True,False,,C,OTHER MOTOR VEHICLE,,1,0,CLEAR,, NO UNUSUAL CONDITIONS - NO UNUSUAL CONDITIONS,, ,A,DAYLIGHT,37.19224,-121.57029,,,,,A,NO PEDESTRIANS INVOLVED,,A,22350,,1.0,S WINCHESTER BL,F,,,A,,,RT 280,,,A,8/5/2024 6:20:38 PM,2/7/2025 2:22:55 PM,,,2,,,,,,,
3685403,2017-172590470,2,False,4313,9/16/2017 11:52:00 AM,1152,M3,1368,4313,San Jose,43,True,True,,,,Saturday,,,,,False,False,True,,D,MOTOR VEHICLE ON OTHER ROADWAY,,1,0,CLEAR,, ,, ,A,DAYLIGHT,37.21712,-121.5126,,,,,A,NO PEDESTRIANS INVOLVED,,D,,,,ALUM ROCK AV,FOOTH,,,A,E,213.0,N 34TH ST,F,,D,8/5/2024 6:20:37 PM,2/7/2025 2:22:54 PM,,,2,,,,,,,
3684970,2017-172650179,2,False,4313,9/22/2017 8:04:00 AM,804,K4,1368,4313,San Jose,43,True,True,,,,Friday,,,,,False,False,False,,B,PEDESTRIAN,,1,0,CLEAR,, NO UNUSUAL CONDITIONS - NO UNUSUAL CONDITIONS,, ,A,DAYLIGHT,,,,,,,D,CROSSING - NOT IN CROSSWALK,,A,21954A,,2.0,SAN ANTONIO ST,CENTR,,,A,W,29.0,SOUTH 24TH ST,F,,A,8/5/2024 6:19:12 PM,2/7/2025 2:22:25 PM,,,2,,,,,,,
3684967,2017-172730920,2,False,4313,9/30/2017 7:58:00 PM,1958,L2,1368,4313,San Jose,43,True,True,C,REAR END,,Saturday,,,,,False,False,True,,C,OTHER MOTOR VEHICLE,,1,0,CLEAR,, NO UNUSUAL CONDITIONS - NO UNUSUAL CONDITIONS,, ,C,DARK-STREET LIGHTS,89.53522,-166.29119,,,,,A,NO PEDESTRIANS INVOLVED,,A,22350,,1.0,STORY RD,WESTE,,,A,E,65.0,LUCRETIA AV,F,,A,8/5/2024 6:19:11 PM,2/7/2025 2:22:25 PM,,,2,,,,,,,
3684962,2017-172710214,2,False,4313,9/28/2017 8:22:00 AM,822,Y3,1368,4313,San Jose,43,True,True,C,REAR END,,Thursday,,,,,False,False,True,,E,PARKED MOTOR VEHICLE,,1,0,CLEAR,, NO UNUSUAL CONDITIONS - NO UNUSUAL CONDITIONS,, ,A,DAYLIGHT,34.15032,-119.15116,,,,,A,NO PEDESTRIANS INVOLVED,,A,21658A,,1.0,LEXINGTON AV,SOUTH,,,A,E,490.0,CHARLOTTE DR,F,,D,8/5/2024 6:19:10 PM,2/7/2025 2:22:25 PM,,,2,,,,,,,
3684958,2017-172701188,2,False,4313,9/27/2017 11:43:00 PM,2343,L1,1368,4313,San Jose,43,True,True,B,SIDE SWIPE,,Wednesday,,,,,False,False,False,,C,OTHER MOTOR VEHICLE,,1,0,CLEAR,, NO UNUSUAL CONDITIONS - NO UNUSUAL CONDITIONS,, ,C,DARK-STREET LIGHTS,,,,,,,A,NO PEDESTRIANS INVOLVED,,A,22107,,1.0,2ND ST,SAN J,,,A,,,MARTHA ST,,,A,8/5/2024 6:19:09 PM,2/7/2025 2:22:24 PM,,,2,,,,,,,
3684474,2017-172690293,2,False,4313,9/26/2017 9:08:00 AM,908,R3,1368,4313,San Jose,43,True,True,,,,Tuesday,,,,,False,False,True,,C,OTHER MOTOR VEHICLE,,1,0,CLEAR,, NO UNUSUAL CONDITIONS - NO UNUSUAL CONDITIONS,, ,A,DAYLIGHT,,,,,,,A,NO PEDESTRIANS INVOLVED,,A,21453A,,1.0,BROKAW RD,ROBER,,,A,,,BERING DR,,,A,8/5/2024 6:17:33 PM,2/7/2025 2:21:54 PM,,,2,,,,,,,
3684471,2017-172700267,2,False,4313,9/27/2017 9:04:00 AM,904,S5,1368,4313,San Jose,43,True,True,G,VEHICLE/PEDESTRAIN,,Wednesday,,,,,False,False,False,,B,PEDESTRIAN,,1,0,CLEAR,, NO UNUSUAL CONDITIONS - NO UNUSUAL CONDITIONS,, ,A,DAYLIGHT,34.19224,-119.2004,,,,,B,CROSSING IN CROSS WALK AT INTERSECTION,,A,21950A,,1.0,W VIRGINIA ST,SAM,,,A,E,6.0,VINE ST,F,,A,8/5/2024 6:17:33 PM,2/7/2025 2:21:54 PM,,,2,,,,,,,
3684468,2017-172670430,2,False,4313,9/24/2017 11:40:00 AM,1140,C2,1368,4313,San Jose,43,True,True,D,BROADSIDE,,Sunday,,,,,False,False,False,,C,OTHER MOTOR VEHICLE,,1,0,CLEAR,, NO UNUSUAL CONDITIONS - NO UNUSUAL CONDITIONS,, ,A,DAYLIGHT,,,,,,,A,NO PEDESTRIANS INVOLVED,,A,22107,,1.0,TULLY RD,FOOTH,,,A,W,300.0,S KING RD,F,,A,8/5/2024 6:17:32 PM,2/7/2025 2:21:54 PM,,,2,,,,,,,
3684464,2017-172652006,2,False,4313,9/22/2017 4:58:00 PM,1658,S6,1368,4313,San Jose,43,True,True,,,,Friday,,,,,False,False,True,,C,OTHER MOTOR VEHICLE,,1,0,CLEAR,, NO UNUSUAL CONDITIONS - NO UNUSUAL CONDITIONS,, ,A,DAYLIGHT,,,,,,,A,NO PEDESTRIANS INVOLVED,,A,21804A,,1.0,ALMADEN RD,WESTE,,,A,N,4.0,STONE CT,F,,,8/5/2024 6:17:31 PM,2/7/2025 2:21:54 PM,,,2,,,,,,,
3684459,2017-172650771,2,False,4313,9/22/2017 6:57:00 PM,1857,X4,1368,4313,San Jose,43,True,True,D,BROADSIDE,,Friday,,,,,False,False,True,,C,OTHER MOTOR VEHICLE,,1,0,CLEAR,, NO UNUSUAL CONDITIONS - NO UNUSUAL CONDITIONS,, ,A,DAYLIGHT,,,,,,,A,NO PEDESTRIANS INVOLVED,,A,22100A,,1.0,BLOSSOM HILL RD,XRAY,,,A,,,WALNUT BLOSSOM AV,,,A,8/5/2024 6:17:30 PM,2/7/2025 2:21:53 PM,,,2,,,,,,,
3684456,2017-172650492,2,False,4313,9/22/2017 2:18:00 PM,1418,M5,1368,4313,San Jose,43,True,True,D,BROADSIDE,,Friday,,,,,False,False,False,,C,OTHER MOTOR VEHICLE,,2,0,CLEAR,, NO UNUSUAL CONDITIONS - NO UNUSUAL CONDITIONS,, ,A,DAYLIGHT,,,,,,,A,NO PEDESTRIANS INVOLVED,,D,,,,S CAPITOL AVE,FOOTH,,,A,S,35.0,CAPITOL EXPWY,F,,A,8/5/2024 6:17:29 PM,2/7/2025 2:21:53 PM,,,2,,,,,,,
3682523,17-1460,2,False,4317,9/15/2017 1:19:00 AM,119,,1809,4317,San Jose State Univ,43,True,True,E,HIT OBJECT,,Friday,,,,,False,False,True,,J,OTHER OBJECT,,0,0,CLEAR,, NO UNUSUAL CONDITIONS - NO UNUSUAL CONDITIONS,, ,C,DARK-STREET LIGHTS,,,,,,,A,NO PEDESTRIANS INVOLVED,,A,21658,,1.0,S 10TH ST,2,,,A,,,SAN FERNANDO ST,,,A,8/5/2024 6:11:03 PM,2/7/2025 2:19:50 PM,,,2,,,,,,,
3682513,2017-173280821,2,False,4313,11/24/2017 8:49:00 PM,2049,5,1368,4313,San Jose,43,True,True,E,HIT OBJECT,,Friday,,,,,False,False,True,,J,OTHER OBJECT,,0,1,CLEAR,, NO UNUSUAL CONDITIONS - NO UNUSUAL CONDITIONS,, ,C,DARK-STREET LIGHTS,,,,,,,A,NO PEDESTRIANS INVOLVED,,A,22350,,1.0,GURDWARA AV,PAUL,,,A,,,JOHN SORCI DR,,,D,8/5/2024 6:11:01 PM,2/7/2025 2:19:50 PM,,,2,,,,,,,
3682178,2017-172790972,2,False,4313,10/6/2017 9:15:00 PM,2115,V1,1368,4313,San Jose,43,True,True,,,,Friday,,,,,False,False,True,,E,PARKED MOTOR VEHICLE,,1,0,CLEAR,, NO UNUSUAL CONDITIONS - NO UNUSUAL CONDITIONS,, ,C,DARK-STREET LIGHTS,,,,,,,A,NO PEDESTRIANS INVOLVED,,A,23153A,,1.0,COLEMAN AV,,,,A,,,UNIVERSITY AV,,,A,8/5/2024 6:09:47 PM,2/7/2025 2:19:28 PM,,,2,,,,,,,
3682135,2017-172640819,2,False,4313,9/21/2017 7:25:00 PM,1925,L4,1368,4313,San Jose,43,True,True,G,VEHICLE/PEDESTRAIN,,Thursday,,,,,False,False,False,,B,PEDESTRIAN,,1,0,CLEAR,, NO UNUSUAL CONDITIONS - NO UNUSUAL CONDITIONS,, ,C,DARK-STREET LIGHTS,37.1813,-121.51401,,,,,D,CROSSING - NOT IN CROSSWALK,,A,21954A,,1.0,MONTEREY RD,WESTE,,,A,,,CURTNER AV,,,A,8/5/2024 6:09:39 PM,2/7/2025 2:19:26 PM,,,2,,,,,,,
3682131,2017-172690471,2,False,4313,9/26/2017 11:29:00 AM,1129,Y2,1368,4313,San Jose,43,True,True,C,REAR END,,Tuesday,,,,,False,False,False,,C,OTHER MOTOR VEHICLE,,1,0,CLEAR,, NO UNUSUAL CONDITIONS - NO UNUSUAL CONDITIONS,, ,A,DAYLIGHT,,,,,,,,,,A,22350,,1.0,COLEMAN RD,SOUTH,,,A,,,SANTA TERESA BL,,,D,8/5/2024 6:09:38 PM,2/7/2025 2:19:26 PM,,,2,,,,,,,
3682127,2017-172680888,2,False,4313,9/25/2017 7:00:00 AM,700,M4,1368,4313,San Jose,43,True,True,D,BROADSIDE,,Monday,,,,,False,True,False,,G,BICYCLE,,1,0,CLEAR,, NO UNUSUAL CONDITIONS - NO UNUSUAL CONDITIONS,, ,A,DAYLIGHT,89.53522,-166.29119,,,,,A,NO PEDESTRIANS INVOLVED,,A,216501,,1.0,KING RD,FOOTH,,,A,,,RT 280,,,A,8/5/2024 6:09:38 PM,2/7/2025 2:19:26 PM,,,2,,,,,,,
3682123,2017-172650178,2,False,4313,9/22/2017 8:02:00 AM,802,F3,1368,4313,San Jose,43,True,True,C,REAR END,,Friday,,,,,False,False,True,,C,OTHER MOTOR VEHICLE,,4,0,CLEAR,, CONSTRUCTION-REPAIR ZONE - CONSTRUCTION-REPAIR ZONE,, ,A,DAYLIGHT,,,,,,,A,NO PEDESTRIANS INVOLVED,,A,22350,,1.0,MCKENDRIE ST,WESTE,,,A,W,18.0,THE ALAMEDA,F,,D,8/5/2024 6:09:37 PM,2/7/2025 2:19:25 PM,,,2,,,,,,,
3682122,2017-172680322,2,False,4313,9/25/2017 10:07:00 AM,1007,S4,1368,4313,San Jose,43,True,True,C,REAR END,,Monday,,,,,False,False,True,,C,OTHER MOTOR VEHICLE,,2,0,CLEAR,, NO UNUSUAL CONDITIONS - NO UNUSUAL CONDITIONS,, ,A,DAYLIGHT,37.18265,-121.53285,,,,,A,NO PEDESTRIANS INVOLVED,,A,22350,,1.0,MINNESOTA AV,WESTE,,,A,E,116.0,BIRD AV,F,,A,8/5/2024 6:09:36 PM,2/7/2025 2:19:25 PM,,,2,,,,,,,
3682115,2017-172600545,2,False,4313,9/17/2017 2:55:00 PM,1455,L5,1368,4313,San Jose,43,True,True,C,REAR END,,Sunday,,,,,False,False,False,,E,PARKED MOTOR VEHICLE,,1,0,CLEAR,, NO UNUSUAL CONDITIONS - NO UNUSUAL CONDITIONS,, ,A,DAYLIGHT,37.17364,-121.49594,,,,,A,NO PEDESTRIANS INVOLVED,,A,22350,,1.0,E CAPITOL EXPWY,WESTE,,,A,E,345.0,SENTER RD,F,,A,8/5/2024 6:09:35 PM,2/7/2025 2:19:25 PM,,,2,,,,,,,
3682113,2017-172780100,2,False,4313,10/5/2017 3:01:00 AM,301,1,1368,4313,San Jose,43,True,True,A,HEAD-ON,,Thursday,,,,,False,False,False,,B,PEDESTRIAN,,1,0,CLEAR,, NO UNUSUAL CONDITIONS - NO UNUSUAL CONDITIONS,, ,C,DARK-STREET LIGHTS,37.20304,-121.50251,,,,,E,IN ROAD - INCLUDES SHOULDER,,A,12500A,,1.0,STORY RD,CHARL,,,A,,,MCCREERY AV,,,A,8/5/2024 6:09:35 PM,2/7/2025 2:19:25 PM,,,2,,,,,,,
3682110,2017-172710182,2,False,4313,9/28/2017 7:33:00 AM,733,S   3,1368,4313,San Jose,43,True,True,D,BROADSIDE,,Thursday,,,,,False,False,False,,G,BICYCLE,,1,0,CLEAR,, NO UNUSUAL CONDITIONS - NO UNUSUAL CONDITIONS,, ,A,DAYLIGHT,,,,,,,A,NO PEDESTRIANS INVOLVED,,A,22107,,1.0,MERIDIAN AV,WESTE,,,A,N,350.0,CURCI DR,F,,,8/5/2024 6:09:34 PM,2/7/2025 2:19:25 PM,,,2,,,,,,,
3682109,2017-172800051,2,False,4313,10/7/2017 12:41:00 AM,41,5,1368,4313,San Jose,43,True,True,E,HIT OBJECT,,Saturday,,,,,False,False,True,,I,FIXED OBJECT,,1,0,CLEAR,, NO UNUSUAL CONDITIONS - NO UNUSUAL CONDITIONS,, ,C,DARK-STREET LIGHTS,,,,,,,A,NO PEDESTRIANS INVOLVED,,A,23152A,,1.0,CAPITOL EXPWY,TOM,,,A,,,PEARL AV,,,A,8/5/2024 6:09:34 PM,2/7/2025 2:19:25 PM,,,2,,,,,,,
3682104,2017-172780395,2,False,4313,10/5/2017 11:08:00 AM,1108,X4,1368,4313,San Jose,43,True,True,C,REAR END,,Thursday,,,,,False,False,False,,C,OTHER MOTOR VEHICLE,,1,0,CLEAR,, NO UNUSUAL CONDITIONS - NO UNUSUAL CONDITIONS,, ,A,DAYLIGHT,37.15576,-121.49518,,,,,A,NO PEDESTRIANS INVOLVED,,A,21453A,,1.0,SNELL AV,SOUTH,,,A,,,BRANHAM LN,,,A,8/5/2024 6:09:33 PM,2/7/2025 2:19:24 PM,,,2,,,,,,,
3681919,2017-172590614,2,False,4313,9/16/2017 3:08:00 PM,1508,S4,1368,4313,San Jose,43,True,True,B,SIDE SWIPE,,Saturday,,,,,False,False,True,,E,PARKED MOTOR VEHICLE,,0,0,CLEAR,, NO UNUSUAL CONDITIONS - NO UNUSUAL CONDITIONS,, ,A,DAYLIGHT,37.18422,-121.54143,,,,,A,NO PEDESTRIANS INVOLVED,,A,22107,,1.0,CHERRY AV,WESTE,,,A,S,200.0,MINNESOTA AV,F,,A,8/5/2024 6:08:55 PM,2/7/2025 2:19:13 PM,,,2,,,,,,,
3681680,17-1550,2,False,4313,9/19/2017 8:00:00 AM,800,,1368,4313,San Jose,43,True,True,B,SIDE SWIPE,,Tuesday,,,M,,False,False,False,,C,OTHER MOTOR VEHICLE,,0,0,CLEAR,, NO UNUSUAL CONDITIONS - NO UNUSUAL CONDITIONS,, ,A,DAYLIGHT,37.33952,-121.88018,,,,,A,NO PEDESTRIANS INVOLVED,,A,22107,,1.0,10TH ST,2,,,A,,,E FERNANDO ST,,,D,8/5/2024 6:08:07 PM,2/7/2025 2:18:58 PM,,,2,,,,,,,
3681567,2017-172760461,2,False,4313,10/3/2017 12:58:00 PM,1258,T3,1368,4313,San Jose,43,True,True,G,VEHICLE/PEDESTRAIN,,Tuesday,,,,,False,False,False,,J,OTHER OBJECT,,1,0,CLEAR,, NO UNUSUAL CONDITIONS - NO UNUSUAL CONDITIONS,, ,A,DAYLIGHT,37.1721,-121.5252,,,,,B,CROSSING IN CROSS WALK AT INTERSECTION,,A,21950A,,1.0,IRONWOOD DR,DT,,,A,,,ALMADEN EXPWY,,,A,8/5/2024 6:07:46 PM,2/7/2025 2:18:51 PM,,,2,,,,,,,
3681446,2017-172731143,2,False,4313,9/30/2017 10:23:00 PM,2223,L4,1368,4313,San Jose,43,True,True,C,REAR END,,Saturday,,,F,,False,False,True,,C,OTHER MOTOR VEHICLE,,1,0,CLOUDY,, NO UNUSUAL CONDITIONS - NO UNUSUAL CONDITIONS,, ,C,DARK-STREET LIGHTS,37.18129,-121.51168,,,,,A,NO PEDESTRIANS INVOLVED,,A,22350,,1.0,TULLY RD,WEST,,,A,,,S 7TH ST,,,A,8/5/2024 6:07:20 PM,2/7/2025 2:18:43 PM,,,2,,,,,,,
3681373,2017-172570815,2,False,4313,9/14/2017 6:12:00 PM,1812,E2,1368,4313,San Jose,43,True,True,D,BROADSIDE,,Thursday,,,,,False,False,False,,G,BICYCLE,,1,0,CLEAR,, NO UNUSUAL CONDITIONS - NO UNUSUAL CONDITIONS,, ,B,DUSK-DAWN,,,,,,,A,NO PEDESTRIANS INVOLVED,,A,21803A,,1.0,N 1ST ST,CENTR,,,A,,,E JULIAN ST,,,A,8/5/2024 6:07:03 PM,2/7/2025 2:18:39 PM,,,2,,,,,,,
3680710,2017-172730919,2,False,4313,9/30/2017 7:55:00 PM,1955,V1,1368,4313,San Jose,43,True,True,B,SIDE SWIPE,,Saturday,,,,,False,False,True,,E,PARKED MOTOR VEHICLE,,1,0,CLEAR,, ,, ,C,DARK-STREET LIGHTS,,,,,,,,,,A,12500A,,1.0,UNIVERSITY AV,VICTO,,,A,W,6.0,COLEMAN AV,F,,D,8/5/2024 6:04:48 PM,2/7/2025 2:17:58 PM,,,2,,,,,,,
3680706,2017-172730551,2,False,4313,9/30/2017 1:33:00 PM,1333,C1,1368,4313,San Jose,43,True,True,B,SIDE SWIPE,,Saturday,,,,,False,False,False,,C,OTHER MOTOR VEHICLE,,1,0,CLEAR,, NO UNUSUAL CONDITIONS - NO UNUSUAL CONDITIONS,, ,A,DAYLIGHT,37.21239,-121.49484,,,,,A,NO PEDESTRIANS INVOLVED,,A,21804A,,1.0,GALAHAD AV,FOOTH,,,A,N,250.0,VAN WINKLE LN,F,,D,8/5/2024 6:04:47 PM,2/7/2025 2:17:58 PM,,,2,,,,,,,
3680702,2017-172700527,2,False,4313,9/27/2017 1:14:00 PM,1314,S5,1368,4313,San Jose,43,True,True,B,SIDE SWIPE,,Wednesday,,,,,False,False,True,,C,OTHER MOTOR VEHICLE,,1,0,CLEAR,, NO UNUSUAL CONDITIONS - NO UNUSUAL CONDITIONS,, ,A,DAYLIGHT,37.19929,-121.53178,,,,,A,NO PEDESTRIANS INVOLVED,,A,21658A,,1.0,VINE ST,SAM,,,A,N,15.0,EDWARDS AV,F,,D,8/5/2024 6:04:46 PM,2/7/2025 2:17:58 PM,,,2,,,,,,,
3680698,2017-172700982,2,False,4313,9/27/2017 7:20:00 PM,1920,E3,1368,4313,San Jose,43,True,True,G,VEHICLE/PEDESTRAIN,,Wednesday,,,,,False,False,False,,B,PEDESTRIAN,,1,0,CLEAR,, NO UNUSUAL CONDITIONS - NO UNUSUAL CONDITIONS,, ,C,DARK-STREET LIGHTS,,,,,,,B,CROSSING IN CROSS WALK AT INTERSECTION,,A,21950A,,1.0,S 2ND ST,CENTR,,,A,S,9.0,E SANTA CLARA ST,F,,A,8/5/2024 6:04:45 PM,2/7/2025 2:17:57 PM,,,2,,,,,,,
3680565,2017-172750628,2,False,4313,10/2/2017 3:10:00 PM,1510,5,1368,4313,San Jose,43,True,True,,,,Monday,,,,,False,False,True,,C,OTHER MOTOR VEHICLE,,1,0,CLEAR,, NO UNUSUAL CONDITIONS - NO UNUSUAL CONDITIONS,, ,A,DAYLIGHT,37.18345,-121.47081,,,,,A,NO PEDESTRIANS INVOLVED,,A,22350,,1.0,FOWLER RD,PAUL,,,A,,,SAN FELIPE RD,,,A,8/5/2024 6:04:18 PM,2/7/2025 2:17:49 PM,,,2,,,,,,,
3680561,2017-172740062,2,False,4313,10/1/2017 2:04:00 AM,204,T2,1368,4313,San Jose,43,True,True,E,HIT OBJECT,,Sunday,,,,,False,False,True,,I,FIXED OBJECT,,1,0,CLEAR,, NO UNUSUAL CONDITIONS - NO UNUSUAL CONDITIONS,, ,C,DARK-STREET LIGHTS,37.16311,-121.54318,,,,,A,NO PEDESTRIANS INVOLVED,,A,21663,,1.0,MERIDIAN AV,TOM,,,A,,,FABIAN DR,,,D,8/5/2024 6:04:17 PM,2/7/2025 2:17:49 PM,,,2,,,,,,,
3680554,2017-172760141,2,False,4313,10/3/2017 7:58:00 AM,758,T2,1368,4313,San Jose,43,True,True,D,BROADSIDE,,Tuesday,,,,,False,False,True,,C,OTHER MOTOR VEHICLE,,1,0,CLEAR,, NO UNUSUAL CONDITIONS - NO UNUSUAL CONDITIONS,, ,B,DUSK-DAWN,37.15423,-121.55202,,,,,A,NO PEDESTRIANS INVOLVED,,A,21453C,,1.0,CAMDEN AV,SOUTH,,,A,,,LEIGH AV,,,A,8/5/2024 6:04:16 PM,2/7/2025 2:17:49 PM,,,2,,,,,,,
3680412,2017-172730231,2,False,4313,9/30/2017 5:15:00 AM,515,N3,1368,4313,San Jose,43,True,True,E,HIT OBJECT,,Saturday,,,,,False,False,True,,I,FIXED OBJECT,,1,0,CLEAR,, NO UNUSUAL CONDITIONS - NO UNUSUAL CONDITIONS,, ,C,DARK-STREET LIGHTS,37.18293,-121.58395,,,,,A,NO PEDESTRIANS INVOLVED,,A,22107,,1.0,SARATOGA AV,WESTE,,,A,,,WILL ROGERS DR,,,A,8/5/2024 6:03:46 PM,2/7/2025 2:17:40 PM,,,2,,,,,,,
3680371,2017-17270685,2,False,4313,9/29/2017 4:25:00 PM,1625,N2,1368,4313,San Jose,43,True,True,D,BROADSIDE,,Friday,,,,,False,False,True,,C,OTHER MOTOR VEHICLE,,1,0,CLEAR,, NO UNUSUAL CONDITIONS - NO UNUSUAL CONDITIONS,, ,A,DAYLIGHT,37.19233,-121.58518,,,,,A,NO PEDESTRIANS INVOLVED,,A,21804A,,1.0,STEVENS CREEK BL,UI,,,A,,,PALACE DR,,,D,8/5/2024 6:03:37 PM,2/7/2025 2:17:37 PM,,,2,,,,,,,
3680365,2017-172670474,2,False,4313,9/24/2017 12:15:00 PM,1215,E2,1368,4313,San Jose,43,True,True,,,,Sunday,,,,,False,False,False,,B,PEDESTRIAN,,1,0,CLEAR,, NO UNUSUAL CONDITIONS - NO UNUSUAL CONDITIONS,, ,A,DAYLIGHT,37.2026,-121.53376,,,,,B,CROSSING IN CROSS WALK AT INTERSECTION,,D,,,,NORTH 1ST ST,DE,,,A,,,EAST JULIAN ST,,,A,8/5/2024 6:03:36 PM,2/7/2025 2:17:37 PM,,,2,,,,,,,
3680362,2017-172660781,2,False,4313,9/23/2017 6:13:00 PM,1813,C3,1368,4313,San Jose,43,True,True,A,HEAD-ON,,Saturday,,,,,False,False,False,,C,OTHER MOTOR VEHICLE,,1,0,CLEAR,, NO UNUSUAL CONDITIONS - NO UNUSUAL CONDITIONS,, ,A,DAYLIGHT,37.19455,-121.49489,,,,,A,NO PEDESTRIANS INVOLVED,,A,22350,,1.0,CUNNINGHAM AV,CHARL,,,A,,,BERMUDA WY,,,D,8/5/2024 6:03:35 PM,2/7/2025 2:17:37 PM,,,2,,,,,,,
3680358,2017-172660141,2,False,4313,9/23/2017 2:21:00 AM,221,A3,1368,4313,San Jose,43,True,True,E,HIT OBJECT,,Saturday,,,,,False,False,True,,I,FIXED OBJECT,,1,0,CLEAR,, NO UNUSUAL CONDITIONS - NO UNUSUAL CONDITIONS,, ,C,DARK-STREET LIGHTS,37.15165,-121.51583,,,,,A,NO PEDESTRIANS INVOLVED,,A,22350,,1.0,THORNWOOD DR,SOUTH,,,A,W,0.15,SANTA TERESA BL,M,,D,8/5/2024 6:03:35 PM,2/7/2025 2:17:37 PM,,,2,,,,,,,
3680355,2017-172640477,2,False,4313,9/21/2017 1:50:00 PM,1350,Y1,1368,4313,San Jose,43,True,True,C,REAR END,,Thursday,,,,,False,False,True,,C,OTHER MOTOR VEHICLE,,3,0,CLEAR,, NO UNUSUAL CONDITIONS - NO UNUSUAL CONDITIONS,, ,A,DAYLIGHT,37.15118,-121.5121,,,,,A,NO PEDESTRIANS INVOLVED,,A,22350,,1.0,BLOSSOM HILL RD,SOUTH,,,A,,,THORNWOOD DR,,,A,8/5/2024 6:03:34 PM,2/7/2025 2:17:36 PM,,,2,,,,,,,
3680315,2017-172690671,2,False,4313,9/26/2017 3:22:00 PM,1522,M5,1368,4313,San Jose,43,True,True,C,REAR END,,Tuesday,,,,,False,False,True,,C,OTHER MOTOR VEHICLE,,2,0,CLEAR,, NO UNUSUAL CONDITIONS - NO UNUSUAL CONDITIONS,, ,A,DAYLIGHT,37.21309,-121.49167,,,,,A,NO PEDESTRIANS INVOLVED,,A,21703,,1.0,SOUTH WHITE RD,FOOTH,,,A,S,100.0,BUCKNER DR,F,,D,8/5/2024 6:03:26 PM,2/7/2025 2:17:33 PM,,,2,,,,,,,
3680199,2017-172800465,2,False,4313,10/7/2017 1:00:00 PM,1300,S6,1368,4313,San Jose,43,True,True,D,BROADSIDE,,Saturday,,,,,False,False,True,,E,PARKED MOTOR VEHICLE,,1,0,CLEAR,, NO UNUSUAL CONDITIONS - NO UNUSUAL CONDITIONS,, ,A,DAYLIGHT,37.18267,-121.524,,,,,A,NO PEDESTRIANS INVOLVED,,A,22350,,1.0,ALMADEN EXPWY,WESTE,,,A,N,108.0,SAN JOSE AV,F,,A,8/5/2024 6:03:06 PM,2/7/2025 2:17:24 PM,,,2,,,,,,,
3680194,2017-172810753,2,False,4313,10/8/2017 5:43:00 PM,1743,N3,1368,4313,San Jose,43,True,True,F,OVERTURNED,,Sunday,,,,,False,False,True,,,,,1,0,CLEAR,, NO UNUSUAL CONDITIONS - NO UNUSUAL CONDITIONS,, ,A,DAYLIGHT,37.17414,-121.59433,,,,,A,NO PEDESTRIANS INVOLVED,,A,22350,,1.0,FIELDS DR,DISTR,,,A,S,42.0,GRAVES AV,F,,A,8/5/2024 6:03:05 PM,2/7/2025 2:17:23 PM,,,2,,,,,,,
3680190,2017-172800249,2,False,4313,10/7/2017 7:46:00 AM,746,6,1368,4313,San Jose,43,True,True,A,HEAD-ON,,Saturday,,,,,False,False,True,,C,OTHER MOTOR VEHICLE,,1,0,CLEAR,, NO UNUSUAL CONDITIONS - NO UNUSUAL CONDITIONS,, ,A,DAYLIGHT,37.21147,-121.48339,,,,,A,NO PEDESTRIANS INVOLVED,,A,21802A,,1.0,MT VISTA DR,CHARL,,,A,,,MT LASSEN DR,,,D,8/5/2024 6:03:04 PM,2/7/2025 2:17:23 PM,,,2,,,,,,,