Collision Id,	Report Number,	Report Version,	Is Preliminary,	NCIC Code,Crash Date Time,	Crash Time Description,	Beat,City Id,	City Code,	City Name,County Code,	City Is Active,	City Is Incorporated,	Collision Type Code,Collision Type Description,	Collision Type Other Desc,	Day Of Week,	DispatchNotified,	HasPhotographs,	HitRun,	IsAttachmentsMailed,	IsDeleted,	IsHighwayRelated,	IsTowAway,	JudicialDistrict,	MotorVehicleInvolvedWithCode,	MotorVehicleInvolvedWithDesc,MotorVehicleInvolvedWithOtherDesc,	NumberInjured,	NumberKilled,Weather 1, Weather 2, Road Condition 1, Road Condition 2, Special Condition,LightingCode, LightingDescription,Latitude,Longitude,MilepostDirection,MilepostDistance,MilepostMarker,MilepostUnitOfMeasure,	PedestrianActionCode,PedestrianActionDesc,PreparedDate,	Primary Collision Factor Code,Primary Collision Factor Violation,PrimaryCollisionFactorIsCited,	PrimaryCollisionPartyNumber,	PrimaryRoad,	ReportingDistrict,	ReportingDistrictCode,ReviewedDate,	RoadwaySurfaceCode,SecondaryDirection,	SecondaryDistance,	SecondaryRoad,	SecondaryUnitOfMeasure,	SketchDesc,	TrafficControlDeviceCode,CreatedDate,	ModifiedDate,IsCountyRoad,IsFreeway,CHP555Version,	IsAdditonalObjectStruck,NotificationDate,	NotificationTimeDescription,	HasDigitalMediaFiles,	EvidenceNumber,	IsLocationReferToNarrative,	IsAOIOneSameAsLocation
3696631,2017-172950407,2,False,4313,10/22/2017 11:16:00 AM,1116,K5,1368,4313,San Jose,43,True,True,B,SIDE SWIPE,,Sunday,,,F,,False,False,True,,C,OTHER MOTOR VEHICLE,,1,0,CLEAR,, NO UNUSUAL CONDITIONS - NO UNUSUAL CONDITIONS,, ,A,DAYLIGHT,37.20214,-121.51313,,,,,A,NO PEDESTRIANS INVOLVED,,A,22107A,,1.0,LOTUS ST,CENTR,,,A,S,27.0,APPIAN LN,F,,A,8/6/2024 9:03:03 AM,2/7/2025 2:34:37 PM,,,2,,,,,,,
3696628,2017-172960817,2,False,4313,10/23/2017 6:39:00 PM,1839,C3,1368,4313,San Jose,43,True,True,B,SIDE SWIPE,,Monday,,,F,,False,False,True,,C,OTHER MOTOR VEHICLE,,1,0,CLEAR,, NO UNUSUAL CONDITIONS - NO UNUSUAL CONDITIONS,, ,B,DUSK-DAWN,37.20621,-121.49435,,,,,A,NO PEDESTRIANS INVOLVED,,A,20001,,1.0,OCALA AV,FOOTH,,,A,,,WINTERPARK WY,,,D,8/6/2024 9:03:03 AM,2/7/2025 2:34:37 PM,,,2,,,,,,,
3696623,2017-172830453,2,False,4313,10/10/2017 12:05:00 PM,1205,S6,1368,4313,San Jose,43,True,True,C,REAR END,,Tuesday,,,,,False,False,False,,C,OTHER MOTOR VEHICLE,,2,0,CLEAR,, NO UNUSUAL CONDITIONS - NO UNUSUAL CONDITIONS,, ,A,DAYLIGHT,37.18517,-121.52368,,,,,A,NO PEDESTRIANS INVOLVED,,A,22350,,1.0,W ALMA AV,CENTR,,,A,,,POMONA AV,,,A,8/6/2024 9:03:02 AM,2/7/2025 2:34:36 PM,,,2,,,,,,,
3696620,2017-172831048,2,False,4313,10/10/2017 10:19:00 PM,2219,T3,1368,4313,San Jose,43,True,True,C,REAR END,,Tuesday,,,,,False,False,True,,E,PARKED MOTOR VEHICLE,,1,0,CLEAR,, NO UNUSUAL CONDITIONS - NO UNUSUAL CONDITIONS,, ,C,DARK-STREET LIGHTS,37.17431,-121.53036,,,,,A,NO PEDESTRIANS INVOLVED,,A,22107,,1.0,COASTLAND AV,SOUTH,,,A,,,ARDIS DR,,,D,8/6/2024 9:03:02 AM,2/7/2025 2:34:36 PM,,,2,,,,,,,
3696546,2017-172950588,2,False,4313,10/22/2017 4:00:00 PM,1600,E2,1368,4313,San Jose,43,True,True,D,BROADSIDE,,Sunday,,,,,False,False,True,,C,OTHER MOTOR VEHICLE,,3,0,CLEAR,, NO UNUSUAL CONDITIONS - NO UNUSUAL CONDITIONS,, ,A,DAYLIGHT,37.20157,-121.53145,,,,,A,NO PEDESTRIANS INVOLVED,,A,21801A,,1.0,NORTH 4TH ST,CENTR,,,A,,,EAST SANTA CLARA ST,,,A,8/6/2024 9:02:57 AM,2/7/2025 2:34:31 PM,,,2,,,,,,,
3696543,2017-172910852,2,False,4313,10/18/2017 7:22:00 PM,1922,5,1368,4313,San Jose,43,True,True,G,VEHICLE/PEDESTRAIN,,Wednesday,,,F,,False,False,False,,B,PEDESTRIAN,,1,0,CLEAR,, NO UNUSUAL CONDITIONS - NO UNUSUAL CONDITIONS,, ,C,DARK-STREET LIGHTS,37.20334,-121.48529,,,,,D,CROSSING - NOT IN CROSSWALK,,A,21954A,,1.0,OCALA AV,CHARL,,,A,,,HILLMONT AV,,,D,8/6/2024 9:02:57 AM,2/7/2025 2:34:31 PM,,,2,,,,,,,
3696539,2017-172960368,2,False,4313,10/23/2017 11:34:00 AM,1134,S2,1368,4313,San Jose,43,True,True,D,BROADSIDE,,Monday,,,,,False,False,True,,C,OTHER MOTOR VEHICLE,,1,0,CLEAR,, NO UNUSUAL CONDITIONS - NO UNUSUAL CONDITIONS,, ,A,DAYLIGHT,,,,,,,A,NO PEDESTRIANS INVOLVED,,A,,,1.0,FRUITDALE AV,CENTR,,,A,,,SOUTHWEST EXPWY,,,B,8/6/2024 9:02:57 AM,2/7/2025 2:34:31 PM,,,2,,,,,,,
3695680,2017-172790505,2,False,4313,10/6/2017 2:55:00 PM,1455,E1,1368,4313,San Jose,43,True,True,,,,Friday,,,,,False,False,False,,C,OTHER MOTOR VEHICLE,,2,0,CLEAR,, ,, ,A,DAYLIGHT,37.19451,-121.5436,,,,,A,NO PEDESTRIANS INVOLVED,,A,21453A,,1.0,S MONTGOMERY ST,CENTR,,,A,,,SAN FERNANDO ST,,,A,8/6/2024 9:02:12 AM,2/7/2025 2:33:33 PM,,,2,,,,,,,
3695678,2017-172790340,2,False,4313,10/6/2017 11:15:00 AM,1115,F1,1368,4313,San Jose,43,True,True,D,BROADSIDE,,Friday,,,,,False,False,False,,C,OTHER MOTOR VEHICLE,,1,0,CLEAR,, NO UNUSUAL CONDITIONS - NO UNUSUAL CONDITIONS,, ,A,DAYLIGHT,37.1924,-121.5703,,,,,A,NO PEDESTRIANS INVOLVED,,A,21453A,,1.0,WINCHESTER BL,WESTE,,,A,,,STEVENS CREEK BL,,,B,8/6/2024 9:02:12 AM,2/7/2025 2:33:33 PM,,,2,,,,,,,
3695611,2017-172821016,2,False,4313,10/9/2017 9:47:00 PM,2147,R2,1368,4313,San Jose,43,True,True,,,,Monday,,,,,False,False,True,,C,OTHER MOTOR VEHICLE,,1,0,CLEAR,, NO UNUSUAL CONDITIONS - NO UNUSUAL CONDITIONS,, ,C,DARK-STREET LIGHTS,,,,,,,A,NO PEDESTRIANS INVOLVED,,A,21453A,,1.0,MURPHY AV,,,,A,,,RINGWOOD AV,,,A,8/6/2024 9:02:08 AM,2/7/2025 2:33:29 PM,,,2,,,,,,,
3695597,2017-172870967,2,False,4313,10/4/2017 11:06:00 PM,2306,V2,1368,4313,San Jose,43,True,True,H,OTHER,,Wednesday,,,F,,False,False,False,,,,,1,0,CLEAR,, NO UNUSUAL CONDITIONS - NO UNUSUAL CONDITIONS,, ,C,DARK-STREET LIGHTS,37.21244,-121.5323,,,,,A,NO PEDESTRIANS INVOLVED,,A,,,,E TAYLOR ST,CENTR,,,A,,,N 17TH ST,,,A,8/6/2024 9:02:08 AM,2/7/2025 2:33:28 PM,,,2,,,,,,,
3695593,2017-172870925,2,False,4313,10/14/2017 9:58:00 PM,2158,S5,1368,4313,San Jose,43,True,True,,,,Saturday,,,F,,False,False,True,,C,OTHER MOTOR VEHICLE,,4,0,CLEAR,, NO UNUSUAL CONDITIONS - NO UNUSUAL CONDITIONS,, ,C,DARK-STREET LIGHTS,,,,,,,A,NO PEDESTRIANS INVOLVED,,A,21801A,,1.0,S 1ST ST,SAM,,,A,,,EDWARDS AV,,,,8/6/2024 9:02:07 AM,2/7/2025 2:33:28 PM,,,2,,,,,,,
3695588,2017-172860792,2,False,4313,10/13/2017 5:51:00 PM,1751,L2,1368,4313,San Jose,43,True,True,C,REAR END,,Friday,,,F,,False,False,False,,C,OTHER MOTOR VEHICLE,,1,0,CLEAR,, NO UNUSUAL CONDITIONS - NO UNUSUAL CONDITIONS,, ,A,DAYLIGHT,37.19579,-121.5113,,,,,A,NO PEDESTRIANS INVOLVED,,A,22350,,1.0,STORY RD,WESTE,,,A,,,MCLAUGHLIN AV,,,A,8/6/2024 9:02:07 AM,2/7/2025 2:33:28 PM,,,2,,,,,,,
3695584,2017-172860528,2,False,4313,10/13/2017 1:08:00 PM,1308,5,1368,4313,San Jose,43,True,True,,,,Friday,,,,,False,False,True,,I,FIXED OBJECT,,1,0,CLEAR,, NO UNUSUAL CONDITIONS - NO UNUSUAL CONDITIONS,, ,A,DAYLIGHT,,,,,,,A,NO PEDESTRIANS INVOLVED,,A,22350A,,1.0,CROWN BL,ADAM,,,A,,,ALMADEN EXPWY,,,A,8/6/2024 9:02:07 AM,2/7/2025 2:33:27 PM,,,2,,,,,,,
3695581,2017-172850811,2,False,4313,10/12/2017 7:54:00 PM,1954,R5,1368,4313,San Jose,43,True,True,B,SIDE SWIPE,,Thursday,,,,,False,False,False,,C,OTHER MOTOR VEHICLE,,1,0,CLEAR,, NO UNUSUAL CONDITIONS - NO UNUSUAL CONDITIONS,, ,C,DARK-STREET LIGHTS,37.2255,-121.52957,,,,,A,NO PEDESTRIANS INVOLVED,,A,21658A,,1.0,MABURY RD,DR,,,A,,,N KING RD,,,D,8/6/2024 9:02:07 AM,2/7/2025 2:33:27 PM,,,2,,,,,,,
3695575,2017-172850707,2,False,4313,10/12/2017 6:02:00 PM,1802,3,1368,4313,San Jose,43,True,True,D,BROADSIDE,,Thursday,,,,,False,False,True,,C,OTHER MOTOR VEHICLE,,1,0,CLEAR,, NO UNUSUAL CONDITIONS - NO UNUSUAL CONDITIONS,, ,A,DAYLIGHT,37.2149,-121.5444,,,,,A,NO PEDESTRIANS INVOLVED,,A,21804A,,1.0,SONORA AV,ROBER,,,A,,,KEONCREST AV,,,D,8/6/2024 9:02:07 AM,2/7/2025 2:33:26 PM,,,2,,,,,,,
3695571,17-287-0719,2,False,4313,10/14/2017 12:10:00 AM,10,,1368,4313,San Jose,43,True,True,C,REAR END,,Saturday,,,F,,False,False,False,,C,OTHER MOTOR VEHICLE,,1,0,CLEAR,, NO UNUSUAL CONDITIONS - NO UNUSUAL CONDITIONS,, ,C,DARK-STREET LIGHTS,,,,,,,A,NO PEDESTRIANS INVOLVED,,D,,,,PROSPECT RD,,,,A,,,MILLER AV,,,A,8/6/2024 9:02:06 AM,2/7/2025 2:33:26 PM,,,2,,,,,,,
3695568,2017-172860052,2,False,4313,10/13/2017 1:00:00 AM,100,M5,1368,4313,San Jose,43,True,True,,,,Friday,,,,,False,False,True,,F,TRAIN,,1,0,CLEAR,, NO UNUSUAL CONDITIONS - NO UNUSUAL CONDITIONS,, ,C,DARK-STREET LIGHTS,,,,,,,A,NO PEDESTRIANS INVOLVED,,A,21453A,,1.0,ALUM ROCK,FOOTH,,,A,,,CAPITOL AV,,,A,8/6/2024 9:02:06 AM,2/7/2025 2:33:26 PM,,,2,,,,,,,
3695564,2017-172790284,2,False,4313,10/6/2017 10:08:00 AM,1008,S5,1368,4313,San Jose,43,True,True,D,BROADSIDE,,Friday,,,,,False,False,False,,C,OTHER MOTOR VEHICLE,,1,0,CLEAR,, NO UNUSUAL CONDITIONS - NO UNUSUAL CONDITIONS,, ,A,DAYLIGHT,37.19817,-121.52558,,,,,A,NO PEDESTRIANS INVOLVED,,A,21453A,,1.0,ALMADEN AV,CENTR,,,A,,,WILLOW ST,,,A,8/6/2024 9:02:06 AM,2/7/2025 2:33:26 PM,,,2,,,,,,,
3695563,2017-172780443,2,False,4313,10/5/2017 12:05:00 PM,1205,F3,1368,4313,San Jose,43,True,True,D,BROADSIDE,,Thursday,,,,,False,False,True,,C,OTHER MOTOR VEHICLE,,1,0,CLEAR,, CONSTRUCTION-REPAIR ZONE - CONSTRUCTION-REPAIR ZONE,, ,A,DAYLIGHT,,,,,,,A,NO PEDESTRIANS INVOLVED,,A,21801A,,1.0,THE ALAMEDA,WESTE,,,A,E,15.0,FREMONT,F,,D,8/6/2024 9:02:06 AM,2/7/2025 2:33:26 PM,,,2,,,,,,,
3695560,2017-172780210,2,False,4313,10/5/2017 7:50:00 AM,750,L6,1368,4313,San Jose,43,True,True,D,BROADSIDE,,Thursday,,,,,False,False,False,,,,,2,0,CLEAR,, NO UNUSUAL CONDITIONS - NO UNUSUAL CONDITIONS,, ,A,DAYLIGHT,37.18347,-121.4952,,,,,A,NO PEDESTRIANS INVOLVED,,A,21802A,,1.0,MCLAUGHLIN AV,LINCO,,,A,,,QUAMME DR,,,,8/6/2024 9:02:06 AM,2/7/2025 2:33:25 PM,,,2,,,,,,,
3695555,2017-172820815,2,False,4313,10/9/2017 6:16:00 PM,1816,A4,1368,4313,San Jose,43,True,True,,,,Monday,,,,,False,False,True,,I,FIXED OBJECT,,1,0,CLEAR,, NO UNUSUAL CONDITIONS - NO UNUSUAL CONDITIONS,, ,A,DAYLIGHT,37.1429,-121.5248,,,,,A,NO PEDESTRIANS INVOLVED,,A,22350,,1.0,COLEMAN RD,SOUTH,,,A,,,PORTO ALLEGRA DR,,,D,8/6/2024 9:02:05 AM,2/7/2025 2:33:25 PM,,,2,,,,,,,
3695550,2017-172820958,2,False,4313,10/9/2017 8:32:00 PM,2032,Y3,1368,4313,San Jose,43,True,True,A,HEAD-ON,,Monday,,,,,False,False,False,,B,PEDESTRIAN,,1,0,CLEAR,, NO UNUSUAL CONDITIONS - NO UNUSUAL CONDITIONS,, ,C,DARK-STREET LIGHTS,37.14218,-121.48137,,,,,D,CROSSING - NOT IN CROSSWALK,,A,21955,,1.0,COTTLE RD,SOUTH,,,A,E,20.0,PALMIA DR,F,,A,8/6/2024 9:02:05 AM,2/7/2025 2:33:25 PM,,,2,,,,,,,
3695549,2017-172840075,2,False,4313,10/11/2017 3:03:00 AM,303,X1,1368,4313,San Jose,43,True,True,E,HIT OBJECT,,Wednesday,,,,,False,False,True,,I,FIXED OBJECT,,1,0,CLEAR,, NO UNUSUAL CONDITIONS - NO UNUSUAL CONDITIONS,, ,C,DARK-STREET LIGHTS,,,,,,,A,NO PEDESTRIANS INVOLVED,,A,22350,,1.0,HILLSDALE AV,SOUTH,,,A,,,MOUNTAIN SPRINGS DR,,,D,8/6/2024 9:02:05 AM,2/7/2025 2:33:25 PM,,,2,,,,,,,
3695541,2017-172800493,2,False,4313,10/7/2017 1:43:00 PM,1343,C2,1368,4313,San Jose,43,True,True,D,BROADSIDE,,Saturday,,,,,False,False,True,,C,OTHER MOTOR VEHICLE,,2,0,CLEAR,, NO UNUSUAL CONDITIONS - NO UNUSUAL CONDITIONS,, ,A,DAYLIGHT,37.19206,-121.49331,,,,,A,NO PEDESTRIANS INVOLVED,,A,22107,,,S KING RD,FOOTH,,,A,,,TULLY RD,,,D,8/6/2024 9:02:05 AM,2/7/2025 2:33:24 PM,,,2,,,,,,,
3695536,2017-172860601,2,False,4313,10/13/2017 2:35:00 PM,1435,T5,1368,4313,San Jose,43,True,True,H,OTHER,,Friday,,,,,False,False,False,,J,OTHER OBJECT,,1,0,CLEAR,, NO UNUSUAL CONDITIONS - NO UNUSUAL CONDITIONS,, ,A,DAYLIGHT,34.16299,-119.20011,,,,,,,,A,22106,,1.0,HILLSDALE AV,TOM,,,A,E,78.0,LIGHT POLE #16M2985,F,,D,8/6/2024 9:02:04 AM,2/7/2025 2:33:24 PM,,,2,,,,,,,
3695533,2017-172870483,2,False,4313,10/14/2017 2:01:00 PM,1401,1,1368,4313,San Jose,43,True,True,D,BROADSIDE,,Saturday,,,,,False,False,False,,C,OTHER MOTOR VEHICLE,,1,0,CLEAR,, NO UNUSUAL CONDITIONS - NO UNUSUAL CONDITIONS,, ,A,DAYLIGHT,37.19341,-121.49131,,,,,A,NO PEDESTRIANS INVOLVED,,A,22350,,1.0,TULLY RD,PAUL,,,A,,,QUIMBY RD,,,,8/6/2024 9:02:04 AM,2/7/2025 2:33:24 PM,,,2,,,,,,,
3695528,2017-172790625,2,False,4313,10/6/2017 4:39:00 PM,1639,R2,1368,4313,San Jose,43,True,True,,,,Friday,,,,,False,False,False,,C,OTHER MOTOR VEHICLE,,1,0,CLEAR,, NO UNUSUAL CONDITIONS - NO UNUSUAL CONDITIONS,, ,A,DAYLIGHT,,,,,,,A,NO PEDESTRIANS INVOLVED,,A,22350,,1.0,N CAPITOL AV,DR,,,,,,LUNDY PL,,,D,8/6/2024 9:02:04 AM,2/7/2025 2:33:23 PM,,,2,,,,,,,
3695483,2017-172870873,2,False,4313,10/14/2017 9:33:00 PM,2133,S6,1368,4313,San Jose,43,True,True,D,BROADSIDE,,Saturday,,,F,,False,False,True,,C,OTHER MOTOR VEHICLE,,1,0,CLEAR,, NO UNUSUAL CONDITIONS - NO UNUSUAL CONDITIONS,, ,C,DARK-STREET LIGHTS,,,,,,,A,NO PEDESTRIANS INVOLVED,,A,21800A,,1.0,GOODYEAR ST,WESTE,,,A,,,SHERMAN ST,,,D,8/6/2024 9:02:02 AM,2/7/2025 2:33:20 PM,,,2,,,,,,,
3695479,2017172820500,2,False,4313,10/9/2017 12:57:00 PM,1257,E3,1368,4313,San Jose,43,True,True,,,,Monday,,,,,False,False,True,,C,OTHER MOTOR VEHICLE,,3,0,CLEAR,, NO UNUSUAL CONDITIONS - NO UNUSUAL CONDITIONS,, ,A,DAYLIGHT,37.19553,-121.53951,,,,,A,NO PEDESTRIANS INVOLVED,,A,22100A,,1.0,S 2ND ST,DE,,,A,,,E SAN CARLOS ST,,,A,8/6/2024 9:02:01 AM,2/7/2025 2:33:20 PM,,,2,,,,,,,
3695475,2017-172850565,2,False,4313,10/12/2017 3:59:00 PM,1559,M1,1368,4313,San Jose,43,True,True,B,SIDE SWIPE,,Thursday,,,,,False,False,True,,D,MOTOR VEHICLE ON OTHER ROADWAY,,1,0,CLEAR,, ,, ,A,DAYLIGHT,,,,,,,A,NO PEDESTRIANS INVOLVED,,A,21650,,1.0,EDUCATIONAL PARK DR,FOOTH,,,A,,,PINE HOLLOW CIR,,,A,8/6/2024 9:02:01 AM,2/7/2025 2:33:20 PM,,,2,,,,,,,
3695426,17-1635,2,False,4313,10/9/2017 3:55:00 PM,1555,,1368,4313,San Jose,43,True,True,B,SIDE SWIPE,,Monday,,,M,,False,False,False,,E,PARKED MOTOR VEHICLE,,0,0,CLEAR,, NO UNUSUAL CONDITIONS - NO UNUSUAL CONDITIONS,, ,A,DAYLIGHT,37.32012,-121.87003,,,,,,,,A,22107,,1.0,7TH ST,4,,,A,,,ALMA ST,,,D,8/6/2024 9:01:59 AM,2/7/2025 2:33:17 PM,,,2,,,,,,,
3695382,2017-172790246,2,False,4313,9/29/2017 9:27:00 AM,927,K3,1368,4313,San Jose,43,True,True,G,VEHICLE/PEDESTRAIN,,Friday,,,,,False,False,False,,B,PEDESTRIAN,,1,0,CLEAR,, NO UNUSUAL CONDITIONS - NO UNUSUAL CONDITIONS,, ,A,DAYLIGHT,,,,,,,B,CROSSING IN CROSS WALK AT INTERSECTION,,A,22107,,1.0,N 13TH ST,CENTR,,,A,E,4.0,E SANTA CLARA ST,F,,A,8/6/2024 9:01:57 AM,2/7/2025 2:33:14 PM,,,2,,,,,,,
3695097,2017-172830195,2,False,4313,10/10/2017 8:00:00 AM,800,F3,1368,4313,San Jose,43,True,True,C,REAR END,,Tuesday,,,,,False,False,False,,C,OTHER MOTOR VEHICLE,,1,0,CLEAR,, NO UNUSUAL CONDITIONS - NO UNUSUAL CONDITIONS,, ,A,DAYLIGHT,,,,,,,A,NO PEDESTRIANS INVOLVED,,A,22350,,1.0,PARK AV,WEST,,,A,,,SINGLETARY AV,,,D,8/6/2024 9:01:42 AM,2/7/2025 2:32:54 PM,,,2,,,,,,,
3694903,2017-172840545,2,False,4313,10/11/2017 1:45:00 PM,1345,R2,1368,4313,San Jose,43,True,True,D,BROADSIDE,,Wednesday,,,,,False,False,True,,C,OTHER MOTOR VEHICLE,,1,0,CLEAR,, NO UNUSUAL CONDITIONS - NO UNUSUAL CONDITIONS,, ,A,DAYLIGHT,37.2412,-121.52555,,,,,A,NO PEDESTRIANS INVOLVED,,A,21450,,1.0,N CAPITOL AV,CENTR,,,A,,,CROPLEY AV,,,A,8/6/2024 9:01:32 AM,2/7/2025 2:32:42 PM,,,2,,,,,,,
3694899,2017-172860296,2,False,4313,10/13/2017 9:32:00 AM,932,E4,1368,4313,San Jose,43,True,True,,,,Friday,,,,,False,False,False,,,,,1,0,CLEAR,, NO UNUSUAL CONDITIONS - NO UNUSUAL CONDITIONS,, ,A,DAYLIGHT,37.19483,-121.52542,,,,,,,,A,22517,,1.0,S 4TH ST,CENTR,,,A,,,E WILLIAM ST,,,,8/6/2024 9:01:31 AM,2/7/2025 2:32:42 PM,,,2,,,,,,,
3694895,2017-172770417,2,False,4313,10/4/2017 12:07:00 PM,1207,W1,1368,4313,San Jose,43,True,True,B,SIDE SWIPE,,Wednesday,,,,,False,False,True,,C,OTHER MOTOR VEHICLE,,1,0,CLEAR,, NO UNUSUAL CONDITIONS - NO UNUSUAL CONDITIONS,, ,A,DAYLIGHT,,,,,,,A,NO PEDESTRIANS INVOLVED,,A,21658A,,1.0,HOSTETTER RD,FOOTH,,,A,,,WALKINGSHAW WY,,,D,8/6/2024 9:01:31 AM,2/7/2025 2:32:41 PM,,,2,,,,,,,
3694891,2017-172890993,2,False,4313,10/16/2017 10:03:00 PM,2203,R1,1368,4313,San Jose,43,True,True,D,BROADSIDE,,Monday,,,,,False,False,True,,C,OTHER MOTOR VEHICLE,,1,0,CLEAR,, NO UNUSUAL CONDITIONS - NO UNUSUAL CONDITIONS,, ,C,DARK-STREET LIGHTS,37.24332,-121.56413,,,,,A,NO PEDESTRIANS INVOLVED,,A,21453A,,1.0,N 1ST ST,DR,,,A,,,E TASMAN DR,,,A,8/6/2024 9:01:31 AM,2/7/2025 2:32:41 PM,,,2,,,,,,,
3694848,2017-172870364,2,False,4313,10/14/2017 11:36:00 AM,1136,A3,1368,4313,San Jose,43,True,True,D,BROADSIDE,,Saturday,,,,,False,False,False,,C,OTHER MOTOR VEHICLE,,1,0,CLEAR,, NO UNUSUAL CONDITIONS - NO UNUSUAL CONDITIONS,, ,A,DAYLIGHT,,,,,,,A,NO PEDESTRIANS INVOLVED,,A,22107,,1.0,BRANHAM LN,SOUTH,,,A,,,JARVIS AV,,,A,8/6/2024 9:01:29 AM,2/7/2025 2:32:38 PM,,,2,,,,,,,
3694840,2017-172860625,2,False,4313,10/13/2017 3:20:00 PM,1520,V3,1368,4313,San Jose,43,True,True,C,REAR END,,Friday,,,,,False,False,True,,C,OTHER MOTOR VEHICLE,,2,0,CLEAR,, NO UNUSUAL CONDITIONS - NO UNUSUAL CONDITIONS,, ,A,DAYLIGHT,37.21767,-121.53376,,,,,A,NO PEDESTRIANS INVOLVED,,A,21801,,1.0,E TAYLOR ST,CENTR,,,A,,,N 7TH ST,,,A,8/6/2024 9:01:28 AM,2/7/2025 2:32:38 PM,,,2,,,,,,,
3694838,2017-172850304,2,False,4313,10/12/2017 10:31:00 AM,1031,M2,1368,4313,San Jose,43,True,True,D,BROADSIDE,,Thursday,,,,,False,False,False,,C,OTHER MOTOR VEHICLE,,1,0,CLEAR,, NO UNUSUAL CONDITIONS - NO UNUSUAL CONDITIONS,, ,A,DAYLIGHT,,,,,,,A,NO PEDESTRIANS INVOLVED,,A,21461A,,1.0,ALUM ROCK AV,FOOTH,,,A,,,JOSE FIGUERES AV,,,A,8/6/2024 9:01:28 AM,2/7/2025 2:32:37 PM,,,2,,,,,,,
3694832,2017-172920697,2,False,4313,10/19/2017 7:00:00 PM,1900,P6,1368,4313,San Jose,43,True,True,A,HEAD-ON,,Thursday,,,,,False,False,True,,I,FIXED OBJECT,,1,0,CLEAR,, ,, ,,,37.17286,-121.45378,,,,,A,NO PEDESTRIANS INVOLVED,,A,23152,,1.0,THE VILLAGES PKWY,SOUTH,,,A,N,40.0,VILLAGES,F,,B,8/6/2024 9:01:28 AM,2/7/2025 2:32:37 PM,,,2,,,,,,,
3694807,17-188-9711,2,False,4313,7/3/2017 3:00:00 PM,1500,,1368,4313,San Jose,43,True,True,A,HEAD-ON,,Monday,,,,,False,False,False,,C,OTHER MOTOR VEHICLE,,0,0,CLEAR,, NO UNUSUAL CONDITIONS - NO UNUSUAL CONDITIONS,, ,A,DAYLIGHT,,,,,,,A,NO PEDESTRIANS INVOLVED,,A,,,1.0,SILVER CREEK RD,,,,A,,,CAPITOL EXPWY,,,A,8/6/2024 9:01:27 AM,2/7/2025 2:32:36 PM,,,2,,,,,,,
3694328,2017-272970356,2,False,4313,10/24/2017 11:15:00 AM,1115,T4,1368,4313,San Jose,43,True,True,,,,Tuesday,,,,,False,False,True,,C,OTHER MOTOR VEHICLE,,1,0,CLEAR,, NO UNUSUAL CONDITIONS - NO UNUSUAL CONDITIONS,, ,A,DAYLIGHT,,,,,,,A,NO PEDESTRIANS INVOLVED,,A,21463A,,1.0,ALMADEN EX,SOUTH,,,A,,,BRANHAM LN,,,A,8/6/2024 9:01:02 AM,2/7/2025 2:32:03 PM,,,2,,,,,,,
3694324,2017-172970562,2,False,4313,10/24/2017 2:50:00 PM,1450,X2,1368,4313,San Jose,43,True,True,,,,Tuesday,,,,,False,False,False,,D,MOTOR VEHICLE ON OTHER ROADWAY,,2,0,CLEAR,, NO UNUSUAL CONDITIONS - NO UNUSUAL CONDITIONS,, ,A,DAYLIGHT,,,,,,,A,NO PEDESTRIANS INVOLVED,,A,22350,,1.0,SENTER RD,DX,,,A,N,100.0,HELLYER AV,F,,A,8/6/2024 9:01:02 AM,2/7/2025 2:32:03 PM,,,2,,,,,,,
3694317,2017-172960652,2,False,4313,10/23/2017 4:30:00 PM,1630,T5,1368,4313,San Jose,43,True,True,B,SIDE SWIPE,,Monday,,,,,False,False,True,,I,FIXED OBJECT,,1,0,CLEAR,, NO UNUSUAL CONDITIONS - NO UNUSUAL CONDITIONS,, ,A,DAYLIGHT,37.17179,-119.19288,,,,,F,NOT IN ROAD,,A,22350,,1.0,IRONWOOD DR,SOTUH,,,A,,,APT 116C,,,D,8/6/2024 9:01:01 AM,2/7/2025 2:32:03 PM,,,2,,,,,,,
3694312,2017-172940710,2,False,4313,10/21/2017 5:17:00 PM,1717,5,1368,4313,San Jose,43,True,True,C,REAR END,,Saturday,,,,,False,False,True,,C,OTHER MOTOR VEHICLE,,1,0,CLEAR,, NO UNUSUAL CONDITIONS - NO UNUSUAL CONDITIONS,, ,A,DAYLIGHT,,,,,,,A,NO PEDESTRIANS INVOLVED,,A,22350,,1.0,BERNAL RD,YELLO,,,A,,,MONTEREY RD,,,D,8/6/2024 9:01:01 AM,2/7/2025 2:32:02 PM,,,2,,,,,,,
3694309,2017-172960866,2,False,4313,10/23/2017 7:27:00 PM,1927,C4,1368,4313,San Jose,43,True,True,C,REAR END,,Monday,,,,,False,False,True,,C,OTHER MOTOR VEHICLE,,2,0,CLEAR,, NO UNUSUAL CONDITIONS - NO UNUSUAL CONDITIONS,, ,C,DARK-STREET LIGHTS,,,,,,,A,NO PEDESTRIANS INVOLVED,,A,22350,,1.0,E CAPITOL EXPWY,CHARL,,,A,,,OCALA AV,,,D,8/6/2024 9:01:01 AM,2/7/2025 2:32:02 PM,,,2,,,,,,,
3694305,2017-172950478,2,False,4313,10/22/2017 1:00:00 PM,1300,L1,1368,4313,San Jose,43,True,True,C,REAR END,,Sunday,,,,,False,False,True,,E,PARKED MOTOR VEHICLE,,3,0,CLEAR,, NO UNUSUAL CONDITIONS - NO UNUSUAL CONDITIONS,, ,A,DAYLIGHT,,,,,,,,,,A,22350,,1.0,S 7TH ST,WESTE,,,A,,,PHELAN AV,,,D,8/6/2024 9:01:01 AM,2/7/2025 2:32:01 PM,,,2,,,,,,,
3694301,2017-172910928,2,False,4313,10/18/2017 8:54:00 PM,2054,R5,1368,4313,San Jose,43,True,True,B,SIDE SWIPE,,Wednesday,,,,,False,False,True,,C,OTHER MOTOR VEHICLE,,1,0,CLEAR,, NO UNUSUAL CONDITIONS - NO UNUSUAL CONDITIONS,, ,C,DARK-STREET LIGHTS,,,,,,,A,NO PEDESTRIANS INVOLVED,,A,21658A,,1.0,BERRYESSA RD,ROBER,,,A,,,PEPPER RD,,,D,8/6/2024 9:01:01 AM,2/7/2025 2:32:01 PM,,,2,,,,,,,