Collision Id,	Report Number,	Report Version,	Is Preliminary,	NCIC Code,Crash Date Time,	Crash Time Description,	Beat,City Id,	City Code,	City Name,County Code,	City Is Active,	City Is Incorporated,	Collision Type Code,Collision Type Description,	Collision Type Other Desc,	Day Of Week,	DispatchNotified,	HasPhotographs,	HitRun,	IsAttachmentsMailed,	IsDeleted,	IsHighwayRelated,	IsTowAway,	JudicialDistrict,	MotorVehicleInvolvedWithCode,	MotorVehicleInvolvedWithDesc,MotorVehicleInvolvedWithOtherDesc,	NumberInjured,	NumberKilled,Weather 1, Weather 2, Road Condition 1, Road Condition 2, Special Condition,LightingCode, LightingDescription,Latitude,Longitude,MilepostDirection,MilepostDistance,MilepostMarker,MilepostUnitOfMeasure,	PedestrianActionCode,PedestrianActionDesc,PreparedDate,	Primary Collision Factor Code,Primary Collision Factor Violation,PrimaryCollisionFactorIsCited,	PrimaryCollisionPartyNumber,	PrimaryRoad,	ReportingDistrict,	ReportingDistrictCode,ReviewedDate,	RoadwaySurfaceCode,SecondaryDirection,	SecondaryDistance,	SecondaryRoad,	SecondaryUnitOfMeasure,	SketchDesc,	TrafficControlDeviceCode,CreatedDate,	ModifiedDate,IsCountyRoad,IsFreeway,CHP555Version,	IsAdditonalObjectStruck,NotificationDate,	NotificationTimeDescription,	HasDigitalMediaFiles,	EvidenceNumber,	IsLocationReferToNarrative,	IsAOIOneSameAsLocation
3705000,2017-173040357,2,False,4313,10/31/2017 11:02:00 AM,1102,R1,1368,4313,San Jose,43,True,True,A,HEAD-ON,,Tuesday,,,,,False,False,False,,E,PARKED MOTOR VEHICLE,,1,0,CLEAR,, NO UNUSUAL CONDITIONS - NO UNUSUAL CONDITIONS,, ,A,DAYLIGHT,37.21351,-121.52429,,,,,A,NO PEDESTRIANS INVOLVED,,A,22350,,1.0,E TAYLOR ST,CENTR,,,A,,,N 23RD ST,,,D,8/6/2024 9:11:12 AM,2/7/2025 2:44:01 PM,,,2,,,,,,,
3704996,2017-173020790,2,False,4313,10/29/2017 6:47:00 PM,1847,E2,1368,4313,San Jose,43,True,True,,,,Sunday,,,,,False,False,False,,B,PEDESTRIAN,,1,0,CLEAR,, NO UNUSUAL CONDITIONS - NO UNUSUAL CONDITIONS,, ,C,DARK-STREET LIGHTS,37.20102,-121.53259,,,,,D,CROSSING - NOT IN CROSSWALK,,A,21955,,1.0,N 1ST ST,CENTR,,,A,N,21.0,E SANTA CLARA ST,F,,A,8/6/2024 9:11:12 AM,2/7/2025 2:44:00 PM,,,2,,,,,,,
3704991,2017-172990620,2,False,4313,10/26/2017 4:16:00 PM,1616,T1,1368,4313,San Jose,43,True,True,,,,Thursday,,,,,False,False,False,,B,PEDESTRIAN,,1,0,CLEAR,, NO UNUSUAL CONDITIONS - NO UNUSUAL CONDITIONS,, ,A,DAYLIGHT,37.16235,-121.55532,,,,,B,CROSSING IN CROSS WALK AT INTERSECTION,,A,21950A,,1.0,UNION AV,DT,,,A,,,FOXWORTHY AV,,,A,8/6/2024 9:11:11 AM,2/7/2025 2:44:00 PM,,,2,,,,,,,
3704988,2017-173010855,2,False,4313,10/28/2017 7:18:00 PM,1918,M1,1368,4313,San Jose,43,True,True,G,VEHICLE/PEDESTRAIN,,Saturday,,,,,False,False,False,,B,PEDESTRIAN,,1,0,CLEAR,, NO UNUSUAL CONDITIONS - NO UNUSUAL CONDITIONS,, ,C,DARK-STREET LIGHTS,37.2155,-121.51029,,,,,D,CROSSING - NOT IN CROSSWALK,,A,21945A,,1.0,MCKEE RD,FOOTH,,,A,,,N JACKSON AV,,,A,8/6/2024 9:11:11 AM,2/7/2025 2:44:00 PM,,,2,,,,,,,
3704984,2017-173010143,2,False,4313,10/28/2017 2:15:00 AM,215,C5,1368,4313,San Jose,43,True,True,A,HEAD-ON,,Saturday,,,,,False,False,True,,I,FIXED OBJECT,,2,0,CLEAR,, NO UNUSUAL CONDITIONS - NO UNUSUAL CONDITIONS,, ,C,DARK-STREET LIGHTS,37.20267,-121.49121,,,,,A,NO PEDESTRIANS INVOLVED,,A,22350A,,1.0,E CAPITOL EXPWY,DC,,,A,,,OCALA AV,,,B,8/6/2024 9:11:11 AM,2/7/2025 2:44:00 PM,,,2,,,,,,,
3704980,2017-172990841,2,False,4313,10/26/2017 7:45:00 PM,1945,A5,1368,4313,San Jose,43,True,True,A,HEAD-ON,,Thursday,,,,,False,False,False,,E,PARKED MOTOR VEHICLE,,1,0,CLEAR,, NO UNUSUAL CONDITIONS - NO UNUSUAL CONDITIONS,, ,C,DARK-STREET LIGHTS,37.12426,-121.52316,,,,,A,NO PEDESTRIANS INVOLVED,,A,22107,,1.0,LEYLAND PARK DR,DA,,,A,,,LEYLAND PARK DR 6690,,,A,8/6/2024 9:11:10 AM,2/7/2025 2:43:59 PM,,,2,,,,,,,
3703616,2017-172990628,2,False,4313,10/26/2017 4:22:00 PM,1622,C5,1368,4313,San Jose,43,True,True,D,BROADSIDE,,Thursday,,,,,False,False,False,,C,OTHER MOTOR VEHICLE,,1,0,CLEAR,, NO UNUSUAL CONDITIONS - NO UNUSUAL CONDITIONS,, ,A,DAYLIGHT,37.2139,-121.48522,,,,,A,NO PEDESTRIANS INVOLVED,,A,22450A,,1.0,SOUTH WHITE RD,FOOTH,,,A,,,MARKINGDON AV,,,D,8/6/2024 9:09:43 AM,2/7/2025 2:42:24 PM,,,2,,,,,,,
3703612,2017-172990824,2,False,4313,10/26/2017 7:19:00 PM,1919,R3,1368,4313,San Jose,43,True,True,A,HEAD-ON,,Thursday,,,,,False,False,False,,G,BICYCLE,,1,0,CLEAR,, NO UNUSUAL CONDITIONS - NO UNUSUAL CONDITIONS,, ,C,DARK-STREET LIGHTS,,,,,,,A,NO PEDESTRIANS INVOLVED,,A,21202A,,1.0,EAST BROKAW RD,CENTR,,,A,E,400.0,BERING DR,F,,D,8/6/2024 9:09:43 AM,2/7/2025 2:42:23 PM,,,2,,,,,,,
3703023,2017-172990405,2,False,4313,10/26/2017 12:14:00 PM,1214,P4,1368,4313,San Jose,43,True,True,A,HEAD-ON,,Thursday,,,,,False,False,True,,C,OTHER MOTOR VEHICLE,,3,0,CLEAR,, NO UNUSUAL CONDITIONS - NO UNUSUAL CONDITIONS,, ,A,DAYLIGHT,,,,,,,A,NO PEDESTRIANS INVOLVED,,A,21651A,,1.0,ABORN RD,FOOTH,,,A,,,SOUTH WHITE RD,,,A,8/6/2024 9:09:11 AM,2/7/2025 2:41:44 PM,,,2,,,,,,,
3703014,2017-172990840,2,False,4313,10/26/2017 7:43:00 PM,1943,T5,1368,4313,San Jose,43,True,True,,,,Thursday,,,,,False,False,True,,C,OTHER MOTOR VEHICLE,,1,0,CLEAR,, NO UNUSUAL CONDITIONS - NO UNUSUAL CONDITIONS,, ,C,DARK-STREET LIGHTS,,,,,,,,,,A,21651,,1.0,MERIDIAN AV,DISTR,,,A,,,BRANHAM LN,,,A,8/6/2024 9:09:11 AM,2/7/2025 2:41:44 PM,,,2,,,,,,,
3703011,2017-172990049,2,False,4313,10/26/2017 1:00:00 AM,100,3,1368,4313,San Jose,43,True,True,,,,Thursday,,,,,False,False,True,,C,OTHER MOTOR VEHICLE,,2,0,CLEAR,, NO UNUSUAL CONDITIONS - NO UNUSUAL CONDITIONS,, ,C,DARK-STREET LIGHTS,37.20283,-121.52478,,,,,,,,A,21453A,,1.0,NORTH 11TH ST,KING,,,A,,,EAST SANTA CLARA ST,,,A,8/6/2024 9:09:10 AM,2/7/2025 2:41:44 PM,,,2,,,,,,,
3703009,2017-172980924,2,False,4313,10/25/2017 7:18:00 PM,1918,R3,1368,4313,San Jose,43,True,True,D,BROADSIDE,,Wednesday,,,,,False,False,False,,G,BICYCLE,,1,0,CLEAR,, NO UNUSUAL CONDITIONS - NO UNUSUAL CONDITIONS,, ,C,DARK-STREET LIGHTS,34.22285,-119.21566,,,,,A,NO PEDESTRIANS INVOLVED,,A,21451A,,1.0,NORTH 1ST ST,CENTR,,,A,,,EAST BROKAW RD,,,A,8/6/2024 9:09:10 AM,2/7/2025 2:41:43 PM,,,2,,,,,,,
3703002,2017-172890766,2,False,4313,10/16/2017 6:06:00 PM,1806,F1,1368,4313,San Jose,43,True,True,,,,Monday,,,,,False,False,True,,C,OTHER MOTOR VEHICLE,,1,0,CLEAR,, NO UNUSUAL CONDITIONS - NO UNUSUAL CONDITIONS,, ,A,DAYLIGHT,37.18416,-121.57009,,,,,A,NO PEDESTRIANS INVOLVED,,A,21802A,,1.0,NEAL AV,FRANK,,,A,,,SOUTH WINCHESTER BL,,,A,8/6/2024 9:09:10 AM,2/7/2025 2:41:43 PM,,,2,,,,,,,
3703000,2017-172990631,2,False,4313,10/26/2017 4:25:00 PM,1625,R1,1368,4313,San Jose,43,True,True,D,BROADSIDE,,Thursday,,,,,False,False,False,,C,OTHER MOTOR VEHICLE,,1,0,CLEAR,, NO UNUSUAL CONDITIONS - NO UNUSUAL CONDITIONS,, ,A,DAYLIGHT,,,,,,,A,NO PEDESTRIANS INVOLVED,,A,21804A,,1.0,GOLD ST,CENTA,,,A,S,15.0,CITY POLE #5G40,F,,D,8/6/2024 9:09:10 AM,2/7/2025 2:41:43 PM,,,2,,,,,,,
3702961,2017-172980809,2,False,4313,10/25/2017 5:37:00 PM,1737,S3,1368,4313,San Jose,43,True,True,C,REAR END,,Wednesday,,,,,False,False,False,,C,OTHER MOTOR VEHICLE,,1,0,CLEAR,, NO UNUSUAL CONDITIONS - NO UNUSUAL CONDITIONS,, ,A,DAYLIGHT,,,,,,,A,NO PEDESTRIANS INVOLVED,,A,22350,,1.0,WILLOW ST,DS,,,B,,,BIRD AV,,,A,8/6/2024 9:09:07 AM,2/7/2025 2:41:40 PM,,,2,,,,,,,
3702957,2017-172910633,2,False,4313,10/18/2017 4:07:00 PM,1607,X1,1368,4313,San Jose,43,True,True,D,BROADSIDE,,Wednesday,,,,,False,False,False,,C,OTHER MOTOR VEHICLE,,2,0,CLEAR,, NO UNUSUAL CONDITIONS - NO UNUSUAL CONDITIONS,, ,A,DAYLIGHT,,,,,,,A,NO PEDESTRIANS INVOLVED,,A,21801A,,1.0,HILLSDALE AV,4313,,,A,,,WOODMERE DR,,,D,8/6/2024 9:09:07 AM,2/7/2025 2:41:40 PM,,,2,,,,,,,
3702954,2017-173040536,2,False,4313,10/31/2017 1:09:00 PM,1309,P2,1368,4313,San Jose,43,True,True,A,HEAD-ON,,Tuesday,,,F,,False,False,True,,C,OTHER MOTOR VEHICLE,,1,0,CLEAR,, NO UNUSUAL CONDITIONS - NO UNUSUAL CONDITIONS,, ,A,DAYLIGHT,37.19299,-121.46556,,,,,A,NO PEDESTRIANS INVOLVED,,A,21453C,,1.0,QUIMBY RD,FOOTH,,,A,,,RUBY AV,,,A,8/6/2024 9:09:07 AM,2/7/2025 2:41:39 PM,,,2,,,,,,,
3702950,2017-172980157,2,False,4313,10/25/2017 7:05:00 AM,705,C6,1368,4313,San Jose,43,True,True,B,SIDE SWIPE,,Wednesday,,,F,,False,False,True,,C,OTHER MOTOR VEHICLE,,1,0,CLEAR,, NO UNUSUAL CONDITIONS - NO UNUSUAL CONDITIONS,, ,A,DAYLIGHT,37.20442,-121.48338,,,,,A,NO PEDESTRIANS INVOLVED,,A,20001,,1.0,S WHITE RD,FOOTH,,,A,,,MARTEN AV,,,A,8/6/2024 9:09:07 AM,2/7/2025 2:41:39 PM,,,2,,,,,,,
3702947,2017-173010260,2,False,4313,10/28/2017 7:25:00 AM,725,P5,1368,4313,San Jose,43,True,True,G,VEHICLE/PEDESTRAIN,,Saturday,,,,,False,False,False,,B,PEDESTRIAN,,1,0,CLEAR,, NO UNUSUAL CONDITIONS - NO UNUSUAL CONDITIONS,, ,A,DAYLIGHT,,,,,,,B,CROSSING IN CROSS WALK AT INTERSECTION,,A,21950A,,1.0,QUIMBY RD,PAUL,,,A,,,REMINGTON WY,,,A,8/6/2024 9:09:06 AM,2/7/2025 2:41:39 PM,,,2,,,,,,,
3702942,2017-172990681,2,False,4313,10/26/2017 5:11:00 PM,1711,M4,1368,4313,San Jose,43,True,True,G,VEHICLE/PEDESTRAIN,,Thursday,,,,,False,False,False,,B,PEDESTRIAN,,1,0,CLEAR,, NO UNUSUAL CONDITIONS - NO UNUSUAL CONDITIONS,, ,A,DAYLIGHT,,,,,,,B,CROSSING IN CROSS WALK AT INTERSECTION,,A,21950A,,1.0,S KING RD,FOOTH,,,A,,,KAMMERER AV,,,A,8/6/2024 9:09:06 AM,2/7/2025 2:41:39 PM,,,2,,,,,,,
3702938,2017-172990178,2,False,4313,10/26/2017 7:58:00 AM,758,A1,1368,4313,San Jose,43,True,True,D,BROADSIDE,,Thursday,,,,,False,False,True,,C,OTHER MOTOR VEHICLE,,1,0,CLEAR,, NO UNUSUAL CONDITIONS - NO UNUSUAL CONDITIONS,, ,A,DAYLIGHT,37.1523,-121.56182,,,,,A,NO PEDESTRIANS INVOLVED,,A,21801A,,1.0,SAMARITAN DR,WESTE,,,A,,,COOPER AV,,,D,8/6/2024 9:09:06 AM,2/7/2025 2:41:39 PM,,,2,,,,,,,
3702934,2017-173000070,2,False,4313,10/27/2017 2:02:00 AM,202,C5,1368,4313,San Jose,43,True,True,C,REAR END,,Friday,,,,,False,False,True,,E,PARKED MOTOR VEHICLE,,1,0,CLEAR,, NO UNUSUAL CONDITIONS - NO UNUSUAL CONDITIONS,, ,C,DARK-STREET LIGHTS,,,,,,,A,NO PEDESTRIANS INVOLVED,,A,22107,,1.0,OCALA AV,DC,,,A,,,PARKDALE WY,,,D,8/6/2024 9:09:06 AM,2/7/2025 2:41:38 PM,,,2,,,,,,,
3702930,2017-173000629,2,False,4313,10/27/2017 3:38:00 PM,1538,F5,1368,4313,San Jose,43,True,True,D,BROADSIDE,,Friday,,,,,False,False,True,,C,OTHER MOTOR VEHICLE,,2,0,CLEAR,, NO UNUSUAL CONDITIONS - NO UNUSUAL CONDITIONS,, ,A,DAYLIGHT,,,,,,,A,NO PEDESTRIANS INVOLVED,,A,21801A,,1.0,S BASCOM AV,DF,,,A,,,ELLIOTT ST,,,A,8/6/2024 9:09:05 AM,2/7/2025 2:41:38 PM,,,2,,,,,,,
3702198,2017-172701084,2,False,4313,9/27/2017 9:40:00 PM,2140,E1,1368,4313,San Jose,43,True,True,G,VEHICLE/PEDESTRAIN,,Wednesday,,,,,False,False,True,,B,PEDESTRIAN,,1,0,CLEAR,, NO UNUSUAL CONDITIONS - NO UNUSUAL CONDITIONS,, ,C,DARK-STREET LIGHTS,,,,,,,,,,A,21954A,,1.0,W SANTA CLARA ST,,,,A,W,250.0,DELMAS AV,F,,D,8/6/2024 9:08:22 AM,2/7/2025 2:40:49 PM,,,2,,,,,,,
3702186,2017*-17280208,2,False,4313,10/11/2017 8:30:00 AM,830,S1,1368,4313,San Jose,43,True,True,C,REAR END,,Wednesday,,,,,False,False,True,,C,OTHER MOTOR VEHICLE,,1,0,CLEAR,, NO UNUSUAL CONDITIONS - NO UNUSUAL CONDITIONS,, ,A,DAYLIGHT,37.17521,-121.55538,,,,,,,,A,22350,,1.0,S BASCOM AV,SAM,,,A,,,SOUTHWEST EXPWY,,,A,8/6/2024 9:08:22 AM,2/7/2025 2:40:49 PM,,,2,,,,,,,
3702060,2017-173040947,2,False,4313,10/31/2017 8:53:00 PM,2053,S6,1368,4313,San Jose,43,True,True,G,VEHICLE/PEDESTRAIN,,Tuesday,,,,,False,False,False,,B,PEDESTRIAN,,0,1,CLEAR,, NO UNUSUAL CONDITIONS - NO UNUSUAL CONDITIONS,, ,C,DARK-STREET LIGHTS,,,,,,,E,IN ROAD - INCLUDES SHOULDER,,A,21956A,,1.0,MONTEREY RD,DS,,,A,N,126.0,SAN JOSE AV,F,,A,8/6/2024 9:08:14 AM,2/7/2025 2:40:41 PM,,,2,,,,,,,
3701352,2017-173100682,2,False,4313,11/6/2017 8:14:00 PM,2014,R3,1368,4313,San Jose,43,True,True,C,REAR END,,Monday,,,,,False,False,False,,C,OTHER MOTOR VEHICLE,,1,0,CLEAR,, ,, ,B,DUSK-DAWN,37.22385,-121.54472,,,,,A,NO PEDESTRIANS INVOLVED,,A,22350,,1.0,E BROKAW RD,CENTR,,,A,,,ZANKER RD,,,A,8/6/2024 9:07:32 AM,2/7/2025 2:39:55 PM,,,2,,,,,,,
3701347,2017-17310772,2,False,4313,11/7/2017 6:14:00 PM,1814,W1,1368,4313,San Jose,43,True,True,G,VEHICLE/PEDESTRAIN,,Tuesday,,,,,False,False,False,,B,PEDESTRIAN,,1,0,CLEAR,, NO UNUSUAL CONDITIONS - NO UNUSUAL CONDITIONS,, ,C,DARK-STREET LIGHTS,37.2413,-121.51357,,,,,B,CROSSING IN CROSS WALK AT INTERSECTION,,A,21950A,,1.0,HOSTETTER RD,FOOTH,,,A,,,WALKINGSHAW WY,,,D,8/6/2024 9:07:31 AM,2/7/2025 2:39:55 PM,,,2,,,,,,,
3701344,2017-173120403,2,False,4313,11/8/2017 10:52:00 AM,1052,F2,1368,4313,San Jose,43,True,True,D,BROADSIDE,,Wednesday,,,,,False,False,False,,C,OTHER MOTOR VEHICLE,,1,0,CLOUDY,, NO UNUSUAL CONDITIONS - NO UNUSUAL CONDITIONS,, ,A,DAYLIGHT,34.1929,-119.23302,,,,,A,NO PEDESTRIANS INVOLVED,,A,22100B,,1.0,STEVENS CREEK BL,WESTE,,,A,,,MONROE EAST OF FOREST,,,D,8/6/2024 9:07:31 AM,2/7/2025 2:39:54 PM,,,2,,,,,,,
3701340,2017-173120587,2,False,4313,11/8/2017 1:53:00 PM,1353,T5,1368,4313,San Jose,43,True,True,E,HIT OBJECT,,Wednesday,,,,,False,False,True,,I,FIXED OBJECT,,2,0,CLEAR,, NO UNUSUAL CONDITIONS - NO UNUSUAL CONDITIONS,, ,A,DAYLIGHT,37.16616,-121.52431,,,,,A,NO PEDESTRIANS INVOLVED,,A,22350,,1.0,ALMADEN EXPWY,TOM,,,A,S,160.0,BRYAN AV,F,,D,8/6/2024 9:07:31 AM,2/7/2025 2:39:54 PM,,,2,,,,,,,
3701336,2017-173130591,2,False,4313,11/9/2017 3:08:00 PM,1508,N6,1368,4313,San Jose,43,True,True,D,BROADSIDE,,Thursday,,,,,False,False,True,,C,OTHER MOTOR VEHICLE,,1,0,CLEAR,, NO UNUSUAL CONDITIONS - NO UNUSUAL CONDITIONS,, ,A,DAYLIGHT,37.17552,-121.59251,,,,,A,NO PEDESTRIANS INVOLVED,,A,22350,,1.0,LATIMER AV,WESTE,,,A,,,SARATOGA AV,,,D,8/6/2024 9:07:31 AM,2/7/2025 2:39:54 PM,,,2,,,,,,,
3701328,2017-173130236,2,False,4313,11/9/2017 8:45:00 AM,845,P-1,1368,4313,San Jose,43,True,True,B,SIDE SWIPE,,Thursday,,,,,False,False,True,,C,OTHER MOTOR VEHICLE,,1,0,SNOWING,, NO UNUSUAL CONDITIONS - NO UNUSUAL CONDITIONS,, ,A,DAYLIGHT,37.19149,-121.49277,,,,,A,NO PEDESTRIANS INVOLVED,,A,22107,,1.0,S KING RD,FOOTH,,,B,,,BURDETTE DR,,,A,8/6/2024 9:07:30 AM,2/7/2025 2:39:53 PM,,,2,,,,,,,
3701325,2017-173160416,2,False,4313,11/12/2017 12:47:00 PM,1247,V3,1368,4313,San Jose,43,True,True,G,VEHICLE/PEDESTRAIN,,Sunday,,,F,,False,False,False,,B,PEDESTRIAN,,1,0,CLEAR,, NO UNUSUAL CONDITIONS - NO UNUSUAL CONDITIONS,, ,A,DAYLIGHT,37.20486,-121.53334,,,,,B,CROSSING IN CROSS WALK AT INTERSECTION,,A,20001,,1.0,N 5TH ST,CENTR,,,A,,,E EMPIRE ST,,,D,8/6/2024 9:07:30 AM,2/7/2025 2:39:53 PM,,,2,,,,,,,
3701323,2017-173140189,2,False,4313,11/10/2017 7:50:00 AM,750,S1,1368,4313,San Jose,43,True,True,,,,Friday,,,,,False,False,False,,C,OTHER MOTOR VEHICLE,,1,0,CLOUDY,, NO UNUSUAL CONDITIONS - NO UNUSUAL CONDITIONS,, ,A,DAYLIGHT,,,,,,,A,NO PEDESTRIANS INVOLVED,,C,,,,NEVIN WY,WESTE,,,A,,,KINGMAN AV,,,D,8/6/2024 9:07:30 AM,2/7/2025 2:39:53 PM,,,2,,,,,,,
3701321,2017-173170337,2,False,4313,11/13/2017 11:00:00 AM,1100,R4,1368,4313,San Jose,43,True,True,H,OTHER,,Monday,,,,,False,False,True,,C,OTHER MOTOR VEHICLE,,1,0,CLEAR,, NO UNUSUAL CONDITIONS - NO UNUSUAL CONDITIONS,, ,A,DAYLIGHT,37.22264,-121.53316,,,,,A,NO PEDESTRIANS INVOLVED,,A,22106,,1.0,OAKLAND RD,CENTR,,,A,,,CHARLES ST,,,D,8/6/2024 9:07:30 AM,2/7/2025 2:39:53 PM,,,2,,,,,,,
3701320,2017-173090721,2,False,4313,11/5/2017 5:40:00 PM,1740,S4,1368,4313,San Jose,43,True,True,G,VEHICLE/PEDESTRAIN,,Sunday,,,,,False,False,False,,B,PEDESTRIAN,,1,0,CLOUDY,, NO UNUSUAL CONDITIONS - NO UNUSUAL CONDITIONS,, ,C,DARK-STREET LIGHTS,37.18331,-121.53116,,,,,B,CROSSING IN CROSS WALK AT INTERSECTION,,A,21950A,,1.0,W ALMA AV,WESTE,,,A,,,BELMONT WY,,,D,8/6/2024 9:07:30 AM,2/7/2025 2:39:53 PM,,,2,,,,,,,
3701317,2017-173180534,2,False,4313,11/14/2017 1:42:00 PM,1342,X2,1368,4313,San Jose,43,True,True,B,SIDE SWIPE,,Tuesday,,,F,,False,False,True,,C,OTHER MOTOR VEHICLE,,1,0,CLEAR,, NO UNUSUAL CONDITIONS - NO UNUSUAL CONDITIONS,, ,A,DAYLIGHT,37.17364,-121.49594,,,,,A,NO PEDESTRIANS INVOLVED,,A,22107,,1.0,E CAPITOL EXPWY,DX,,,A,W,145.0,SENTER RD,F,,A,8/6/2024 9:07:30 AM,2/7/2025 2:39:53 PM,,,2,,,,,,,
3701316,2017-173140140,2,False,4313,11/10/2017 6:26:00 AM,626,L4,1368,4313,San Jose,43,True,True,C,REAR END,,Friday,,,,,False,False,True,,C,OTHER MOTOR VEHICLE,,2,0,CLEAR,, NO UNUSUAL CONDITIONS - NO UNUSUAL CONDITIONS,, ,B,DUSK-DAWN,37.18267,-121.51297,,,,,A,NO PEDESTRIANS INVOLVED,,A,22350,,1.0,MONTEREY RD,WEATE,,,A,S,51.0,LIGHT POLE #14 N 166,F,,D,8/6/2024 9:07:30 AM,2/7/2025 2:39:53 PM,,,2,,,,,,,
3701313,2017-173140453,2,False,4313,11/10/2017 12:42:00 PM,1242,Y3,1368,4313,San Jose,43,True,True,G,VEHICLE/PEDESTRAIN,,Friday,,,F,,False,False,False,,B,PEDESTRIAN,,1,0,CLOUDY,, NO UNUSUAL CONDITIONS - NO UNUSUAL CONDITIONS,, ,A,DAYLIGHT,34.15095,-119.15548,,,,,E,IN ROAD - INCLUDES SHOULDER,,D,,,,BLOSSOM HILL RD,DY,,,B,,,BLOSSOM HILL RD 212,,,D,8/6/2024 9:07:29 AM,2/7/2025 2:39:52 PM,,,2,,,,,,,
3701312,2017-173120505,2,False,4313,11/8/2017 1:28:00 PM,1328,T1,1368,4313,San Jose,43,True,True,,,,Wednesday,,,,,False,False,True,,C,OTHER MOTOR VEHICLE,,1,0,CLEAR,, NO UNUSUAL CONDITIONS - NO UNUSUAL CONDITIONS,, ,A,DAYLIGHT,37.15283,-121.56546,,,,,A,NO PEDESTRIANS INVOLVED,,A,21453A,,1.0,S BASCOM AV,SOUTH,,,A,,,WHITE OAKS AV,,,,8/6/2024 9:07:29 AM,2/7/2025 2:39:52 PM,,,2,,,,,,,
3701311,2017-173070604,2,False,4313,11/3/2017 3:29:00 PM,1529,Y5,1368,4313,San Jose,43,True,True,B,SIDE SWIPE,,Friday,,,,,False,False,True,,C,OTHER MOTOR VEHICLE,,2,0,CLOUDY,, NO UNUSUAL CONDITIONS - NO UNUSUAL CONDITIONS,, ,A,DAYLIGHT,,,,,,,A,NO PEDESTRIANS INVOLVED,,A,22350,,1.0,MONTEREY RD,SOUTH,,,B,N,1000.0,BAILEY AV,F,,D,8/6/2024 9:07:29 AM,2/7/2025 2:39:52 PM,,,2,,,,,,,
3701309,2017-173151046,2,False,4313,11/11/2017 11:33:00 PM,2333,T5,1368,4313,San Jose,43,True,True,C,REAR END,,Saturday,,,,,False,False,True,,E,PARKED MOTOR VEHICLE,,1,0,CLEAR,, NO UNUSUAL CONDITIONS - NO UNUSUAL CONDITIONS,, ,C,DARK-STREET LIGHTS,,,,,,,A,NO PEDESTRIANS INVOLVED,,A,23152,,1.0,CAPITOL EXPWY,SOUTH,,,A,,,OLD ALMADEN RD,,,A,8/6/2024 9:07:29 AM,2/7/2025 2:39:52 PM,,,2,,,,,,,
3701305,2017-173070312,2,False,4313,11/3/2017 10:24:00 AM,1024,M3,1368,4313,San Jose,43,True,True,E,HIT OBJECT,,Friday,,,,,False,False,True,,I,FIXED OBJECT,,0,0,CLEAR,CLOUDY, NO UNUSUAL CONDITIONS - NO UNUSUAL CONDITIONS,, ,A,DAYLIGHT,37.21234,-121.51915,,,,,A,NO PEDESTRIANS INVOLVED,,A,22350,,1.0,CHECKERS DR,FOOTH,,,A,,,PERRONE CIR,,,D,8/6/2024 9:07:29 AM,2/7/2025 2:39:52 PM,,,2,,,,,,,
3701304,2017-173090747,2,False,4313,11/5/2017 6:03:00 PM,1803,L6,1368,4313,San Jose,43,True,True,C,REAR END,,Sunday,,,,,False,False,True,,C,OTHER MOTOR VEHICLE,,1,0,CLEAR,, NO UNUSUAL CONDITIONS - NO UNUSUAL CONDITIONS,, ,C,DARK-STREET LIGHTS,,,,,,,A,NO PEDESTRIANS INVOLVED,,A,21703,,1.0,TULLY RD,WESTE,,,A,W,300.0,RT 101,F,,A,8/6/2024 9:07:29 AM,2/7/2025 2:39:52 PM,,,2,,,,,,,
3701301,2017-173121039,2,False,4313,11/8/2017 9:43:00 PM,2143,E4,1368,4313,San Jose,43,True,True,,,,Wednesday,,,,,False,False,True,,C,OTHER MOTOR VEHICLE,,3,0,RAINING,, NO UNUSUAL CONDITIONS - NO UNUSUAL CONDITIONS,, ,C,DARK-STREET LIGHTS,37.19375,-121.53157,,,,,A,NO PEDESTRIANS INVOLVED,,A,22350,,1.0,S MARKET ST,CENTR,,,B,,,E REED ST,,,A,8/6/2024 9:07:29 AM,2/7/2025 2:39:52 PM,,,2,,,,,,,
3701289,2017-173140880,2,False,4313,11/10/2017 9:07:00 PM,2107,S1,1368,4313,San Jose,43,True,True,C,REAR END,,Friday,,,,,False,False,True,,C,OTHER MOTOR VEHICLE,,2,0,CLEAR,, NO UNUSUAL CONDITIONS - NO UNUSUAL CONDITIONS,, ,C,DARK-STREET LIGHTS,34.18432,-119.21542,,,,,A,NO PEDESTRIANS INVOLVED,,A,22350,,1.0,SOUTHWEST EXPWY,WESTE,,,B,,,FRUITDALE AV,,,A,8/6/2024 9:07:28 AM,2/7/2025 2:39:51 PM,,,2,,,,,,,
3701285,2017-173151074,2,False,4313,11/11/2017 11:50:00 PM,2350,C2,1368,4313,San Jose,43,True,True,C,REAR END,,Saturday,,,,,False,False,False,,C,OTHER MOTOR VEHICLE,,1,0,CLEAR,, NO UNUSUAL CONDITIONS - NO UNUSUAL CONDITIONS,, ,C,DARK-STREET LIGHTS,37.19912,-121.495,,,,,A,NO PEDESTRIANS INVOLVED,,A,22350,,1.0,TULLY RD,CHARL,,,A,,,RT 101,,,A,8/6/2024 9:07:28 AM,2/7/2025 2:39:51 PM,,,2,,,,,,,
3701281,2017-173160813,2,False,4313,11/12/2017 8:27:00 PM,2027,YE,1368,4313,San Jose,43,True,True,E,HIT OBJECT,,Sunday,,,,,False,False,False,,G,BICYCLE,,1,0,CLEAR,, NO UNUSUAL CONDITIONS - NO UNUSUAL CONDITIONS,, ,C,DARK-STREET LIGHTS,37.14197,-121.49502,,,,,E,IN ROAD - INCLUDES SHOULDER,,A,21954A,,1.0,SNELL AV,SOUTH,,,A,N,132.0,TUSCARORA DR,F,,,8/6/2024 9:07:27 AM,2/7/2025 2:39:51 PM,,,2,,,,,,,